first_name,last_name,party,constituency,id,source,sort_name,term,image,name,party_id
Pearse,Doherty,Sinn Féin,Donegal,102,http://www.kildarestreet.com/td/pearse_doherty/donegal,"Doherty, Pearse",32,https://www.kildarestreet.com/images/mpsL/102.jpg,Pearse Doherty,SF
Timmy,Dooley,Fianna Fáil,Clare,103,http://www.kildarestreet.com/td/timmy_dooley/clare,"Dooley, Timmy",32,https://www.kildarestreet.com/images/mpsL/103.jpg,Timmy Dooley,FF
Damien,English,Fine Gael,Meath West,106,http://www.kildarestreet.com/td/damien_english/meath_west,"English, Damien",32,https://www.kildarestreet.com/images/mpsL/106.jpg,Damien English,FG
Martin,Ferris,Sinn Féin,Kerry,111,http://www.kildarestreet.com/td/martin_ferris/kerry,"Ferris, Martin",32,https://www.kildarestreet.com/images/mpsL/111.jpg,Martin Ferris,SF
Frances,Fitzgerald,Fine Gael,Dublin Mid West,114,http://www.kildarestreet.com/td/frances_fitzgerald/dublin_mid_west,"Fitzgerald, Frances",32,https://www.kildarestreet.com/images/mpsL/114.jpg,Frances Fitzgerald,FG
Charles,Flanagan,Fine Gael,Laois,118,http://www.kildarestreet.com/td/charles_flanagan/laois,"Flanagan, Charles",32,https://www.kildarestreet.com/images/mpsL/118.jpg,Charles Flanagan,FG
Seán,Fleming,Fianna Fáil,Laois,120,http://www.kildarestreet.com/td/sean_fleming/laois,"Fleming, Seán",32,https://www.kildarestreet.com/images/mpsL/120.jpg,Seán Fleming,FF
Pat,Gallagher,Fianna Fáil,Donegal,122,http://www.kildarestreet.com/td/pat_gallagher/donegal,"Gallagher, Pat",32,https://www.kildarestreet.com/images/mpsL/122.jpg,Pat Gallagher,FF
Noel,Grealish,Independent,Galway West,128,http://www.kildarestreet.com/td/noel_grealish/galway_west,"Grealish, Noel",32,https://www.kildarestreet.com/images/mpsL/128.jpg,Noel Grealish,IND
Seán,Haughey,Fianna Fáil,Dublin Bay North,136,http://www.kildarestreet.com/td/sean_haughey/dublin_bay_north,"Haughey, Seán",32,https://www.kildarestreet.com/images/mpsL/136.jpg,Seán Haughey,FF
Bernard,Durkan,Fine Gael,Kildare North,14,http://www.kildarestreet.com/td/bernard_durkan/kildare_north,"Durkan, Bernard",32,https://www.kildarestreet.com/images/mpsL/14.jpg,Bernard Durkan,FG
Séamus,Healy,Workers and Unemployed Action Group,Tipperary,140,http://www.kildarestreet.com/td/seamus_healy/tipperary,"Healy, Séamus",32,https://www.kildarestreet.com/images/mpsL/140.png,Séamus Healy,WUA
Brendan,Howlin,Labour,Wexford,149,http://www.kildarestreet.com/td/brendan_howlin/wexford,"Howlin, Brendan",32,https://www.kildarestreet.com/images/mpsL/149.jpg,Brendan Howlin,LAB
Paul,Kehoe,Fine Gael,Wexford,152,http://www.kildarestreet.com/td/paul_kehoe/wexford,"Kehoe, Paul",32,https://www.kildarestreet.com/images/mpsL/152.jpg,Paul Kehoe,FG
Enda,Kenny,Fine Gael,Mayo,156,http://www.kildarestreet.com/td/enda_kenny/mayo,"Kenny, Enda",32,https://www.kildarestreet.com/images/mpsL/156.jpg,Enda Kenny,FG
Michael,Lowry,Independent,Tipperary,166,http://www.kildarestreet.com/td/michael_lowry/tipperary,"Lowry, Michael",32,https://www.kildarestreet.com/images/mpsL/166.jpg,Michael Lowry,IND
Kathleen,Lynch,Labour,Cork North Central,169,http://www.kildarestreet.com/td/kathleen_lynch/cork_north_central,"Lynch, Kathleen",32,https://www.kildarestreet.com/images/mpsL/169.jpg,Kathleen Lynch,LAB
Billy,Kelleher,Fianna Fáil,Cork North Central,17,http://www.kildarestreet.com/td/billy_kelleher/cork_north_central,"Kelleher, Billy",32,https://www.kildarestreet.com/images/mpsL/17.jpg,Billy Kelleher,FF
Marc,MacSharry,Fianna Fáil,Sligo-Leitrim,170,http://www.kildarestreet.com/td/marc_macsharry/sligo-leitrim,"MacSharry, Marc",32,https://www.kildarestreet.com/images/mpsL/170.jpg,Marc MacSharry,FF
Micheál,Martin,Fianna Fáil,Cork South Central,172,http://www.kildarestreet.com/td/micheal_martin/cork_south_central,"Martin, Micheál",32,https://www.kildarestreet.com/images/mpsL/172.jpg,Micheál Martin,FF
Finian,McGrath,Independent,Dublin Bay North,184,http://www.kildarestreet.com/td/finian_mcgrath/dublin_bay_north,"McGrath, Finian",32,https://www.kildarestreet.com/images/mpsL/184.jpg,Finian McGrath,IND
Mattie,McGrath,Independent,Tipperary,185,http://www.kildarestreet.com/td/mattie_mcgrath/tipperary,"McGrath, Mattie",32,https://www.kildarestreet.com/images/mpsL/185.jpg,Mattie McGrath,IND
Michael,McGrath,Fianna Fáil,Cork South Central,186,http://www.kildarestreet.com/td/michael_mcgrath/cork_south_central,"McGrath, Michael",32,https://www.kildarestreet.com/images/mpsL/186.jpg,Michael McGrath,FF
John,McGuinness,Fianna Fáil,Carlow-Kilkenny,188,http://www.kildarestreet.com/td/john_mcguinness/carlow-kilkenny,"McGuinness, John",32,https://www.kildarestreet.com/images/mpsL/188.jpg,John McGuinness,FF
Joe,McHugh,Fine Gael,Donegal,189,http://www.kildarestreet.com/td/joe_mchugh/donegal,"McHugh, Joe",32,https://www.kildarestreet.com/images/mpsL/189.jpg,Joe McHugh,FG
Bobby,Aylward,Fianna Fáil,Carlow-Kilkenny,19,http://www.kildarestreet.com/td/bobby_aylward/carlow-kilkenny,"Aylward, Bobby",32,https://www.kildarestreet.com/images/mpsL/19.jpg,Bobby Aylward,FF
Éamon,Ó Cuív,Fianna Fáil,Galway West,2,http://www.kildarestreet.com/td/eamon_o_cuiv/galway_west,"Ó Cuív, Éamon",32,https://www.kildarestreet.com/images/mpsL/2.jpg,Éamon Ó Cuív,FF
Caoimhghín,Ó Caoláin,Sinn Féin,Cavan-Monaghan,20,http://www.kildarestreet.com/td/caoimhghin_o_caolain/cavan-monaghan,"Ó Caoláin, Caoimhghín",32,https://www.kildarestreet.com/images/mpsL/20.jpg,Caoimhghín Ó Caoláin,SF
Michael,Moynihan,Fianna Fáil,Cork North West,200,http://www.kildarestreet.com/td/michael_moynihan/cork_north_west,"Moynihan, Michael",32,https://www.kildarestreet.com/images/mpsL/200.jpg,Michael Moynihan,FF
Catherine,Murphy,Social Democrats,Kildare North,204,http://www.kildarestreet.com/td/catherine_murphy/kildare_north,"Murphy, Catherine",32,https://www.kildarestreet.com/images/mpsL/204.jpg,Catherine Murphy,SD
Denis,Naughten,Independent,Roscommon-Galway,206,http://www.kildarestreet.com/td/denis_naughten/roscommon-galway,"Naughten, Denis",32,https://www.kildarestreet.com/images/mpsL/206.jpg,Denis Naughten,IND
Michael,Noonan,Fine Gael,Limerick City,209,http://www.kildarestreet.com/td/michael_noonan/limerick_city,"Noonan, Michael",32,https://www.kildarestreet.com/images/mpsL/209.jpg,Michael Noonan,FG
Seán,Ó Fearghaíl,Ceann Comhairle,Kildare South,21,http://www.kildarestreet.com/td/sean_o_fearghail/kildare_south,"Ó Fearghaíl, Seán",32,https://www.kildarestreet.com/images/mpsL/21.jpg,Seán Ó Fearghaíl,CC
Darragh,O'Brien,Fianna Fáil,Dublin Fingal,211,http://www.kildarestreet.com/td/darragh_o%27brien/dublin_fingal,"O'Brien, Darragh",32,https://www.kildarestreet.com/images/mpsL/211.jpg,Darragh O'Brien,FF
Willie,O'Dea,Fianna Fáil,Limerick City,214,http://www.kildarestreet.com/td/willie_o%27dea/limerick_city,"O'Dea, Willie",32,https://www.kildarestreet.com/images/mpsL/214.jpg,Willie O'Dea,FF
Fergus,O'Dowd,Fine Gael,Louth,219,http://www.kildarestreet.com/td/fergus_o%27dowd/louth,"O'Dowd, Fergus",32,https://www.kildarestreet.com/images/mpsL/219.jpg,Fergus O'Dowd,FG
Jan,O'Sullivan,Labour,Limerick City,233,http://www.kildarestreet.com/td/jan_o%27sullivan/limerick_city,"O'Sullivan, Jan",32,https://www.kildarestreet.com/images/mpsL/233.jpg,Jan O'Sullivan,LAB
Willie,Penrose,Labour,Longford-Westmeath,239,http://www.kildarestreet.com/td/willie_penrose/longford-westmeath,"Penrose, Willie",32,https://www.kildarestreet.com/images/mpsL/239.jpg,Willie Penrose,LAB
James,Reilly,Fine Gael,Dublin North,241,http://www.kildarestreet.com/td/james_reilly/dublin_north,"Reilly, James",32,https://www.kildarestreet.com/images/mpsL/241.jpg,James Reilly,FG
Michael,Ring,Fine Gael,Mayo,242,http://www.kildarestreet.com/td/michael_ring/mayo,"Ring, Michael",32,https://www.kildarestreet.com/images/mpsL/242.jpg,Michael Ring,FG
Shane,Ross,Independent,Dublin Rathdown,244,http://www.kildarestreet.com/td/shane_ross/dublin_rathdown,"Ross, Shane",32,https://www.kildarestreet.com/images/mpsL/244.jpg,Shane Ross,IND
Brendan ,Ryan,Labour,Dublin Fingal,245,http://www.kildarestreet.com/td/brendan__ryan/dublin_fingal,"Ryan, Brendan ",32,https://www.kildarestreet.com/images/mpsL/245.jpg,Brendan  Ryan,LAB
Eamon,Ryan,Green Party,Dublin Bay South,246,http://www.kildarestreet.com/td/eamon_ryan/dublin_bay_south,"Ryan, Eamon",32,https://www.kildarestreet.com/images/mpsL/246.jpg,Eamon Ryan,GRN
Eamon,Scanlon,Fianna Fáil,Sligo-Leitrim,251,http://www.kildarestreet.com/td/eamon_scanlon/sligo-leitrim,"Scanlon, Eamon",32,https://www.kildarestreet.com/images/mpsL/251.jpg,Eamon Scanlon,FF
Seán,Sherlock,Labour,Cork East,256,http://www.kildarestreet.com/td/sean_sherlock/cork_east,"Sherlock, Seán",32,https://www.kildarestreet.com/images/mpsL/256.jpg,Seán Sherlock,LAB
Róisín,Shortall,Social Democrats,Dublin North West,257,http://www.kildarestreet.com/td/roisin_shortall/dublin_north_west,"Shortall, Róisín",32,https://www.kildarestreet.com/images/mpsL/257.jpg,Róisín Shortall,SD
Brendan,Smith,Fianna Fáil,Cavan-Monaghan,258,http://www.kildarestreet.com/td/brendan_smith/cavan-monaghan,"Smith, Brendan",32,https://www.kildarestreet.com/images/mpsL/258.jpg,Brendan Smith,FF
David,Stanton,Fine Gael,Cork East,261,http://www.kildarestreet.com/td/david_stanton/cork_east,"Stanton, David",32,https://www.kildarestreet.com/images/mpsL/261.jpg,David Stanton,FG
Leo,Varadkar,Fine Gael,Dublin West,267,http://www.kildarestreet.com/td/leo_varadkar/dublin_west,"Varadkar, Leo",32,https://www.kildarestreet.com/images/mpsL/267.jpg,Leo Varadkar,FG
Alex,White,Labour,Dublin South,275,http://www.kildarestreet.com/td/alex_white/dublin_south,"White, Alex",32,https://www.kildarestreet.com/images/mpsL/275.jpg,Alex White,LAB
Alan,Kelly,Labour,Tipperary,287,http://www.kildarestreet.com/td/alan_kelly/tipperary,"Kelly, Alan",32,https://www.kildarestreet.com/images/mpsL/287.jpg,Alan Kelly,LAB
Paschal,Donohoe,Fine Gael,Dublin Central,288,http://www.kildarestreet.com/td/paschal_donohoe/dublin_central,"Donohoe, Paschal",32,https://www.kildarestreet.com/images/mpsL/288.jpg,Paschal Donohoe,FG
Seán,Barrett,Fine Gael,Dún Laoghaire,29,http://www.kildarestreet.com/td/sean_barrett/dun_laoghaire,"Barrett, Seán",32,https://www.kildarestreet.com/images/mpsL/29.jpg,Seán Barrett,FG
John Paul,Phelan,Fine Gael,Carlow-Kilkenny,290,http://www.kildarestreet.com/td/john_paul_phelan/carlow-kilkenny,"Phelan, John Paul",32,https://www.kildarestreet.com/images/mpsL/290.jpg,John Paul Phelan,FG
Maureen,O'Sullivan,Independent,Dublin Central,294,http://www.kildarestreet.com/td/maureen_o%27sullivan/dublin_central,"O'Sullivan, Maureen",32,https://www.kildarestreet.com/images/mpsL/294.jpg,Maureen O'Sullivan,IND
Martin,Heydon,Fine Gael,Kildare South,298,http://www.kildarestreet.com/td/martin_heydon/kildare_south,"Heydon, Martin",32,https://www.kildarestreet.com/images/mpsL/298.jpg,Martin Heydon,FG
Mick,Wallace,Independent,Wexford,299,http://www.kildarestreet.com/td/mick_wallace/wexford,"Wallace, Mick",32,https://www.kildarestreet.com/images/mpsL/299.jpg,Mick Wallace,IND
Ann,Phelan,Labour,Carlow-Kilkenny,300,http://www.kildarestreet.com/td/ann_phelan/carlow-kilkenny,"Phelan, Ann",32,https://www.kildarestreet.com/images/mpsL/300.jpg,Ann Phelan,LAB
Pat,Deering,Fine Gael,Carlow-Kilkenny,301,http://www.kildarestreet.com/td/pat_deering/carlow-kilkenny,"Deering, Pat",32,https://www.kildarestreet.com/images/mpsL/301.jpg,Pat Deering,FG
Heather,Humphreys,Fine Gael,Cavan-Monaghan,303,http://www.kildarestreet.com/td/heather_humphreys/cavan-monaghan,"Humphreys, Heather",32,https://www.kildarestreet.com/images/mpsL/303.jpg,Heather Humphreys,FG
Jonathan,O'Brien,Sinn Féin,Cork North Central,307,http://www.kildarestreet.com/td/jonathan_o%27brien/cork_north_central,"O'Brien, Jonathan",32,https://www.kildarestreet.com/images/mpsL/307.jpg,Jonathan O'Brien,SF
Dara,Murphy,Fine Gael,Cork North Central,308,http://www.kildarestreet.com/td/dara_murphy/cork_north_central,"Murphy, Dara",32,https://www.kildarestreet.com/images/mpsL/308.jpg,Dara Murphy,FG
Jim,Daly,Fine Gael,Cork South West,310,http://www.kildarestreet.com/td/jim_daly/cork_south_west,"Daly, Jim",32,https://www.kildarestreet.com/images/mpsL/310.jpg,Jim Daly,FG
Charlie,McConalogue,Fianna Fáil,Donegal,313,http://www.kildarestreet.com/td/charlie_mcconalogue/donegal,"McConalogue, Charlie",32,https://www.kildarestreet.com/images/mpsL/313.jpg,Charlie McConalogue,FF
Thomas,Pringle,Independent,Donegal,314,http://www.kildarestreet.com/td/thomas_pringle/donegal,"Pringle, Thomas",32,https://www.kildarestreet.com/images/mpsL/314.jpg,Thomas Pringle,IND
Richard,Boyd Barrett,People Before Profit Alliance,Dún Laoghaire,315,http://www.kildarestreet.com/td/richard_boyd_barrett/dun_laoghaire,"Boyd Barrett, Richard",32,https://www.kildarestreet.com/images/mpsL/315.jpg,Richard Boyd Barrett,PBP
Mary,Mitchell O'Connor,Fine Gael,Dún Laoghaire,316,http://www.kildarestreet.com/td/mary_mitchell_o%27connor/dun_laoghaire,"Mitchell O'Connor, Mary",32,https://www.kildarestreet.com/images/mpsL/316.jpg,Mary Mitchell O'Connor,FG
Mary Lou,McDonald,Sinn Féin,Dublin Central,317,http://www.kildarestreet.com/td/mary_lou_mcdonald/dublin_central,"McDonald, Mary Lou",32,https://www.kildarestreet.com/images/mpsL/317.jpg,Mary Lou McDonald,SF
Alan,Farrell,Fine Gael,Dublin Fingal,320,http://www.kildarestreet.com/td/alan_farrell/dublin_fingal,"Farrell, Alan",32,https://www.kildarestreet.com/images/mpsL/320.jpg,Alan Farrell,FG
Clare,Daly,United Left,Dublin Fingal,321,http://www.kildarestreet.com/td/clare_daly/dublin_fingal,"Daly, Clare",32,https://www.kildarestreet.com/images/mpsL/321.jpg,Clare Daly,ULP
Dessie,Ellis,Sinn Féin,Dublin North West,324,http://www.kildarestreet.com/td/dessie_ellis/dublin_north_west,"Ellis, Dessie",32,https://www.kildarestreet.com/images/mpsL/324.jpg,Dessie Ellis,SF
Joan,Collins,United Left,Dublin South Central,329,http://www.kildarestreet.com/td/joan_collins/dublin_south_central,"Collins, Joan",32,https://www.kildarestreet.com/images/mpsL/329.jpg,Joan Collins,ULP
Kevin,Humphreys,Labour,Dublin South East,330,http://www.kildarestreet.com/td/kevin_humphreys/dublin_south_east,"Humphreys, Kevin",32,https://www.kildarestreet.com/images/mpsL/330.jpg,Kevin Humphreys,LAB
Eoghan,Murphy,Fine Gael,Dublin Bay South,331,http://www.kildarestreet.com/td/eoghan_murphy/dublin_bay_south,"Murphy, Eoghan",32,https://www.kildarestreet.com/images/mpsL/331.jpg,Eoghan Murphy,FG
Michael,Healy-Rae,Independent,Kerry,336,http://www.kildarestreet.com/td/michael_healy-rae/kerry,"Healy-Rae, Michael",32,https://www.kildarestreet.com/images/mpsL/336.jpg,Michael Healy-Rae,IND
Brendan,Griffin,Fine Gael,Kerry,338,http://www.kildarestreet.com/td/brendan_griffin/kerry,"Griffin, Brendan",32,https://www.kildarestreet.com/images/mpsL/338.jpg,Brendan Griffin,FG
Patrick,O'Donovan,Fine Gael,Limerick County,340,http://www.kildarestreet.com/td/patrick_o%27donovan/limerick_county,"O'Donovan, Patrick",32,https://www.kildarestreet.com/images/mpsL/340.jpg,Patrick O'Donovan,FG
Robert,Troy,Fianna Fáil,Longford-Westmeath,341,http://www.kildarestreet.com/td/robert_troy/longford-westmeath,"Troy, Robert",32,https://www.kildarestreet.com/images/mpsL/341.jpg,Robert Troy,FF
Gerry,Adams,Sinn Féin,Louth,342,http://www.kildarestreet.com/td/gerry_adams/louth,"Adams, Gerry",32,https://www.kildarestreet.com/images/mpsL/342.jpg,Gerry Adams,SF
Gerald,Nash,Labour,Louth,343,http://www.kildarestreet.com/td/gerald_nash/louth,"Nash, Gerald",32,https://www.kildarestreet.com/images/mpsL/343.jpg,Gerald Nash,LAB
Peter,Fitzpatrick,Fine Gael,Louth,344,http://www.kildarestreet.com/td/peter_fitzpatrick/louth,"Fitzpatrick, Peter",32,https://www.kildarestreet.com/images/mpsL/344.jpg,Peter Fitzpatrick,FG
Regina,Doherty,Fine Gael,Meath East,346,http://www.kildarestreet.com/td/regina_doherty/meath_east,"Doherty, Regina",32,https://www.kildarestreet.com/images/mpsL/346.jpg,Regina Doherty,FG
Peadar,Tóibín,Sinn Féin,Meath West,348,http://www.kildarestreet.com/td/peadar_toibin/meath_west,"Tóibín, Peadar",32,https://www.kildarestreet.com/images/mpsL/348.jpg,Peadar Tóibín,SF
Tony,McLoughlin,Fine Gael,Sligo-Leitrim,349,http://www.kildarestreet.com/td/tony_mcloughlin/sligo-leitrim,"McLoughlin, Tony",32,https://www.kildarestreet.com/images/mpsL/349.jpg,Tony McLoughlin,FG
John,Halligan,Independent,Waterford,353,http://www.kildarestreet.com/td/john_halligan/waterford,"Halligan, John",32,https://www.kildarestreet.com/images/mpsL/353.jpg,John Halligan,IND
Marcella,Corcoran Kennedy,Fine Gael,Offaly,354,http://www.kildarestreet.com/td/marcella_corcoran_kennedy/offaly,"Corcoran Kennedy, Marcella",32,https://www.kildarestreet.com/images/mpsL/354.jpg,Marcella Corcoran Kennedy,FG
Barry,Cowen,Fianna Fáil,Offaly,355,http://www.kildarestreet.com/td/barry_cowen/offaly,"Cowen, Barry",32,https://www.kildarestreet.com/images/mpsL/355.jpg,Barry Cowen,FF
Brian,Stanley,Sinn Féin,Laois,356,http://www.kildarestreet.com/td/brian_stanley/laois,"Stanley, Brian",32,https://www.kildarestreet.com/images/mpsL/356.jpg,Brian Stanley,SF
Simon,Harris,Fine Gael,Wicklow,358,http://www.kildarestreet.com/td/simon_harris/wicklow,"Harris, Simon",32,https://www.kildarestreet.com/images/mpsL/358.jpg,Simon Harris,FG
Stephen,Donnelly,Social Democrats,Wicklow,359,http://www.kildarestreet.com/td/stephen_donnelly/wicklow,"Donnelly, Stephen",32,https://www.kildarestreet.com/images/mpsL/359.jpg,Stephen Donnelly,SD
Seán,Kyne,Fine Gael,Galway West,361,http://www.kildarestreet.com/td/sean_kyne/galway_west,"Kyne, Seán",32,https://www.kildarestreet.com/images/mpsL/361.jpg,Seán Kyne,FG
David,Cullinane,Sinn Féin,Waterford,371,http://www.kildarestreet.com/td/david_cullinane/waterford,"Cullinane, David",32,https://www.kildarestreet.com/images/mpsL/371.jpg,David Cullinane,SF
Pat,Breen,Fine Gael,Clare,39,http://www.kildarestreet.com/td/pat_breen/clare,"Breen, Pat",32,https://www.kildarestreet.com/images/mpsL/39.jpg,Pat Breen,FG
Katherine,Zappone,Independent,Dublin South West,397,http://www.kildarestreet.com/td/katherine_zappone/dublin_south_west,"Zappone, Katherine",32,https://www.kildarestreet.com/images/mpsL/397.jpg,Katherine Zappone,IND
Helen,McEntee,Fine Gael,Meath East,399,http://www.kildarestreet.com/td/helen_mcentee/meath_east,"McEntee, Helen",32,https://www.kildarestreet.com/images/mpsL/399.jpg,Helen McEntee,FG
Hildegarde,Naughton,Fine Gael,Galway West,400,http://www.kildarestreet.com/td/hildegarde_naughton/galway_west,"Naughton, Hildegarde",32,https://www.kildarestreet.com/images/mpsL/400.jpg,Hildegarde Naughton,FG
Ruth,Coppinger,Anti-Austerity Alliance,Dublin West,402,http://www.kildarestreet.com/td/ruth_coppinger/dublin_west,"Coppinger, Ruth",32,https://www.kildarestreet.com/images/mpsL/402.jpg,Ruth Coppinger,AAA
Paul,Murphy,Anti-Austerity Alliance,Dublin South West,404,http://www.kildarestreet.com/td/paul_murphy/dublin_south_west,"Murphy, Paul",32,https://www.kildarestreet.com/images/mpsL/404.jpg,Paul Murphy,AAA
Michael,Fitzmaurice,Independent,Roscommon-Galway,405,http://www.kildarestreet.com/td/michael_fitzmaurice/roscommon-galway,"Fitzmaurice, Michael",32,https://www.kildarestreet.com/images/mpsL/405.jpg,Michael Fitzmaurice,IND
Eoin,Ó Broin,Sinn Féin,Dublin Mid West,407,http://www.kildarestreet.com/td/eoin_o_broin/dublin_mid_west,"Ó Broin, Eoin",32,https://www.kildarestreet.com/images/mpsL/407.jpg,Eoin Ó Broin,SF
Shane,Cassells,Fianna Fáil,Meath West,408,http://www.kildarestreet.com/td/shane_cassells/meath_west,"Cassells, Shane",32,https://www.kildarestreet.com/images/mpsL/408.jpg,Shane Cassells,FF
Mary,Butler,Fianna Fáil,Waterford,409,http://www.kildarestreet.com/td/mary_butler/waterford,"Butler, Mary",32,https://www.kildarestreet.com/images/mpsL/409.jpg,Mary Butler,FF
Anne,Rabbitte,Fianna Fáil,Galway East,410,http://www.kildarestreet.com/td/anne_rabbitte/galway_east,"Rabbitte, Anne",32,https://www.kildarestreet.com/images/mpsL/410.jpg,Anne Rabbitte,FF
Catherine,Martin,Green Party,Dublin Rathdown,411,http://www.kildarestreet.com/td/catherine_martin/dublin_rathdown,"Martin, Catherine",32,https://www.kildarestreet.com/images/mpsL/411.jpg,Catherine Martin,GRN
Josepha,Madigan,Fine Gael,Dublin Rathdown,412,http://www.kildarestreet.com/td/josepha_madigan/dublin_rathdown,"Madigan, Josepha",32,https://www.kildarestreet.com/images/mpsL/412.jpg,Josepha Madigan,FG
Maria,Bailey,Fine Gael,Dún Laoghaire,413,http://www.kildarestreet.com/td/maria_bailey/dun_laoghaire,"Bailey, Maria",32,https://www.kildarestreet.com/images/mpsL/413.jpg,Maria Bailey,FG
John,Brady,Sinn Féin,Wicklow,414,http://www.kildarestreet.com/td/john_brady/wicklow,"Brady, John",32,https://www.kildarestreet.com/images/mpsL/414.jpg,John Brady,SF
Jack,Chambers,Fianna Fáil,Dublin West,415,http://www.kildarestreet.com/td/jack_chambers/dublin_west,"Chambers, Jack",32,https://www.kildarestreet.com/images/mpsL/415.jpg,Jack Chambers,FF
Fiona,O'Loughlin,Fianna Fáil,Kildare South,416,http://www.kildarestreet.com/td/fiona_o%27loughlin/kildare_south,"O'Loughlin, Fiona",32,https://www.kildarestreet.com/images/mpsL/416.jpg,Fiona O'Loughlin,FF
Seán,Canney,Independent,Galway East,417,http://www.kildarestreet.com/td/sean_canney/galway_east,"Canney, Seán",32,https://www.kildarestreet.com/images/mpsL/417.jpg,Seán Canney,IND
Margaret,Murphy O'Mahony,Fianna Fáil,Cork South West,418,http://www.kildarestreet.com/td/margaret_murphy_o%27mahony/cork_south_west,"Murphy O'Mahony, Margaret",32,https://www.kildarestreet.com/images/mpsL/418.jpg,Margaret Murphy O'Mahony,FF
Michael,Collins,Independent,Cork South West,419,http://www.kildarestreet.com/td/michael_collins/cork_south_west,"Collins, Michael",32,https://www.kildarestreet.com/images/mpsL/419.jpg,Michael Collins,IND
Tommy,Broughan,Independent,Dublin Bay North,42,http://www.kildarestreet.com/td/tommy_broughan/dublin_bay_north,"Broughan, Tommy",32,https://www.kildarestreet.com/images/mpsL/42.jpg,Tommy Broughan,IND
Kathleen,Funchion,Sinn Féin,Carlow-Kilkenny,420,http://www.kildarestreet.com/td/kathleen_funchion/carlow-kilkenny,"Funchion, Kathleen",32,https://www.kildarestreet.com/images/mpsL/420.jpg,Kathleen Funchion,SF
Niamh,Smyth,Fianna Fáil,Cavan-Monaghan,421,http://www.kildarestreet.com/td/niamh_smyth/cavan-monaghan,"Smyth, Niamh",32,https://www.kildarestreet.com/images/mpsL/421.jpg,Niamh Smyth,FF
Michael,Harty,Independent,Clare,422,http://www.kildarestreet.com/td/michael_harty/clare,"Harty, Michael",32,https://www.kildarestreet.com/images/mpsL/422.jpg,Michael Harty,IND
Kevin,O'Keeffe,Fianna Fáil,Cork East,423,http://www.kildarestreet.com/td/kevin_o%27keeffe/cork_east,"O'Keeffe, Kevin",32,https://www.kildarestreet.com/images/mpsL/423.jpg,Kevin O'Keeffe,FF
Pat,Buckley,Sinn Féin,Cork East,424,http://www.kildarestreet.com/td/pat_buckley/cork_east,"Buckley, Pat",32,https://www.kildarestreet.com/images/mpsL/424.jpg,Pat Buckley,SF
Mick,Barry,Anti-Austerity Alliance,Cork North Central,425,http://www.kildarestreet.com/td/mick_barry/cork_north_central,"Barry, Mick",32,https://www.kildarestreet.com/images/mpsL/425.jpg,Mick Barry,AAA
Aindrias,Moynihan,Fianna Fáil,Cork North West,426,http://www.kildarestreet.com/td/aindrias_moynihan/cork_north_west,"Moynihan, Aindrias",32,https://www.kildarestreet.com/images/mpsL/426.jpg,Aindrias Moynihan,FF
Donnchadh,Ó Laoghaire,Sinn Féin,Cork South Central,427,http://www.kildarestreet.com/td/donnchadh_o_laoghaire/cork_south_central,"Ó Laoghaire, Donnchadh",32,https://www.kildarestreet.com/images/mpsL/427.jpg,Donnchadh Ó Laoghaire,SF
Jim,O'Callaghan,Fianna Fáil,Dublin Bay South,428,http://www.kildarestreet.com/td/jim_o%27callaghan/dublin_bay_south,"O'Callaghan, Jim",32,https://www.kildarestreet.com/images/mpsL/428.jpg,Jim O'Callaghan,FF
Kate,O'Connell,Fine Gael,Dublin Bay South,429,http://www.kildarestreet.com/td/kate_o%27connell/dublin_bay_south,"O'Connell, Kate",32,https://www.kildarestreet.com/images/mpsL/429.jpg,Kate O'Connell,FG
Gino,Kenny,People Before Profit Alliance,Dublin Mid West,430,http://www.kildarestreet.com/td/gino_kenny/dublin_mid_west,"Kenny, Gino",32,https://www.kildarestreet.com/images/mpsL/430.jpg,Gino Kenny,PBP
Louise,O'Reilly,Sinn Féin,Dublin Fingal,431,http://www.kildarestreet.com/td/louise_o%27reilly/dublin_fingal,"O'Reilly, Louise",32,https://www.kildarestreet.com/images/mpsL/431.jpg,Louise O'Reilly,SF
Noel,Rock,Fine Gael,Dublin North West,432,http://www.kildarestreet.com/td/noel_rock/dublin_north_west,"Rock, Noel",32,https://www.kildarestreet.com/images/mpsL/432.jpg,Noel Rock,FG
Colm,Brophy,Fine Gael,Dublin South West,433,http://www.kildarestreet.com/td/colm_brophy/dublin_south_west,"Brophy, Colm",32,https://www.kildarestreet.com/images/mpsL/433.jpg,Colm Brophy,FG
John,Lahart,Fianna Fáil,Dublin South West,434,http://www.kildarestreet.com/td/john_lahart/dublin_south_west,"Lahart, John",32,https://www.kildarestreet.com/images/mpsL/434.jpg,John Lahart,FF
Catherine,Connolly,Independent,Galway West,435,http://www.kildarestreet.com/td/catherine_connolly/galway_west,"Connolly, Catherine",32,https://www.kildarestreet.com/images/mpsL/435.jpg,Catherine Connolly,IND
Danny,Healy-Rae,Independent,Kerry,436,http://www.kildarestreet.com/td/danny_healy-rae/kerry,"Healy-Rae, Danny",32,https://www.kildarestreet.com/images/mpsL/436.jpg,Danny Healy-Rae,IND
John,Brassil,Fianna Fáil,Kerry,437,http://www.kildarestreet.com/td/john_brassil/kerry,"Brassil, John",32,https://www.kildarestreet.com/images/mpsL/437.jpg,John Brassil,FF
James,Lawless,Fianna Fáil,Kildare North,438,http://www.kildarestreet.com/td/james_lawless/kildare_north,"Lawless, James",32,https://www.kildarestreet.com/images/mpsL/438.jpg,James Lawless,FF
Frank,O'Rourke,Fianna Fáil,Kildare North,439,http://www.kildarestreet.com/td/frank_o%27rourke/kildare_north,"O'Rourke, Frank",32,https://www.kildarestreet.com/images/mpsL/439.jpg,Frank O'Rourke,FF
Maurice,Quinlivan,Sinn Féin,Limerick City,440,http://www.kildarestreet.com/td/maurice_quinlivan/limerick_city,"Quinlivan, Maurice",32,https://www.kildarestreet.com/images/mpsL/440.jpg,Maurice Quinlivan,SF
Tom,Neville,Fine Gael,Limerick County,441,http://www.kildarestreet.com/td/tom_neville/limerick_county,"Neville, Tom",32,https://www.kildarestreet.com/images/mpsL/441.jpg,Tom Neville,FG
Declan,Breathnach,Fianna Fáil,Louth,442,http://www.kildarestreet.com/td/declan_breathnach/louth,"Breathnach, Declan",32,https://www.kildarestreet.com/images/mpsL/442.jpg,Declan Breathnach,FF
Imelda,Munster,Sinn Féin,Louth,443,http://www.kildarestreet.com/td/imelda_munster/louth,"Munster, Imelda",32,https://www.kildarestreet.com/images/mpsL/443.jpg,Imelda Munster,SF
Lisa,Chambers,Fianna Fáil,Mayo,444,http://www.kildarestreet.com/td/lisa_chambers/mayo,"Chambers, Lisa",32,https://www.kildarestreet.com/images/mpsL/444.jpg,Lisa Chambers,FF
Carol,Nolan,Sinn Féin,Offaly,445,http://www.kildarestreet.com/td/carol_nolan/offaly,"Nolan, Carol",32,https://www.kildarestreet.com/images/mpsL/445.jpg,Carol Nolan,SF
Eugene,Murphy,Fianna Fáil,Roscommon-Galway,446,http://www.kildarestreet.com/td/eugene_murphy/roscommon-galway,"Murphy, Eugene",32,https://www.kildarestreet.com/images/mpsL/446.jpg,Eugene Murphy,FF
Martin,Kenny,Sinn Féin,Sligo-Leitrim,447,http://www.kildarestreet.com/td/martin_kenny/sligo-leitrim,"Kenny, Martin",32,https://www.kildarestreet.com/images/mpsL/447.jpg,Martin Kenny,SF
Jackie,Cahill,Fianna Fáil,Tipperary,448,http://www.kildarestreet.com/td/jackie_cahill/tipperary,"Cahill, Jackie",32,https://www.kildarestreet.com/images/mpsL/448.jpg,Jackie Cahill,FF
James,Browne,Fianna Fáil,Wexford,449,http://www.kildarestreet.com/td/james_browne/wexford,"Browne, James",32,https://www.kildarestreet.com/images/mpsL/449.jpg,James Browne,FF
Pat,Casey,Fianna Fáil,Wicklow,450,http://www.kildarestreet.com/td/pat_casey/wicklow,"Casey, Pat",32,https://www.kildarestreet.com/images/mpsL/450.jpg,Pat Casey,FF
Denise,Mitchell,Sinn Féin,Dublin Bay North,451,http://www.kildarestreet.com/td/denise_mitchell/dublin_bay_north,"Mitchell, Denise",32,https://www.kildarestreet.com/images/mpsL/451.jpg,Denise Mitchell,SF
Kevin ,Moran,Independent,Longford-Westmeath,452,http://www.kildarestreet.com/td/kevin__moran/longford-westmeath,"Moran, Kevin ",32,https://www.kildarestreet.com/images/mpsL/452.jpg,Kevin  Moran,IND
Bríd,Smith,People Before Profit Alliance,Dublin South Central,453,http://www.kildarestreet.com/td/brid_smith/dublin_south_central,"Smith, Bríd",32,https://www.kildarestreet.com/images/mpsL/453.jpg,Bríd Smith,PBP
Peter,Burke,Fine Gael,Longford-Westmeath,454,http://www.kildarestreet.com/td/peter_burke/longford-westmeath,"Burke, Peter",32,https://www.kildarestreet.com/images/mpsL/454.jpg,Peter Burke,FG
Richard,Bruton,Fine Gael,Dublin Bay North,46,http://www.kildarestreet.com/td/richard_bruton/dublin_bay_north,"Bruton, Richard",32,https://www.kildarestreet.com/images/mpsL/46.jpg,Richard Bruton,FG
Joan,Burton,Labour,Dublin West,49,http://www.kildarestreet.com/td/joan_burton/dublin_west,"Burton, Joan",32,https://www.kildarestreet.com/images/mpsL/49.jpg,Joan Burton,LAB
Aengus,Ó Snodaigh,Sinn Féin,Dublin South Central,5,http://www.kildarestreet.com/td/aengus_o_snodaigh/dublin_south_central,"Ó Snodaigh, Aengus",32,https://www.kildarestreet.com/images/mpsL/5.jpg,Aengus Ó Snodaigh,SF
Catherine,Byrne,Fine Gael,Dublin South Central,52,http://www.kildarestreet.com/td/catherine_byrne/dublin_south_central,"Byrne, Catherine",32,https://www.kildarestreet.com/images/mpsL/52.jpg,Catherine Byrne,FG
Thomas,Byrne,Fianna Fáil,Meath East,53,http://www.kildarestreet.com/td/thomas_byrne/meath_east,"Byrne, Thomas",32,https://www.kildarestreet.com/images/mpsL/53.jpg,Thomas Byrne,FF
Dara,Calleary,Fianna Fáil,Mayo,56,http://www.kildarestreet.com/td/dara_calleary/mayo,"Calleary, Dara",32,https://www.kildarestreet.com/images/mpsL/56.jpg,Dara Calleary,FF
Ciarán,Cannon,Fine Gael,Galway East,58,http://www.kildarestreet.com/td/ciaran_cannon/galway_east,"Cannon, Ciarán",32,https://www.kildarestreet.com/images/mpsL/58.jpg,Ciarán Cannon,FG
Joe,Carey,Fine Gael,Clare,59,http://www.kildarestreet.com/td/joe_carey/clare,"Carey, Joe",32,https://www.kildarestreet.com/images/mpsL/59.jpg,Joe Carey,FG
Paudie,Coffey,Fine Gael,Waterford,64,http://www.kildarestreet.com/td/paudie_coffey/waterford,"Coffey, Paudie",32,https://www.kildarestreet.com/images/mpsL/64.jpg,Paudie Coffey,FG
Niall,Collins,Fianna Fáil,Limerick County,67,http://www.kildarestreet.com/td/niall_collins/limerick_county,"Collins, Niall",32,https://www.kildarestreet.com/images/mpsL/67.jpg,Niall Collins,FF
Andrew,Doyle,Fine Gael,Wicklow,7,http://www.kildarestreet.com/td/andrew_doyle/wicklow,"Doyle, Andrew",32,https://www.kildarestreet.com/images/mpsL/7.jpg,Andrew Doyle,FG
Simon,Coveney,Fine Gael,Cork South Central,76,http://www.kildarestreet.com/td/simon_coveney/cork_south_central,"Coveney, Simon",32,https://www.kildarestreet.com/images/mpsL/76.jpg,Simon Coveney,FG
Michael,Creed,Fine Gael,Cork North West,81,http://www.kildarestreet.com/td/michael_creed/cork_north_west,"Creed, Michael",32,https://www.kildarestreet.com/images/mpsL/81.jpg,Michael Creed,FG
Seán,Crowe,Sinn Féin,Dublin South West,84,http://www.kildarestreet.com/td/sean_crowe/dublin_south_west,"Crowe, Seán",32,https://www.kildarestreet.com/images/mpsL/84.jpg,Seán Crowe,SF
John,Curran,Fianna Fáil,Dublin Mid West,88,http://www.kildarestreet.com/td/john_curran/dublin_mid_west,"Curran, John",32,https://www.kildarestreet.com/images/mpsL/88.jpg,John Curran,FF
Michael,D'Arcy,Fine Gael,Wexford,89,http://www.kildarestreet.com/td/michael_d%27arcy/wexford,"D'Arcy, Michael",32,https://www.kildarestreet.com/images/mpsL/89.jpg,Michael D'Arcy,FG
John,Deasy,Fine Gael,Waterford,96,http://www.kildarestreet.com/td/john_deasy/waterford,"Deasy, John",32,https://www.kildarestreet.com/images/mpsL/96.jpg,John Deasy,FG
