id,name__et,name__de,name__pl,name__ru,name__fr,name__es,name__en,name__tr,name__nb,name__nl,name__ca,name__oc,name__zh,name__uk,name__da,name__nn,name__sv,name__it,name__hu,name,wikipedia__de,wikipedia__en,wikipedia__es,wikipedia__et,wikipedia__fr,wikipedia__it,wikipedia__pl,wikipedia__ru,wikipedia__simple,wikipedia__tr,wikipedia__uk,wikipedia__zh,gender,birth_date,identifier__freebase,given_name,original_wikiname,name__ja,wikipedia__ja,image,name__la,name__yo,name__fi,wikipedia__enwikiquote,wikipedia__eswikiquote,wikipedia__fi,wikipedia__la,wikipedia__nl,wikipedia__plwikiquote,wikipedia__yo,identifier__ISNI,identifier__VIAF,identifier__GND,identifier__LCAuth,identifier__BNF,identifier__SUDOC,death_date,identifier__sycomore,identifier__FAST,name__cy,name__el,name__id,name__is,wikipedia__el,wikipedia__id,wikipedia__is,wikipedia__no,name__zh_hans,name__zh_hant,name__zh_hk,name__vi,wikipedia__sv,wikipedia__vi,name__gl,wikipedia__gl,name__bg,wikipedia__bg,name__br,wikipedia__br,name__de_ch,name__en_ca,name__en_gb,name__pt,wikipedia__pt,identifier__LAC,last_seen,family_name
Q1371373,,Paulin Obame Nguema,,"Обам-Нгема, Полин",Paulin Obame-Nguema,Paulin Obame-Nguema,Paulin Obame-Nguema,,Paulin Obame-Nguema,Paulin Obame-Nguema,,,保兰·奥巴梅-恩圭马,Полін Обам-Нгема,Paulin Obame-Nguema,Paulin Obame-Nguema,Paulin Obame-Nguema,Paulin Obame-Nguema,Paulin Obame-Nguema,Paulin Obame-Nguema,Paulin Obame Nguema,Paulin Obame-Nguema,,,,Paulin Obame-Nguema,,"Обам-Нгема, Полин",,,Полін Обам-Нгема,保兰·奥巴梅-恩圭马,male,1934-12-28,/m/083xjn,Paulin,,,,,,Paulin Obame-Nguema,,,,,,,,Paulin Obame-Nguema,,,,,,,,,,,,,,,,,,保兰·奥巴梅-恩圭马,保蘭·奧巴梅-恩圭馬,保蘭·奧巴梅-恩圭馬,,,,,,Полин Обам-Нгема,Полин Обам-Нгема,,,,,,,,,,
Q2053317,,Félix Siby,,,Félix Siby,Félix Siby,Félix Siby,,Félix Siby,Félix Siby,,,,,Félix Siby,Félix Siby,Félix Siby,,Félix Siby,Félix Siby,,Félix Siby,,,Félix Siby,,,,,,,,male,1942-01-18,/m/0cz4f8,Félix,,,,,,,,,,,,Félix Siby,,,,,,,,,2006-04-29,,,Félix Siby,,,,,,,,,,,,,,,,,,,,,,,,,,,
Q256998,,Jean-Hilaire Aubame,Jean-Hilaire Aubame,"Обам, Жан-Илер",Jean-Hilaire Aubame,Jean-Hilaire Aubame,Jean-Hilaire Aubame,,Jean-Hilaire Aubame,Jean-Hilaire Aubame,,,,Жан-Ілер Обам,,,,,Jean-Hilaire Aubame,Jean-Hilaire Aubame,Jean-Hilaire Aubame,Jean-Hilaire Aubame,,,Jean-Hilaire Aubame,,Jean-Hilaire Aubame,"Обам, Жан-Илер",,,Жан-Ілер Обам,,male,1912-11-10,/m/04lzh3,Jean,,,,https://upload.wikimedia.org/wikipedia/commons/6/69/Jean-Hilaire_Aubame.jpg,Ioannes Hilarius Aubame,,,,,,Ioannes Hilarius Aubame,,,,,21331094,,,,,1989-08-16,226,300598,,,,,,,,,,,,,,,,,,,,,,,,,,,,
Q2655471,,Faustin Boukoubi,,,Faustin Boukoubi,,Faustin Boukoubi,,Faustin Boukoubi,Faustin Boukoubi,,,,,Faustin Boukoubi,Faustin Boukoubi,Faustin Boukoubi,,,Faustin Boukoubi,,Faustin Boukoubi,,,Faustin Boukoubi,,,,,,,,male,1954-03-20,,Faustin,,,,,,,,,,,,,,,,,,,,,,,,,,,,,,,,,,,,,,,,,,,,,,,,,,,
Q2662541,,Didjob Divungi Di Ndinge,Didjob Divungi Di Ndinge,"Ди Ндинге, Диджоб Дивунги",Didjob Divungi Di Ndinge,Didjob Divungi Di Ndinge,Didjob Divungi Di Ndinge,,Didjob Divungi Di Ndinge,Didjob Divungi Di Ndinge,,,,,Didjob Divungi Di Ndinge,Didjob Divungi Di Ndinge,Didjob Divungi Di Ndinge,,Didjob Divungi Di Ndinge,Didjob Divungi Di Ndinge,,Didjob Divungi Di Ndinge,,,Didjob Divungi Di Ndinge,,Didjob Divungi Di Ndinge,"Ди Ндинге, Диджоб Дивунги",,,,,male,1946-05-05,/m/0g1tc7,,,ディジョブ・ディヴンギ・ディ・ンディング,ディジョブ・ディヴンギ・ディ・ンディング,,,Didjob Divungi Di Ndinge,,,,,,,,Didjob Divungi Di Ndinge,,,,,,,,,,,,,,,,,,,,,,,,,,,,Didjob Divungi Di Ndinge,Didjob Divungi Di Ndinge,,,,,,,,
Q269045,,Pierre Mamboundou,Pierre Mamboundou,,Pierre Mamboundou,Pierre Mamboundou,Pierre Mamboundou,,Pierre Mamboundou,Pierre Mamboundou,,,,,Pierre Mamboundou,Pierre Mamboundou,Pierre Mamboundou,,Pierre Mamboundou,Pierre Mamboundou,Pierre Mamboundou,Pierre Mamboundou,,,Pierre Mamboundou,,Pierre Mamboundou,,,,,,male,1946-11-06,/m/093ndt,Pierre,,,,,,,,,,,,,,,,,,,,,2011-10-15,,,Pierre Mamboundou,,,,,,,,,,,,,,,,,,,,,,,,,,,
Q2848287,,André Mba Obame,André Mba Obame,,André Mba Obame,André Mba Obame,André Mba Obame,,André Mba Obame,André Mba Obame,,,,,André Mba Obame,André Mba Obame,André Mba Obame,,André Mba Obame,André Mba Obame,,André Mba Obame,,,André Mba Obame,,André Mba Obame,,André Mba Obame,,,,male,1957-06-15,/m/05b44yd,André,,,,,,,,,,,,,,,0000 0000 0891 8511,104408569,,,12874680c,118961225,2015-04-12,,,André Mba Obame,,,,,,,,,,,,,,,,,,,,,,,,,0024B9007,,
Q3014508,Daniel Ona Ondo,Daniel Ona Ondo,Daniel Ona Ondo,"Ондо, Даниэль Она",Daniel Ona Ondo,Daniel Ona Ondo,Daniel Ona Ondo,Daniel Ona Ondo,Daniel Ona Ondo,Daniel Ona Ondo,,,丹尼尔·欧纳·翁多,Даніель Она Ондо,Daniel Ona Ondo,Daniel Ona Ondo,Daniel Ona Ondo,Daniel Ona Ondo,Daniel Ona Ondo,Daniel Ona Ondo,Daniel Ona Ondo,Daniel Ona Ondo,Daniel Ona Ondo,Daniel Ona Ondo,Daniel Ona Ondo,Daniel Ona Ondo,Daniel Ona Ondo,"Ондо, Даниэль Она",,Daniel Ona Ondo,Даніель Она Ондо,丹尼尔·欧纳·翁多,male,1945-07-10,,Daniel,,ダニエル・オナ・オンド,ダニエル・オナ・オンド,,,,,,,,,,,,,,,,,,,,,,Ντανιέλ Ονά Οντό,,,Ντανιέλ Ονά Οντό,,,,,,,Daniel Ona Ondo,,Daniel Ona Ondo,,,,,,,Daniel Ona Ondo,Daniel Ona Ondo,Daniel Ona Ondo,Daniel Ona Ondo,Daniel Ona Ondo,,,
Q3122048,,,Guy Nzouba-Ndama,,Guy Nzouba-Ndama,Guy Nzouba-Ndama,Guy Nzouba-Ndama,,Guy Nzouba-Ndama,Guy Nzouba-Ndama,,,,,Guy Nzouba-Ndama,Guy Nzouba-Ndama,Guy Nzouba-Ndama,,Guy Nzouba-Ndama,Guy Nzouba-Ndama,,Guy Nzouba-Ndama,,,Guy Nzouba-Ndama,,Guy Nzouba-Ndama,,,,,,male,1946-07-17,,Guy,,,,,,,,,,,,,,,,,,,,,,,,,,,,,,,,,,,,,,,,,,,,,,,,,,,
Q3188402,,,,,Jules Aristide Bourdes Ogouliguende,,Jules-Aristide Bourdes-Ogouliguende,,Jules Aristide Bourdes Ogouliguende,Jules-Aristide Bourdes-Ogouliguende,,,,,Jules Aristide Bourdes Ogouliguende,Jules Aristide Bourdes Ogouliguende,Jules Aristide Bourdes Ogouliguende,,,Jules-Aristide Bourdes-Ogouliguende,,Jules-Aristide Bourdes-Ogouliguende,,,Jules Aristide Bourdes-Ogouliguende,,,,,,,,male,1938-02-28,,Jules,,,,,,,,,,,,,,,,,,,,,,,,,,,,,,,,,,,,,,,,,,,,,,,,,,,
Q3371820,,Paul Mba Abessole,,,Paul Mba Abessole,Paul Mba Abessole,Paul Mba Abessole,,Paul Mba Abessole,Paul Mba Abessole,,,,,Paul Mba Abessole,Paul Mba Abessole,Paul Mba Abessole,,Paul Mba Abessole,Paul Mba Abessole,,Paul Mba Abessole,,,Paul Mba Abessole,,,,,,,,male,1939-10-09,/m/046twx,Paul,,,,,,,,,,,,,,,0000 0000 3362 2034,47070443,,,15512449v,113366175,,,,,,,,,,,,,,,,,,,,Пол Мба Абесол,Пол Мба Абесол,,,,,,,,,,
Q3384462,,,,,Pierre Claver Zeng,Pierre-Claver Zeng Ebome,Pierre-Claver Zeng Ebome,,Pierre Claver Zeng,Pierre-Claver Zeng Ebome,,,,,Pierre Claver Zeng,Pierre Claver Zeng,Pierre Claver Zeng,,Pierre-Claver Zeng Ebome,Pierre-Claver Zeng Ebome,,Pierre-Claver Zeng Ebome,,,Pierre Claver Zeng,,,,,,,,male,1953-09-19,,Pierre,,,,,,,,,,,,,,,0000 0000 7933 0176,120739336,,,137463106,069541809,2010-05-19,,,Pierre-Claver Zeng Ebome,,,,,,,,,,,,,,,,,,,,,,,,,,,
Q3430482,,Richard Auguste Onouviet,,,Richard Auguste Onouviet,,Richard Auguste Onouviet,,Richard Auguste Onouviet,Richard Auguste Onouviet,,,,,Richard Auguste Onouviet,Richard Auguste Onouviet,Richard Auguste Onouviet,,,Richard Auguste Onouviet,,Richard Auguste Onouviet,,,Richard Auguste Onouviet,,,,,,,,male,1949-06-14,,Richard,,,,,,,,,,,,,,,,,,,,,,,,,,,,,,,,,,,,,,,,,,,,,,,,,,,
Q383696,Jean Eyeghe Ndong,Jean Eyeghe Ndong,Jean-Eyeghe Ndong,"Ндонг, Жан Эйег",Jean Eyeghe Ndong,Jean Eyeghe Ndong,Jean Eyeghé Ndong,,Jean Eyeghe Ndong,Jean Eyeghe Ndong,,,让·埃耶格·恩东,Жан Ейєг Ндонг,Jean Eyeghe Ndong,Jean Eyeghe Ndong,Jean Eyeghe Ndong,Jean Eyeghé Ndong,Jean Eyeghe Ndong,Jean Eyeghé Ndong,Jean Eyeghe Ndong,Jean Eyeghé Ndong,Jean Eyeghe Ndong,Jean Eyeghe Ndong,Jean Eyeghe Ndong,Jean Eyeghé Ndong,Jean-Eyeghe Ndong,"Ндонг, Жан Эйег",,,Жан Ейєг Ндонг,让·埃耶格·恩东,male,1946-02-12,/m/0b0x46,Jean,,,,,,Jean Eyeghe Ndong,Jean Eyeghe Ndong,,,Jean Eyeghe Ndong,,,,Jean Eyeghe Ndong,,,,,,,,,,,Ζαν Εγέγκε Ντονγκ,Jean Eyeghe Ndong,Jean Eyeghe Ndong,Ζαν Εγεγκέ Ν'Ντονγκ,Jean Eyeghe Ndong,Jean Eyeghe Ndong,Jean Eyeghe Ndong,,,,,,,,,,,,,,,,,,,,
Q4759882,,André Dieudonné Berre,,,André Dieudonné Berre,,André Dieudonné Berre,,,André Dieudonné Berre,,,,,,,,,,André Dieudonné Berre,,André Dieudonné Berre,,,,,,,,,,,male,1940-09-03,,André,,,,,,,,,,,,,,,,,,,,,,,,,,,,,,,,,,,,,,,,,,,,,,,,,,,
Q4775513,,Antoine Mboumbou Miyakou,,,Antoine Mboumbou Miyakou,,Antoine Mboumbou Miyakou,,,Antoine Mboumbou Miyakou,,,,,,,,,,Antoine Mboumbou Miyakou,,Antoine Mboumbou Miyakou,,,,,,,,,,,male,1937-03-12,,Antoine,,,,,,,,,,,,,,,,,,,,,,,,,,,,,,,,,,,,,,,,,,,,,,,,,,,
Q515666,Paul Biyoghé Mba,Paul Biyoghé Mba,Paul Biyoghé Mba,"Мба, Поль Бийоге",Paul Biyoghe Mba,Paul Biyoghé Mba,Paul Biyoghé Mba,Paul Biyoghé Mba,Paul Biyoghe Mba,Paul Biyoghé Mba,,,保罗·比约格·姆巴,Поль Бійоге Мба,Paul Biyoghe Mba,Paul Biyoghe Mba,Paul Biyoghé Mba,Paul Biyoghé Mba,Paul Biyoghé Mba,Paul Biyoghé Mba,Paul Biyoghé Mba,Paul Biyoghé Mba,Paul Biyoghé Mba,Paul Biyoghé Mba,Paul Biyoghe Mba,Paul Biyoghé Mba,Paul Biyoghé Mba,"Мба, Поль Бийоге",,Paul Biyoghé Mba,Поль Бійоге Мба,保罗·比约格·姆巴,male,1953-04-18,/m/06zpvp8,Paul,,,,,,Paul Biyoghé Mba,,,,,,,,Paul Biyoghé Mba,,,,,,,,,,,Πολ Μπιγιογκέ Μπα,,,Πολ Μπιγιογκέ Μπα,,,,保罗·比约格·姆巴,保羅·比約格·姆巴,保羅·比約格·姆巴,Paul Biyoghé Mba,Paul Biyoghé Mba,Paul Biyoghé Mba,,,,,,,,,,,,,,
Q5371552,,Emile Doumba,,,Emile Doumba,,Emile Doumba,,,Emile Doumba,,,,,,,,Emile Doumba,,Emile Doumba,,Emile Doumba,,,,,,,,,,,male,1944-10-29,,Emile,,,,,,,,,,,,,,,,296587494,,,,,,,,,,,,,,,,,,,,,,,,,,,,,,,,,,,
Q5373320,,Emmanuel Ondo Methogo,,,Emmanuel Ondo Methogo,,Emmanuel Ondo Methogo,,,Emmanuel Ondo Methogo,,,,,,,,Emmanuel Ondo Methogo,,Emmanuel Ondo Methogo,,Emmanuel Ondo Methogo,,,,,,,,,,,male,1946-06-24,,Emmanuel,,,,,,,,,,,,,,,,,,,,,,,,,,,,,,,,,,,,,,,,,,,,,,,,,,,
Q5493259,,François Engongah Owono,,,François Engongah Owono,,François Engongah Owono,,,François Engongah Owono,,,,,,,,,,François Engongah Owono,,François Engongah Owono,,,,,,,,,,,male,1945-07-17,,François,,,,,,,,,,,,,,,,,,,,,,,,,,,,,,,,,,,,,,,,,,,,,,,,,,,
Q5493498,,Françoise Makaya,,,Françoise Makaya,,Françoise Makaya,,,Françoise Makaya,,,,,,,,,,Françoise Makaya,,Françoise Makaya,,,,,,,,,,,female,,,Françoise,,,,,,,,,,,,,,,,,,,,,,,,,,,,,,,,,,,,,,,,,,,,,,,,,,,
Q57856,Raymond Ndong Sima,Raymond Ndong Sima,Raymond Ndong Sima,"Сима, Раймон Ндонг",Raymond Ndong Sima,Raymond Ndong Sima,Raymond Ndong Sima,Raymond Ndong Sima,Raymond Ndong Sima,Raymond Ndong Sima,Raymond Ndong Sima,Raymond Ndong Sima,雷蒙·恩东·希马,Раймон Ндонг Сіма,Raymond Ndong Sima,Raymond Ndong Sima,Raymond Ndong Sima,Raymond Ndong Sima,Raymond Ndong Sima,Raymond Ndong Sima,Raymond Ndong Sima,Raymond Ndong Sima,Raymond Ndong Sima,Raymond Ndong Sima,Raymond Ndong Sima,Raymond Ndong Sima,Raymond Ndong Sima,"Сима, Раймон Ндонг",Raymond Ndong Sima,Raymond Ndong Sima,Раймон Ндонг Сіма,雷蒙·恩东·希马,male,1955-01-23,/m/0j46dsz,Raymond,,,,,,,,,,,,,,,,,,,,,,,,,,,,,,,,,,,,,,,,,,,,,,,,,,,
Q58208,,Paul Toungui,Paul Toungui,,Paul Toungui,Paul Toungui,Paul Toungui,,Paul Toungui,Paul Toungui,Paul Toungui,Paul Toungui,,,Paul Toungui,Paul Toungui,Paul Toungui,,Paul Toungui,Paul Toungui,Paul Toungui,Paul Toungui,,,Paul Toungui,,Paul Toungui,,,,,,male,1950-09-07,/m/04n43hb,Paul,,ポール・トゥンギ,ポール・トゥンギ,"https://upload.wikimedia.org/wikipedia/commons/a/a0/Paul_Toungui,_IMF_116SJ0504150090lg.jpg",,,,,,,,,,,,,,,,,,,,,,,,,,,,,,,,,,,,,,,,,,,,,,,
Q58286,,Jean Ping,Jean Ping,"Пинг, Жан",Jean Ping,Jean Ping,Jean Ping,,Jean Ping,Jean Ping,Jean Ping,Jean Ping,让·平,Жан Пінг,Jean Ping,Jean Ping,Jean Ping,,Jean Ping,Jean Ping,Jean Ping,Jean Ping,Jean Ping,,Jean Ping,,Jean Ping,"Пинг, Жан",,,Жан Пінг,让·平,male,1942-11-24,/m/039vzf,Jean,,ジャン・ピン,ジャン・ピン,https://upload.wikimedia.org/wikipedia/commons/5/5f/Jean_Ping_080202-F-1644L-081_0YWDF.jpg,Ioannes Ping,Jean Ping,Jean Ping,Jean Ping,Jean Ping,Jean Ping,Ioannes Ping,Jean Ping,Jean Ping,Jean Ping,0000 0000 6658 7597,69151771,138930082,no2003012788,144542557,070406693,,,,,,,,,,,,,,,,,,,,,,,,,,,,,,,
Q5897056,,Honorine Dossou Naki,,,Honorine Dossou Naki,Honorine Dossou Naki,Honorine Dossou Naki,,,Honorine Dossou Naki,,,,,,,,,Honorine Dossou Naki,Honorine Dossou Naki,,Honorine Dossou Naki,,,,,,,,,,,female,1946-03-14,,Honorine,,,,,,,,,,,,,,,,,,,,,,,,,,,,,,,,,,,,,,,,,,,,,,,,,,,
Q5989746,,Idriss Ngari,,,Idriss Ngari,,Idriss Ngari,,,Idriss Ngari,,,,,,,,Idriss Ngari,,Idriss Ngari,,Idriss Ngari,,,,,,,,,,,male,1946-04-02,,,,,,,,,,,,,,,,,,,,,,,,,,,,,,,,,,,,,,,,,,,,,,,,,,,,,
Q6120375,,Jacques Adiahénot,,,Jacques Adiahénot,,Jacques Adiahénot,,,Jacques Adiahénot,,,,,,,,,,Jacques Adiahénot,,Jacques Adiahénot,,,,,,,,,,,male,1944-05-11,,Jacques,,,,,,,,,,,,,,,,,,,,,,,,,,,,,,,,,,,,,,,,,,,,,,,,,,,
Q6169030,,,,,Jean-Boniface Assélé,Jean-Boniface Assélé,Jean-Boniface Assélé,,,Jean-Boniface Assélé,,,,,,,,,Jean-Boniface Assélé,Jean-Boniface Assélé,,Jean-Boniface Assélé,,,,,,,,,,,male,1939-02-09,,Jean,,,,,,,,,,,,,,,,,,,,,,,,,,,,,,,,,,,,,,,,,,,,,,,,,,,
Q6169939,,,,,Jean-Pierre Nguema,,Jean-Pierre Nguema,,,Jean-Pierre Nguema,,,,,,,,,,Jean-Pierre Nguema,,Jean-Pierre Nguema,,,,,,,,,,,male,1932,,Jean-Pierre,,,,,,,,,,,,,,,,,,,,,2008-12-05,,,,,,,,,,,,,,,,,,,,,,,,,,,,,,
Q668233,,Jean-François Ntoutoume Emane,,"Эман, Жан-Франсуа Нтутум",Jean-François Ntoutoume Emane,Jean-François Ntoutoume Emane,Jean-François Ntoutoume Emane,,Jean-François Ntoutoume Emane,Jean-François Ntoutoume Emane,,,让-弗朗索瓦·恩图图梅·埃马内,Жан-Франсуа Нтутум Еман,Jean-François Ntoutoume Emane,Jean-François Ntoutoume Emane,Jean-François Ntoutoume Emane,Jean-François Ntoutoume Emane,Jean-François Ntoutoume Emane,Jean-François Ntoutoume Emane,Jean-François Ntoutoume Emane,Jean-François Ntoutoume Emane,Jean-François Ntoutoume Emane,,Jean-François Ntoutoume Emane,Jean-François Ntoutoume Emane,,"Эман, Жан-Франсуа Нтутум",,,Жан-Франсуа Нтутум Еман,让-弗朗索瓦·恩图图梅·埃马内,male,1939-10-06,/m/0235wh,Jean-François,,,,,,Jean-François Ntoutoume Emane,Jean-François Ntoutoume Emane,,,Jean-François Ntoutoume Emane,,,,Jean-François Ntoutoume Emane,,191696495,170756211,,,,,,,,,,,,,,,,,,,,,Jean-François Ntoutoume Emane,Jean-François Ntoutoume Emane,,,,,,,,,,,,
Q6695782,,Luc Marat Abyla,,,Luc Marat Abyla,,Luc Marat Abyla,,,Luc Marat Abyla,,,,,,,,,,Luc Marat Abyla,,Luc Marat Abyla,,,,,,,,,,,male,,,Luc,,,,,,,,,,,,,,,,,,,,,,,,,,,,,,,,,,,,,,,,,,,,,,,,,,,
Q6711098,,Léon Mbou Yembi,,,Léon Mbou Yembi,Léon Mbou Yembi,Léon Mbou Yembi,,Léon Mbou Yembi,Léon Mbou Yembi,,,,,Léon Mbou Yembi,Léon Mbou Yembi,Léon Mbou Yembi,,Léon Mbou Yembi,Léon Mbou Yembi,,Léon Mbou Yembi,,,Léon Mbou Yembi,,,,,,,,male,1946-01-15,,Léon,,,,,,,,,,,,,,,0000 0000 7972 0203,24610755,,,11996954k,028058461,,,,,,,,,,,,,,,,,,,,,,,,,,,,,,,
Q6711125,,Léonard Andjembé,,,Léonard Andjembé,Léonard Andjembé,Léonard Andjembé,,,Léonard Andjembé,,,,,,,,,Léonard Andjembé,Léonard Andjembé,,Léonard Andjembé,,,,,,,,,,,male,1948-01-01,,Léonard,,,,,,,,,,,,,,,0000 0001 1456 3590,121570465,,,15076193v,105683698,,,,,,,,,,,,,,,,,,,,,,,,,,,,,,,
Q6756384,,Marcellin Mve Ebang,,,Marcellin Mve Ebang,,Marcellin Mve Ebang,,,Marcellin Mve Ebang,,,,,,,,Marcellin Mve Ebang,,Marcellin Mve Ebang,,Marcellin Mve Ebang,,,,,,,,,,,male,1959-04-13,,Marcellin,,,,,,,,,,,,,,,,,,,,,,,,,,,,,,,,,,,,,,,,,,,,,,,,,,,
Q6836261,,Michel Akouloua,,,Michel Akouloua,,Michel Akouloua,,,Michel Akouloua,,,,,,,,,,Michel Akouloua,,Michel Akouloua,,,,,,,,,,,male,,,Michel,,,,,,,,,,,,,,,,,,,,,,,,,,,,,,,,,,,,,,,,,,,,,,,,,,,
Q7191961,,,,,Pierre-André Kombila,,Pierre-André Kombila,,,Pierre-André Kombila,,,,,,,,,,Pierre-André Kombila,,Pierre-André Kombila,,,,,,,,,,,male,1941-05-08,,Pierre-André,,,,,,,,,,,,,,,,301229848,,,,169650561,,,,,,,,,,,,,,,,,,,,,,,,,,,,,,,
Q7520896,,Simplice Guedet Manzela,,,Simplice Guedet Manzela,,Simplice Guedet Manzela,,,Simplice Guedet Manzela,,,,,,,,Simplice Guedet Manzela,,Simplice Guedet Manzela,,Simplice Guedet Manzela,,,,,,,,,,,male,,,,,,,,,,,,,,,,,,,,,,,,,,,,,,,,,,,,,,,,,,,,,,,,,,,,,,
Q7932126,,Vincent de Paul Gondjout,,,Vincent de Paul Gondjout,,Vincent de Paul Gondjout,,,Vincent de Paul Gondjout,,,,,,,,,,Vincent de Paul Gondjout,,Vincent de Paul Gondjout,,,,,,,,,,,male,,,Vincent,,,,,,,,,,,,,,,,,,,,,,,,,,,,,,,,,,,,,,,,,,,,,,,,,,,
Q8063923,,Zacharie Myboto,,,Zacharie Myboto,Zacharie Myboto,Zacharie Myboto,,,Zacharie Myboto,,,,,,,,,Zacharie Myboto,Zacharie Myboto,,Zacharie Myboto,,,,,,,,,,,male,1938,,Zacharie,,,,,,,,,,,,,,,,74128237,,,15004289z,091499194,,,1619407,,,,,,,,,,,,,,,,,,,,,,,,,,,,
