id,name,constituency,party,executive,email,term,source,party_id,area,area_id,image
Glen_Blakeney_Bio,Glenn Blakeney,,PLP,Shadow Minister of Environment ,gblakeney@parliament.bm,2012,http://www.parliament.bm/Glen_Blakeney_Bio.aspx,PLP,Devonshire North Central,13,
Kenneth_Bascome,Kenneth Bascome,,OBA,Junior Minister of Tourism ,kbascome@parliament.bm,2012,http://www.parliament.bm/Kenneth_Bascome.aspx,OBA,St. George's North,01,http://www.parliament.bm/uploadedImages/Image_Gallery/BASCOME%20KENNETH.jpg
Nandi_Davis,Nandi Outerbridge,,OBA,Party Whip & Government Leader,nouterbridge@parliament.bm,2012,http://www.parliament.bm/Nandi_Davis.aspx,OBA,St. George's West,02,http://www.parliament.bm/uploadedImages/Image_Gallery/DAVIS%20NANDI.jpg
Lavita_Foggo,Lovitta Foggo ,,PLP,Shadow Minister of Education & Party Whip,lfoggo@parliament.bm,2012,http://www.parliament.bm/Lavita_Foggo.aspx,PLP,St. David's,03,"http://www.parliament.bm/uploadedImages/Image_Gallery/FOGGO,%20LOVITTA(2).jpg"
Suzann_Roberts-Holshouser,Suzann Roberts-Holshouser,,OBA,Deputy Speaker,sholshouser@parliament.bm,2012,http://www.parliament.bm/Suzann_Roberts-Holshouser.aspx,OBA,St. George's South,04,http://www.parliament.bm/uploadedImages/Image_Gallery/HOLSHOUSER%20SUZANN.jpg
Derrick_Burgess,Derrick Burgess,,PLP,"",dburgess@parliament.bm,2012,http://www.parliament.bm/Derrick_Burgess.aspx,PLP,Hamilton East,05,http://www.parliament.bm/uploadedImages/Image_Gallery/BURGESS2c%20D%2008.jpg
Wayne_Furbert,Wayne Furbert,,PLP,"",wfurbert@parliament.bm,2012,http://www.parliament.bm/Wayne_Furbert.aspx,PLP,Hamilton West,06,http://www.parliament.bm/uploadedImages/Image_Gallery/WAYNE%20FURBERT%2006.jpg
Sylvan_Richards_,Sylvan Richards Jr.,,OBA,Minister of Social Development & Sport,srichards@parliament.bm,2012,http://www.parliament.bm/Sylvan_Richards_.aspx,OBA,Hamilton South,07,http://www.parliament.bm/uploadedImages/Image_Gallery/RICHARDS%20SYLVAN.jpg
Cole_Simons,N. Cole Simons,,OBA,"Minister of Enviorment, Planning & Parks",nsimons@parliament.bm,2012,http://www.parliament.bm/Cole_Simons.aspx,OBA,Smiths South,08,"http://www.parliament.bm/uploadedImages/Image_Gallery/SIMONS,%20N.H.%20COLE(2).jpg"
Trevor_Moniz,Trevor Moniz,,OBA,Attorney General & Minister of Legal Affairs,tmoniz@parliament.bm,2012,http://www.parliament.bm/Trevor_Moniz.aspx,OBA,Smiths West,09,http://www.parliament.bm/uploadedImages/Image_Gallery/MONIZ%20TREVOR.jpg
Mr._Michael_Dunkle,Michael Dunkley,,OBA,Premier  ,mdunkley@parliament.bm,2012,http://www.parliament.bm/Mr._Michael_Dunkle.aspx,OBA,Smiths North,10,http://www.parliament.bm/uploadedImages/Image_Gallery/DUNKELY%20MICHAEL.jpg
Bob_Richards,E. T. Bob Richards,,OBA,Deputy Premier & Minister of Finance,brichards@parliament.bm,2012,http://www.parliament.bm/Bob_Richards.aspx,OBA,Devonshire East,11,http://www.parliament.bm/uploadedImages/Image_Gallery/RICHARDS%20ET.jpg
Craig_Cannonier,Craig Cannonier,,OBA,Minister of Public Works,ccannionier@gov.bm,2012,http://www.parliament.bm/Craig_Cannonier.aspx,OBA,Devonshire South Central,12,http://www.parliament.bm/uploadedImages/Image_Gallery/3216HOACRAIGCANNON7EE40(1).jpg
Diallo_Rabain,Diallo Rabain,,PLP,"",drabain@parliament.bm,2012,http://www.parliament.bm/Diallo_Rabain.aspx,PLP,Devonshire North Central,13,http://www.parliament.bm/uploadedImages/Content/About_Parliament/Senate/Members_of_Senate/DIALLORABAINVSR0155x7.jpeg
Glen_Smith,Glen Smith,,OBA,"",gsmith@parliament.bm,2012,http://www.parliament.bm/Glen_Smith.aspx,OBA,Devonshire North West,14,http://www.parliament.bm/uploadedImages/Image_Gallery/SMITH%20GLEN.jpg
Walter_Roban,Walter Roban,,PLP,Shadow Minister of Home Affairs,wroban@parliament.bm,2012,http://www.parliament.bm/Walter_Roban.aspx,PLP,Pembroke East,15,http://www.parliament.bm/uploadedImages/Image_Gallery/ROBAN_WALTER_066_5x7.jpg
Michael_Weeks,Michael Weeks,,PLP,Shadow Minster of Health & Community Affairs,mweeks@parliament.bm,2012,http://www.parliament.bm/Michael_Weeks.aspx,PLP,Pembroke East Central,16,http://www.parliament.bm/uploadedImages/Image_Gallery/WEEKS%20MICHAEL.jpg
Walton_Brown,Walton Brown,,PLP,"",wbrown@parliament.bm,2012,http://www.parliament.bm/Walton_Brown.aspx,PLP,Pembroke Central,17,http://www.parliament.bm/uploadedImages/Content/About_Parliament/House_of_Assembly/Members_of_Parliament/WB%20High%20Res%20(Edited%20Version).jpg
E._David_Burt,David Burt,,PLP,Shadow Minister of Finance,dburt@parliament.bm,2012,http://www.parliament.bm/E._David_Burt.aspx,PLP,Pembroke West Central,18,http://www.parliament.bm/uploadedImages/Content/About_Parliament/Senate/Members_of_Senate/2243CABSENATORSFO27F4E3.jpeg
Jeanne_Atherden,Jeanne Atherden,,OBA,Minister of Health & Seniors,jatherden@parliament.bm,2012,http://www.parliament.bm/Jeanne_Atherden.aspx,OBA,Pembroke West,19,http://www.parliament.bm/uploadedImages/Content/About_Parliament/House_of_Assembly/Members_of_Parliament/Jeanne%20Atherden%202.jpg
Susan_Jackson,Susan Jackson,,OBA,"",sjackson@parliament.bm,2012,http://www.parliament.bm/Susan_Jackson.aspx,OBA,Pembroke South West,20,http://www.parliament.bm/uploadedImages/Image_Gallery/4267_CAB_MP_JACKSON_SUSAN_VSR_003%20copy.jpg
Rolfe_Commissiong,Rolfe Commissiong,,PLP,"",rcommissiong@parliament.bm,2012,http://www.parliament.bm/Rolfe_Commissiong.aspx,PLP,Pembroke South East,21,http://www.parliament.bm/uploadedImages/Image_Gallery/COMMISSIONG%20ROLFE.jpg
Dr._Grant_Gibbons,Grant Gibbons,,OBA,Minister of Economic Development,ggibbons@parliament.bm,2012,http://www.parliament.bm/Dr._Grant_Gibbons.aspx,OBA,Paget East,22,http://www.parliament.bm/uploadedImages/Image_Gallery/GIBBONS%20GRANT.jpg
Patricia_Gordon_Pamplin,Patricia Gordon Pamplin,,OBA,"Minister of Community, Culture & Sports",ppamplin@parliament.bm,2012,http://www.parliament.bm/Patricia_Gordon_Pamplin.aspx,OBA,Paget West,23,http://www.parliament.bm/uploadedImages/Image_Gallery/GORDON%20PAMPLIN.jpg
Lawrence_Scott,Lawrence Scott,,PLP,Shadow Minister of Transportation,lwscott@parliament.bm,2012,http://www.parliament.bm/Lawrence_Scott.aspx,PLP,Warwick South East,24,http://www.parliament.bm/uploadedImages/Image_Gallery/LAWRENCE%20SCOTT.jpg
Mark_Pettingill,Mark Pettingill,,OBA,"",mpettingill@parliament.bm,2012,http://www.parliament.bm/Mark_Pettingill.aspx,OBA,Warwick North East,25,"http://www.parliament.bm/uploadedImages/Image_Gallery/PETTINGILL,%20MARK(1).jpg"
Marc_Bean,Marc Bean ,,PLP,Opposition Leader,mbean@parliament.bm,2012,http://www.parliament.bm/Marc_Bean.aspx,PLP,Warwick South Central,26,http://www.parliament.bm/uploadedImages/Image_Gallery/3151_EPIS_MINISTER_MARC_BEAN_VSR_009_5x7.jpg
Wayne_Scott,Wayne Scott,,OBA,Minister of Education ,rwscott@parliament.bm,2012,http://www.parliament.bm/Wayne_Scott.aspx,OBA,Warwick North Central,27,http://www.parliament.bm/uploadedImages/Image_Gallery/SCOTT%20WAYNE.jpg
Jeff_Sousa,Jeff Sousa,,OBA,"",jsousa@parliament.bm,2012,http://www.parliament.bm/Jeff_Sousa.aspx,OBA,Warwick West,28,http://www.parliament.bm/uploadedImages/Image_Gallery/SOUSA%20JEFFERSON.jpg
Zane_Desilva,Zane DeSilva,,PLP,"",zdesilva@parliament.bm,2012,http://www.parliament.bm/Zane_Desilva.aspx,PLP,Southampton East,29,"http://www.parliament.bm/uploadedImages/Image_Gallery/DESILVA,%20ZANE%5B1%5D.jpeg"
Leah_Scott,Leah Scott,,OBA,Junior Minister of Education,lkscott@gov.bm,2012,http://www.parliament.bm/Leah_Scott.aspx,OBA,Southampton East Central,30,http://www.parliament.bm/uploadedImages/Image_Gallery/SCOTT%20LEAH.jpg
Shawn_Crockwell,Shawn Crockwell,,OBA,Minister of Tourism and Transport,scrockwell@parliament.bm,2012,http://www.parliament.bm/Shawn_Crockwell.aspx,OBA,Southampton West Central,31,"http://www.parliament.bm/uploadedImages/Image_Gallery/CROCKWELL,%20SHAWN%5B1%5D.jpeg"
Randy_Horton,Randolph Horton,,Independent,Speaker of the House of Assembly,rhorton@parliament.bm,2012,http://www.parliament.bm/Randy_Horton.aspx,Independent,Southampton West,32,http://www.parliament.bm/uploadedImages/Image_Gallery/Horton.2006.jpg
Mr._Jamahl_S._Simmons,Jamahl Simmons,,PLP,Shadow Minister of Tourism & Economic Dev**,jsimmons@parliament.bm,2012,http://www.parliament.bm/Mr._Jamahl_S._Simmons.aspx,PLP,Sandys South,33,http://www.parliament.bm/uploadedImages/Content/About_Parliament/House_of_Assembly/Members_of_Parliament/Jamahl%20Simmons%20Pic.JPG
Mrs._Kim_Wilson,Kim Wilson,,PLP,"",kwilson@parliament.bm,2012,http://www.parliament.bm/Mrs._Kim_Wilson.aspx,PLP,Sandys South Central,34,http://www.parliament.bm/uploadedImages/Image_Gallery/2114_CAB_MINISTERS_FORMAL_PORTRAITS_VSR_KIM_WILSON_155.jpg
Dennis_Lister,Dennis Lister,,PLP,Shadow Minister of Public Works & Environ*** ,dlister@parliament.bm,2012,http://www.parliament.bm/Dennis_Lister.aspx,PLP,Sandys North Central,35,"http://www.parliament.bm/uploadedImages/Image_Gallery/LISTER,%20DENNIS.jpeg"
Michael_Scott,Michael Scott,,PLP,Shadow Attorney General,mscott@parliament.bm,2012,http://www.parliament.bm/Michael_Scott.aspx,PLP,Sandys North,36,"http://www.parliament.bm/uploadedImages/Image_Gallery/SCOTT,%20MICHAEL(1).jpg"
