id,name__es,name__en,name__fr,name,wikipedia__es,gender,given_name,original_wikiname,birth_date,name__it,name__nl,wikipedia__en,image,name__de,name__pt,name__zh_hans,name__zh_hant,name__zh_hk,name__zh_cn,name__zh_sg,name__zh_tw,name__eo,name__he,name__da,name__nb,name__zh,name__nn,name__sv,wikipedia__commons,wikipedia__da,wikipedia__de,wikipedia__eo,wikipedia__fr,wikipedia__he,wikipedia__it,wikipedia__nl,wikipedia__no,wikipedia__pt,wikipedia__zh,identifier__ISNI,identifier__VIAF,identifier__GND,identifier__LCAuth,identifier__BNF,identifier__SUDOC,identifier__freebase,identifier__NTA,identifier__FAST,name__cy,death_date,name__hu,last_seen
Q17462474,Víctor Correa Vélez,,,Víctor Correa Vélez,Víctor Correa Vélez,male,Víctor,Víctor Correa Vélez,1986-03-14,,,,https://upload.wikimedia.org/wikipedia/commons/2/26/HAP-035.JPG,,,,,,,,,,,,,,,,,,,,,,,,,,,,,,,,,,,,,,,
Q17477937,María Fernanda Cabal,María Fernanda Cabal,María Fernanda Cabal,María Fernanda Cabal,María Fernanda Cabal,female,María,María Fernanda Cabal,1964,,,,,,,,,,,,,,,,,,,,,,,,,,,,,,,,,,,,,,,,,,,
Q17478041,Horacio Gallón Arango,,,Horacio Gallón Arango,Horacio Gallón Arango,male,Horacio,Horacio Gallón Arango,1969-11-06,,,,,,,,,,,,,,,,,,,,,,,,,,,,,,,,,,,,,,,,,,,
Q17478067,Carlos Eduardo Guevara,Carlos Eduardo Guevara Villabón,Carlos Eduardo Guevara,Carlos Eduardo Guevara,Carlos Eduardo Guevara,male,Carlos,Carlos Eduardo Guevara,1977-01-29,Carlos Eduardo Guevara,,Carlos Eduardo Guevara Villabón,https://upload.wikimedia.org/wikipedia/commons/6/6a/Ing_guevara2.jpg,,,,,,,,,,,,,,,,,,,,,,,,,,,,,,,,,,,,,,,
Q17620958,Ana Paola Agudelo,Ana Paola Agudelo García,Ana Paola Agudelo,Ana Paola Agudelo,Ana Paola Agudelo,female,Ana,Ana Paola Agudelo,1983-05-08,Ana Paola Agudelo,Ana Paola Agudelo García,Ana Paola Agudelo García,https://upload.wikimedia.org/wikipedia/commons/d/df/Ana_paola_agudelo_MIRA.jpg,,,,,,,,,,,,,,,,,,,,,,,,,,,,,,,,,,,,,,,
Q17625094,Pierre García,Pierre García,Pierre García,Pierre García,Pierre García,male,Pierre,Pierre García,,,Pierre García,,,,,,,,,,,,,,,,,,,,,,,,,,,,,,,,,,,,,,,,,
Q17631051,Tatiana Cabello Flórez,,,Tatiana Cabello Flórez,Tatiana Cabello Flórez,female,Tatiana,Tatiana Cabello Flórez,1977-05-05,,,,,,,,,,,,,,,,,,,,,,,,,,,,,,,,,,,,,,,,,,,
Q17632145,Federico Hoyos,,,Federico Hoyos,Federico Hoyos,male,Federico,Federico Hoyos,,,,,,,,,,,,,,,,,,,,,,,,,,,,,,,,,,,,,,,,,,,,
Q18224207,Martha Villalba Hodwalker,Martha Villalba Hodwalker,Martha Villalba Hodwalker,Martha Villalba Hodwalker,Martha Villalba Hodwalker,female,Martha,Martha Villalba Hodwalker,1966-12-05,,,,,,,,,,,,,,,,,,,,,,,,,,,,,,,,,,,,,,,,,,Martha Villalba Hodwalker,
Q18590519,Eduardo Crissien Borrero,Eduardo Crissien Borrero,Eduardo Crissien Borrero,Eduardo Crissien Borrero,Eduardo Crissien Borrero,male,Eduardo,Eduardo Crissien Borrero,1966-07-23,Eduardo Crissien Borrero,,,,,,,,,,,,,,,,,,,,,,,,,,,,,,,,,,,,,,,,,,
Q18633893,Alvaro Hernán Prada,Alvaro Hernán Prada,,Alvaro Hernán Prada,Álvaro Hernán Prada,male,Alvaro,Álvaro Hernán Prada,1972-06-04,,,,,,,,,,,,,,,,,,,,,,,,,,,,,,,,,,,,,,,,,,,
Q19646794,Samuel Hoyos,Samuel Hoyos,,Samuel Hoyos,Samuel Hoyos,male,Samuel,Samuel Hoyos,1984-05-30,,,,,,,,,,,,,,,,,,,,,,,,,,,,,,,,,,,,,,,,,,,
Q19646922,Esperanza Pinzón,Esperanza Pinzón,,Esperanza Pinzón,Esperanza Pinzón,female,Esperanza,Esperanza Pinzón,1952-08-29,,,,,,,,,,,,,,,,,,,,,,,,,,,,,,,,,,,,,,,,,,,
Q20012993,Alfredo Ape Cuello,Alfredo Ape Cuello,Alfredo Ape Cuello,Alfredo Ape Cuello,Alfredo Cuello Baute,male,Alfredo,Alfredo Cuello Baute,,,Alfredo Ape Cuello,,,,,,,,,,,,,,,,,,,,,,,,,,,,,,,,,,,,,,,,,
Q20013005,Alirio Uribe Muñoz,,,Alirio Uribe Muñoz,Alirio Uribe Muñoz,male,,Alirio Uribe Muñoz,1960-11-28,,,,,,,,,,,,,,,,,,,,,,,,,,,,,,,,,,,,,,,,,,,
Q20013201,Arturo Yepes,,,Arturo Yepes,Arturo Yepes,male,Arturo,Arturo Yepes,,,,,,,,,,,,,,,,,,,,,,,,,,,,,,,,,,,,,,,,,,,Arturo Yepes,
Q20013453,Berner Zambrano,,,Berner Zambrano,Berner Zambrano,male,,Berner Zambrano,,,,,,,,,,,,,,,,,,,,,,,,,,,,,,,,,,,,,,,,,,,,
Q20013810,Carlos Edward Osorio Aguiar,Carlos Edward Osorio Aguiar,Carlos Edward Osorio Aguiar,Carlos Edward Osorio Aguiar,Carlos Edward Osorio Aguiar,male,Carlos,Carlos Edward Osorio Aguiar,1974-09,,,,,,,,,,,,,,,,,,,,,,,,,,,,,,,,,,,,,,,,,,,
Q20014406,David Barguil,,David Barguil,David Barguil,David Barguil,male,David,David Barguil,1981-06-23,,,,,,,,,,,,,,,,,,,,,,,,,,,,,,,,,,,,,,,,,,David Barguil,
Q20014566,Didier Burgos,,,Didier Burgos,Didier Burgos,male,,Didier Burgos,,,,,,,,,,,,,,,,,,,,,,,,,,,,,,,,,,,,,,,,,,,Didier Burgos,
Q20015241,Germán Blanco Álvarez,,,Germán Blanco Álvarez,Germán Blanco Álvarez,male,,Germán Blanco Álvarez,,,,,,,,,,,,,,,,,,,,,,,,,,,,,,,,,,,,,,,,,,,Germán Blanco Álvarez,
Q20015337,Guillermina Bravo Montaño,Guillermina Bravo Montaño,Guillermina Bravo Montaño,Guillermina Bravo Montaño,Guillermina Bravo Montaño,female,,Guillermina Bravo Montaño,1949-07-27,,,Guillermina Bravo Montaño,,,,,,,,,,,,,,,,,,,,,,,,,,,,,,,,,,,,,,,,
Q20015401,Hernán Penagos,Hernán Penagos,Hernán Penagos,Hernán Penagos,Hernán Penagos,male,Hernán,Hernán Penagos,,,Hernán Penagos,,,,,,,,,,,,,,,,,,,,,,,,,,,,,,,,,,,,,,,,Hernán Penagos,
Q20016901,Inti Asprilla,,Inti Asprilla,Inti Asprilla,Inti Asprilla,female,,Inti Asprilla,1981-10-09,,,,,,,,,,,,,,,,,,,,,,,,,,,,,,,,,,,,,,,,,,Inti Asprilla,
Q20016914,Iván Darío Agudelo,,,Iván Darío Agudelo,Iván Darío Agudelo,male,Iván,Iván Darío Agudelo,1967,,,,,,,,,,,,,,,,,,,,,,,,,,,,,,,,,,,,,,,,,,,
Q20016923,Jaime Buenahora,,,Jaime Buenahora,Jaime Buenahora,male,Jaime,Jaime Buenahora,,,,,,,,,,,,,,,,,,,,,,,,,,,,,,,,,,,,,,,,,,,,
Q20016949,John Jairo Roldán,,John Jairo Roldán,John Jairo Roldán,Jhon Jairo Roldán,male,John,Jhon Jairo Roldán,,,,,,,,,,,,,,,,,,,,,,,,,,,,,,,,,,,,,,,,,,,,
Q20016971,José Ignacio Mesa,,José Ignacio Mesa,José Ignacio Mesa,José Ignacio Mesa,male,José,José Ignacio Mesa,,,,,,,,,,,,,,,,,,,,,,,,,,,,,,,,,,,,,,,,,,,José Ignacio Mesa,
Q20016994,Juan Felipe Lemos,,,Juan Felipe Lemos,Juan Felipe Lemos,male,Juan,Juan Felipe Lemos,,,,,,,,,,,,,,,,,,,,,,,,,,,,,,,,,,,,,,,,,,,,
Q20017013,Julián Bedoya,,,Julián Bedoya,Julián Bedoya,male,Julián,Julián Bedoya,,,,,,,,,,,,,,,,,,,,,,,,,,,,,,,,,,,,,,,,,,,,
Q20017105,León Darío Ramírez,,,León Darío Ramírez,León Darío Ramírez,male,,León Darío Ramírez,,,,,,,,,,,,,,,,,,,,,,,,,,,,,,,,,,,,,,,,,,,,
Q20017110,Lina Barrera Rueda,Lina Barrera Rueda,,Lina Barrera Rueda,Lina Barrera Rueda,female,Lina,Lina Barrera Rueda,,,,,,,,,,,,,,,,,,,,,,,,,,,,,,,,,,,,,,,,,,,,
Q20017173,Margarita Restrepo,Margarita Restrepo,,Margarita Restrepo,Margarita Restrepo,female,Margarita,Margarita Restrepo,,,,,,,,,,,,,,,,,,,,,,,,,,,,,,,,,,,,,,,,,,,,
Q20017210,Mauricio Salazar Peláez,,,Mauricio Salazar Peláez,Mauricio Salazar Peláez,male,Mauricio,Mauricio Salazar Peláez,,,,,,,,,,,,,,,,,,,,,,,,,,,,,,,,,,,,,,,,,,,Mauricio Salazar Peláez,
Q20017285,Nicolás Echeverry,,,Nicolás Echeverry,Nicolás Echeverry,male,Nicolás,Nicolás Echeverry,,,,,,,,,,,,,,,,,,,,,,,,,,,,,,,,,,,,,,,,,,,Nicolás Echeverry,
Q20018258,Regina Zuluaga,,,Regina Zuluaga,Regina Zuluaga,female,,Regina Zuluaga,,,,,,,,,,,,,,,,,,,,,,,,,,,,,,,,,,,,,,,,,,,Regina Zuluaga,
Q20018304,Sandra Ortiz,,,Sandra Ortiz,Sandra Ortiz,female,Sandra,Sandra Ortiz,,,,,,,,,,,,,,,,,,,,,,,,,,,,,,,,,,,,,,,,,,,,
Q20018306,Santiago Valencia,,,Santiago Valencia,Santiago Valencia,male,Santiago,Santiago Valencia,,,,,,,,,,,,,,,,,,,,,,,,,,,,,,,,,,,,,,,,,,,Santiago Valencia,
Q20018309,Sara Piedrahita Lyons,Sara Piedrahita Lyons,,Sara Piedrahita Lyons,Sara Piedrahita Lyons,female,Sara,Sara Piedrahita Lyons,,,,,,,,,,,,,,,,,,,,,,,,,,,,,,,,,,,,,,,,,,,,
Q20022289,Telésforo Pedraza,,,Telésforo Pedraza,Telésforo Pedraza,male,,Telésforo Pedraza,,,,,,,,,,,,,,,,,,,,,,,,,,,,,,,,,,,,,,,,,,,Telésforo Pedraza,
Q20022294,Wilson Córdoba,,,Wilson Córdoba,Wilson Córdoba,male,Wilson,Wilson Córdoba,,,,,,,,,,,,,,,,,,,,,,,,,,,,,,,,,,,,,,,,,,,,
Q20022295,Yahir Acuña,,,Yahir Acuña,Yahir Acuña,male,,Yahir Acuña,,,,,,,,,,,,,,,,,,,,,,,,,,,,,,,,,,,,,,,,,,,,
Q20022297,Óscar de Jesús Hurtado,,,Óscar de Jesús Hurtado,Óscar de Jesús Hurtado,male,Óscar,Óscar de Jesús Hurtado,,,,,,,,,,,,,,,,,,,,,,,,,,,,,,,,,,,,,,,,,,,,
Q20994831,Fernando De la Peña,,,Fernando De la Peña,Fernando De la Peña,male,Fernando,Fernando De la Peña,1956-04-19,,,,,,,,,,,,,,,,,,,,,,,,,,,,,,,,,,,,,,,,,,,
Q20994977,Eloy Quintero Romero,Eloy Quintero Romero,Eloy Quintero Romero,Eloy Quintero Romero,Eloy Quintero Romero,male,Eloy,Eloy Quintero Romero,1953-09-23,,,,,,,,,,,,,,,,,,,,,,,,,,,,,,,,,,,,,,,,,,,
Q257434,Clara Rojas,Clara Rojas,Clara Rojas,Clara Rojas,Clara Rojas,female,Clara,Clara Rojas,1964-12-20,Clara Rojas,Clara Rojas,Clara Rojas,https://upload.wikimedia.org/wikipedia/commons/e/e8/Clararojas.jpg,Clara Rojas,Clara Rojas,克拉拉·罗哈斯,克拉拉·羅哈斯,克拉拉·羅哈斯,克拉拉·罗哈斯,克拉拉·罗哈斯,克拉拉·羅哈斯,Clara Rojas,קלרה רוחאס,Clara Rojas,Clara Rojas,克拉拉·罗哈斯,Clara Rojas,Clara Rojas,Category:Clara Rojas,Clara Rojas,Clara Rojas,Clara Rojas,Clara Rojas,קלרה רוחאס,Clara Rojas,Clara Rojas,Clara Rojas,Clara Rojas,克拉拉·罗哈斯,0000 0001 0922 7429,88412840,138092516,n2009032683,161430539,138474656,/m/03h1xq8,320746801,1791351,,,Clara Rojas,
Q4764313,Angélica Lozano Correa,Angélica Lozano Correa,,Angélica Lozano Correa,Angélica Lozano,female,Angélica,Angélica Lozano,1975-05-07,,Angélica Lozano Correa,Angélica Lozano Correa,,Angélica Lozano Correa,,,,,,,,,,,,,,,,,,,,,,,,,,,,,,,,,,,,,,
Q5854162,Fabio Amín,,,Fabio Amín,Fabio Amín,male,Fabio,Fabio Amín,1976,,Fabio Amín,,,,,,,,,,,,,,,,,,,,,,,,,,,,,,,,,,,,,,,,,
Q5878635,Germán Carlosama,,,Germán Carlosama,Germán Carlosama,male,Germán,Germán Carlosama,,,Germán Carlosama,,,,,,,,,,,,,,,,,,,,,,,,,,,,,,,,,,,,,,,,,
Q5878763,Germán Navas Talero,,,Germán Navas Talero,Germán Navas Talero,male,Germán,Germán Navas Talero,1941-04-01,,Germán Navas Talero,,https://upload.wikimedia.org/wikipedia/commons/d/df/Representante_navas.jpg,,,,,,,,,,,,,,,,,,,,,,,,,,,,,,,,,,,,,,,
Q6005013,María del Socorro Bustamante,María del Socorro Bustamante,María del Socorro Bustamante,María del Socorro Bustamante,María del Socorro Bustamante,female,María,María del Socorro Bustamante,1944-02-17,,María del Socorro Bustamante,María del Socorro Bustamante,,,,,,,,,,,,,,,,,,,,,María del Socorro Bustamante,,,,,,,,,,,,,,,,María del Socorro Bustamante,2015-03-20,,
Q6037689,Nancy Denise Castillo García,,,Nancy Denise Castillo García,Nancy Castillo,female,Nancy,Nancy Castillo,,,Nancy Denise Castillo García,,,,,,,,,,,,,,,,,,,,,,,,,,,,,,,,,,,,,,,,,
Q6053824,Oscar Darío Pérez,Oscar Darío Pérez,Oscar Darío Pérez,Oscar Darío Pérez,Oscar Darío Pérez,male,Oscar,Oscar Darío Pérez,1952,,Oscar Darío Pérez,,,,,,,,,,,,,,,,,,,,,,,,,,,,,,,,,,,,,,,,Oscar Darío Pérez,
Q6110723,Rodrigo Lara Restrepo,Rodrigo Lara Restrepo,Rodrigo Lara Restrepo,Rodrigo Lara Restrepo,Rodrigo Lara Restrepo,male,Rodrigo,Rodrigo Lara Restrepo,1975-05-12,Rodrigo Lara Restrepo,Rodrigo Lara Restrepo,,https://upload.wikimedia.org/wikipedia/commons/8/84/Rodrigo_Lara_Restrepo02.jpg,,,,,,,,,,,,,,,,,,,,,,,,,,,,,,,,,,,,,,Rodrigo Lara Restrepo,
Q6173648,Ángela María Robledo,Ángela María Robledo,Ángela María Robledo,Ángela María Robledo,Ángela Robledo,female,Ángela,Ángela Robledo,,,Ángela María Robledo,,,Ángela María Robledo,,,,,,,,,,,,,,,,,,,,,,,,,,,,,,,,,,,,,,
Q6174191,Édgar Gómez Román,,,Édgar Gómez Román,Édgar Gómez Román,male,Édgar,Édgar Gómez Román,,,Édgar Gómez Román,,,,,,,,,,,,,,,,,,,,,,,,,,,,,,,,,,,,,,,,,
