id,name__en,name__pl,name__nl,name__de,name,wikipedia__en,wikipedia__pl,gender,birth_date,given_name,original_wikiname,name__fr,name__es,name__tr,name__de_ch,name__el,name__en_ca,name__en_gb,name__et,name__nb,name__ru,name__na,name__fi,name__da,name__nn,name__sv,name__sk,name__ja,name__ar,name__la,name__it,name__vi,wikipedia__ar,wikipedia__commons,wikipedia__de,wikipedia__el,wikipedia__es,wikipedia__et,wikipedia__fi,wikipedia__fr,wikipedia__it,wikipedia__ja,wikipedia__la,wikipedia__na,wikipedia__nl,wikipedia__no,wikipedia__ru,wikipedia__simple,wikipedia__sk,wikipedia__tr,wikipedia__vi,image,identifier__freebase,name__ca,name__oc,name__az,wikipedia__az,name__szl,wikipedia__szl,name__eo,wikipedia__eo,wikipedia__nn,name__pt,name__is,name__he,name__ast,name__gl,name__id,name__mr,name__io,name__hr,wikipedia__ast,wikipedia__gl,wikipedia__he,wikipedia__hr,wikipedia__id,wikipedia__io,wikipedia__is,wikipedia__mr,wikipedia__oc,wikipedia__pt,wikipedia__sv,name__zh_hans,name__zh_hant,name__zh_hk,name__zh_cn,name__zh_sg,name__zh_tw,name__ko,name__be,name__yo,name__sw,name__sh,name__ro,name__tpi,name__zh,name__cs,wikipedia__be,wikipedia__cs,wikipedia__da,wikipedia__ko,wikipedia__ro,wikipedia__sh,wikipedia__sw,wikipedia__tpi,wikipedia__yo,wikipedia__zh,family_name,name__hu,wikipedia__bg,name__bg,twitter,wikipedia__plwikiquote,death_date,name__cy,identifier__Britannica,wikipedia__cy
Q13453726,Lyn-Wannan Kam,Tawaki Kam,Lyn-Wannan Kam,,Lyn-Wannan Kam,Lyn-Wannan Kam,Tawaki Kam,male,,,Lyn-Wannan Kam,Lyn-Wannan Kam,,,,,,,,,,,,,,,,,,,,,,,,,,,,Lyn-Wannan Kam,,,,,,,,,,,,,,,,,,,,,,,,,,,,,,,,,,,,,,,,,,,,,,,,,,,,,,,,,,,,,,,,,,,,,,,,,,,,,
Q13453817,Squire Jeremiah,Squire Jeremiah,Squire Jeremiah,Squire Jeremiah,Squire Jeremiah,Squire Jeremiah,Squire Jeremiah,male,,,Squire Jeremiah,Squire Jeremiah,,,,,,,,,,,,,,,,,,,,,,,,,,,,Squire Jeremiah,,,,,,,,,,,,,/m/0vzsrh2,,,,,,,,,,,,,,,,,,,,,,,,,,,,,,,,,,,,,,,,,,,,,,,,,,,,,,,,,,,,,,,,
Q13454037,Charmaine Scotty,Charmaine Scotty,Charmaine Scotty,Charmaine Scotty,Charmaine Scotty,Charmaine Scotty,Charmaine Scotty,female,"",Charmaine,Charmaine Scotty,Charmaine Scotty,,,,,,,,,,,,,,,,,,,,,,,Charmaine Scotty,,,,,Charmaine Scotty,,,,,,,,,,,,https://upload.wikimedia.org/wikipedia/commons/d/de/Julie_Bishop_and_Charmaine_Scotty.jpg,/m/0vzscvr,,,,,,,,,,,,,,,,,,,,,,,,,,,,,,,,,,,,,,,,,,,,,,,,,,,,,,,,,,,,,,,,
Q1391207,Kieren Keke,Kieren Keke,Kieren Keke,Kieren Keke,Kieren Keke,Kieren Keke,Kieren Keke,male,1971-06-27,,Kieren Keke,Kieren Keke,Kieren Keke,,,,,,,Kieren Keke,"Кеке, Кирен Адоган",Kieren Aedogan Ankwong Keke,,Kieren Aedogan Ankwong Keke,Kieren Keke,Kieren Aedogan Ankwong Keke,,,,,,,,,Kieren Keke,,,,,Kieren Keke,,,,,,Kieren Keke,"Кеке, Кирен Адоган",,,,,,/m/021yf6,,,,,Kieren Keke,Kieren Keke,Kieren Keke,Kieren Keke,Kieren Keke,,,,,,,,,,,,,,,,,,,,,,,,,,,,,,,,,,,,,,,,,,,,,,,,,,,,,,,
Q143932,Godfrey Thoma,Godfrey Thoma,Godfrey Thoma,Godfrey Thoma,Godfrey Thoma,Godfrey Thoma,Godfrey Thoma,male,1957-01-22,Godfrey,Godfrey Thoma,Godfrey Thoma,Godfrey Thoma,,,,,,,Godfrey Thoma,,,,,,,,,,,,,,,Godfrey Thoma,,,,,Godfrey Thoma,,,,,,Godfrey Thoma,,,,,,,/m/057n98l,,,,,Godfrey Thoma,Godfrey Thoma,,,,,,,,,,,,,,,,,,,,,,,,,,,,,,,,,,,,,,,,,,,,,,,,,,Godfrey Thoma,,,,,,,,
Q16158701,Ranin Akua,Ranin Akua,Ranin Akua,,Ranin Akua,Ranin Akua,Ranin Akua,male,,,Ranin Akua,,,,,,,,,,,,,,,,,,,,,,,,,,,,,,,,,,,,,,,,,,,,,,,,,,,,,,,,,,,,,,,,,,,,,,,,,,,,,,,,,,,,,,,,,,,,,,,,,,,,,,,,,,
Q1824037,Itubwa Amram,Itubwa Amram,Itubwa Amram,Itubwa Amram,Itubwa Amram,Itubwa Amram,Itubwa Amram,male,1922-12-21,,Itubwa Amram,,Itubwa Amram,,,,,,,,,,,,,,,,,,,,,,,,,,,,,,,,,,,,,,,,,,,,,,,,,,,,,,,,,,,,,,,,,,,,,,,,,,,,,,,,,,,,,,,,,,,,,,,,,,,,,1989-07-17,,,
Q2162897,Roland Kun,Roland Kun,Roland Kun,Roland Kun,Roland Kun,Roland Kun,Roland Kun,male,1970-05-06,Roland,Roland Kun,Roland Kun,Roland Kun,,,,,,,,,,,,,,,,,,,,,,Roland Kun,,,,,Roland Kun,,,,,,,,,,,,,/m/04181t4,,,,,,,,,,,,,,,,,,,,,,,,,,,,,,,,,,,,,,,,,,,,,,,,,,,,,,,,Roland Kun,,,,,,,,
Q2400404,Milton Dube,Milton Dube,Milton Dube,Milton Dube,Milton Dube,Milton Dube,Milton Dube,male,,Milton,Milton Dube,Milton Dube,,,,,,,,,,,,,,,,,,,,,,,,,,,,Milton Dube,,,,,,,,,,,,,/m/0drw5mn,,,,,,,,,,,,,,,,,,,,,,,,,,,,,,,,,,,,,,,,,,,,,,,,,,,,,,,,,,,,,,,,
Q274174,Marcus Stephen,Marcus Stephen,Marcus Stephen,Marcus Stephen,Marcus Stephen,Marcus Stephen,Marcus Stephen,male,1969-10-01,Marcus,Marcus Stephen,Marcus Stephen,Marcus Stephen,Marcus Stephen,,Μάρκους Στίβεν,,,Marcus Stephen,Marcus Stephen,"Стивен, Маркус",Marcus Stephen,Marcus Stephen,Marcus Stephen,Marcus Stephen,Marcus Stephen,,マーカス・スティーブン,ماركوس ستيفن,,Marcus Stephen,,ماركوس ستيفن,Category:Marcus Stephen,Marcus Stephen,Μάρκους Στίβεν,Marcus Stephen,Marcus Stephen,Marcus Stephen,Marcus Stephen,Marcus Stephen,マーカス・スティーブン,,Marcus Stephen,Marcus Stephen,Marcus Stephen,"Стивен, Маркус",,,Marcus Stephen,,https://upload.wikimedia.org/wikipedia/commons/0/08/President_Marcus_Stephen_of_Nauru.jpg,/m/08z59_,,Marcus Stephen,,,Marcus Stephen,Marcus Stephen,,,,Marcus Stephen,,,,,Marcus Stephen,,,Marcus Stephen,,,,Marcus Stephen,Marcus Stephen,,,,Marcus Stephen,Marcus Stephen,Marcus Stephen,马库斯·斯蒂芬,馬庫斯·斯蒂芬,馬庫斯·斯蒂芬,马库斯·斯蒂芬,马库斯·斯蒂芬,馬庫斯·史蒂芬,마커스 스티븐,Маркус Стывен,Marcus Stephen,Marcus Stephen,Marcus Stephen,Marcus Stephen,Marcus Stephen,马库斯·斯蒂芬,Marcus Stephen,Маркус Стывен,Marcus Stephen,Marcus Stephen,마커스 스티븐,Marcus Stephen,Marcus Stephen,Marcus Stephen,Marcus Stephen,Marcus Stephen,马库斯·斯蒂芬,Stephen,Marcus Stephen,,,,Marcus Stephen,,,,
Q282252,Shadlog Bernicke,Shadlog Bernicke,Shadlog Bernicke,Shadlog Bernicke,Shadlog Bernicke,Shadlog Bernicke,Shadlog Bernicke,male,1966-07-08,,Shadlog Bernicke,Shadlog Bernicke,,,,,,,,,,,,,,,,,,,,,,,,,,,,,,,,,,,,,,,,,,,,,,,,,,,,,,,,,,,,,,,,,,,,,,,,,,,,,,,,,,,,,,,,,,,,,,,,,,,,,,,,,
Q313003,Ludwig Scotty,Ludwig Scotty,Ludwig Scotty,Ludwig Scotty,Ludwig Scotty,Ludwig Scotty,Ludwig Scotty,male,1948-06-20,Ludwig,Ludwig Scotty,Ludwig Scotty,Ludwig Scotty,,,Λούντβιχ Σκόττι,,,Ludwig Scotty,Ludwig Scotty,"Скотти, Людвиг Дерангадаге",Ludwig Scotty,Ludwig Scotty,Ludwig Scotty,Ludwig Scotty,Ludwig Scotty,,ルドウィグ・スコッティ,,,Ludwig Scotty,,,,Ludwig Scotty,Λούντβιχ Σκόττι,Ludwig Scotty,Ludwig Scotty,Ludwig Scotty,Ludwig Scotty,Ludwig Scotty,ルドウィグ・スコッティ,,Ludwig Scotty,,Ludwig Scotty,"Скотти, Людвиг Дерангадаге",,,,,,/m/01n2nc,,Ludwig Scotty,,,,,,,,Ludwig Scotty,Ludwig Scotty,לודוויג סקוטי,Ludwig Scotty,Ludwig Scotty,Ludwig Scotty,लुडविग स्कॉटी,Ludwig Scotty,Ludwig Scotty,Ludwig Scotty,Ludwig Scotty,לודוויג סקוטי,Ludwig Scotty,Ludwig Scotty,Ludwig Scotty,Ludwig Scotty,लुडविग स्कॉटी,Ludwig Scotty,Ludwig Scotty,Ludwig Scotty,,,,,,,,,,,,,,,,,,,,,,,,,,,Ludwig Scotty,,,,,,,,
Q321026,Russell Kun,Russell Kun,Russell Kun,Russell Kun,Russell Kun,Russell Kun,Russell Kun,male,1966-05-24,Russell,Russell Kun,Russell Kun,Russell Kun,,,,,,,Russell Kun,,,,Russell Kun,Russell Kun,Russell Kun,,,,,,,,,Russell Kun,,,,,Russell Kun,,,,,,Russell Kun,,,,,,,/m/02qyzv,,,,,,,,,,,,,,,,,,,,,,,,,,,,,,,,,,,,,,,,,,,,,,,,,,,,,,,,Russell Kun,,,,,,,,
Q321050,Valdon Dowiyogo,Valdon Dowiyogo,Valdon Dowiyogo,Valdon Dowiyogo,Valdon Dowiyogo,Valdon Dowiyogo,Valdon Dowiyogo,male,1968-08-31,,Valdon Dowiyogo,Valdon Dowiyogo,Valdon Dowiyogo,,,,,,,Valdon Dowiyogo,,,,,,,,,,,,,,,Valdon Dowiyogo,,,,,,,,,,,Valdon Dowiyogo,,,,,,,/m/0405fp8,,,,,,,,,,,,,,,,,,,,,,,,,,,,,,,,,,,,,,,,,,,,,,,,,,,,,,,,Valdon Dowiyogo,,,,,,,,
Q321175,Riddell Akua,Riddell Akua,Riddell Akua,Riddell Akua,Riddell Akua,Riddell Akua,Riddell Akua,male,1963-01-26,,Riddell Akua,Riddell Akua,Riddell Akua,,,,,,,Riddell Akua,,,,Riddell Akua,Riddell Akua,Riddell Akua,,,,,,,,,Riddell Akua,,,,,,,,,,,Riddell Akua,,,,,,,/m/0g6nby,,,,,,,,,,,,,,,,,,,,,,,,,,,,,,,,,,,,,,,,,,,,,,,,,,,,,,,,Riddell Akua,,,,,,,,
Q3217082,Landon Deireragea,Landon Deireragea,Landon Deireragea,Landon Deireragea,Landon Deireragea,Landon Deireragea,Landon Deireragea,male,1960-05-16,,Landon Deireragea,Landon Deireragea,,,,,,,,,,,,,,,,,,,,,,,,,,,,Landon Deireragea,,,,,,,,,,,,,,,,,,,,,,,,,,,,,,,,,,,,,,,,,,,,,,,,,,,,,,,,,,,,,,,,,,,,,,,,,,,,,
Q322362,Vassal Gadoengin,Vassal Gadoengin,Vassal Gadoengin,Vassal Gadoengin,Vassal Gadoengin,Vassal Gadoengin,Vassal Gadoengin,male,1943-05-01,,Vassal Gadoengin,Vassal Gadoengin,Vassal Gadoengin,,,,,,,Vassal Gadoengin,,,,,,,,,,,,,,,Vassal Gadoengin,,,,,,,,,,,Vassal Gadoengin,,,,,,,/m/0416plv,,,,,,,,,,,,,,,,,,,,,,,,,,,,,,,,,,,,,,,,,,,,,,,,,,,,,,,,Vassal Gadoengin,,,,,2004-12-15,Vassal Gadoengin,,
Q3298531,Mathew Batsiua,Mathew Batsiua,Mathew Batsiua,Mathew Batsiua,Mathew Batsiua,Mathew Batsiua,Mathew Batsiua,male,1971-05-27,Mathew,Mathew Batsiua,Mathew Batsiua,,,,,,,,,,,,,,,,,,,,,,,,,,,,Mathew Batsiua,,,,,,,,,,,,,/m/057n0_r,,,,,,,,,,,,,,,,,,,,,,,,,,,,,,,,,,,,,,,,,,,,,,,,,,,,,,,,,,,,,,,,
Q336231,Hammer DeRoburt,Hammer DeRoburt,Hammer DeRoburt,Hammer DeRoburt,Hammer DeRoburt,Hammer DeRoburt,Hammer DeRoburt,male,1922-09-25,,Hammer DeRoburt,Hammer DeRoburt,Hammer DeRoburt,,,Χάμερ ντε Ρομπίρτ,,,,Hammer DeRoburt,"Де-Робурт, Хаммер",Hammer DeRoburt,Hammer DeRoburt,Hammer DeRoburt,Hammer DeRoburt,Hammer DeRoburt,,ハマー・デロバート,همر دي روبرت,,Hammer DeRoburt,,همر دي روبرت,,Hammer DeRoburt,Χάμερ ντε Ρομπίρτ,Hammer DeRoburt,,Hammer DeRoburt,Hammer DeRoburt,Hammer DeRoburt,ハマー・デロバート,,Hammer DeRoburt,,Hammer DeRoburt,"Де-Робурт, Хаммер",,,,,https://upload.wikimedia.org/wikipedia/commons/c/ca/NRU-Gadabu-DeRoburt-1968_(cropped).jpg,/m/01pld9,,Hammer DeRoburt,,,,,,,,Hammer DeRoburt,Hammer DeRoburt,,Hammer DeRoburt,Hammer DeRoburt,,हॅमर डिरॉबुर्ट,Hammer DeRoburt,Hammer DeRoburt,Hammer DeRoburt,Hammer DeRoburt,,Hammer DeRoburt,,Hammer DeRoburt,Hammer DeRoburt,हॅमर डिरॉबुर्ट,Hammer DeRoburt,Hammer DeRoburt,Hammer DeRoburt,,,,,,,,,,,,,,,,,,,,,,,,,,,Hammer DeRoburt,,,,,1992-07-15,,,
Q4442559,Lawrence Stephen,Lawrence Stephen,Lawrence Stephen,Lawrence Stephen,Lawrence Stephen,Lawrence Stephen,Lawrence Stephen,male,,Lawrence,Lawrence Stephen,,Lawrence Stephen,,,,,,,,"Стивен, Лоренс",,,,,,,,,,,,,,,,,,,,,,,,,,"Стивен, Лоренс",,,,,,,,,,,,,,,,,,,,,,,,,,,,,,,,,,,,,,,,,,,,,,,,,,,,,,,,,,,,,,Lawrence Stephen,,,,,2006,,,
Q4734692,Aloysius Amwano,Aloysius Amwano,Aloysius Amwano,Aloysius Amwano,Aloysius Amwano,Aloysius Amwano,Aloysius Amwano,male,1955-06-21,Aloysius,Aloysius Amwano,,,,,,,,,,,,,,,,,,,,,,,,,,,,,,,,,,,,,,,,,,,,,,,,,,,,,,,,,,,,,,,,,,,,,,,,,,,,,,,,,,,,,,,,,,,,,,,,,,,,,,,,,,
Q5200657,Cyril Buraman,Cyril Buramen,Cyril Buraman,Cyril Buraman,Cyril Buraman,Cyril Buraman,Cyril Buramen,male,,Cyril,Cyril Buraman,,,,,,,,,,,,,,,,,,,,,,,,,,,,,,,,,,,,,,,,,,,,,,,,,,,,,,,,,,,,,,,,,,,,,,,,,,,,,,,,,,,,,,,,,,,,,,,,,,,,,,,,,,
Q5221214,Dantes Tsitsi,Dantes Tsitsi,Dantes Tsitsi,Dantes Tsitsi,Dantes Tsitsi,Dantes Tsitsi,Dantes Tsitsi,male,1959-09-28,Dantes,Dantes Tsitsi,Dantes Tsitsi,,,,,,,,,,,,,,,,,,,,,,,,,,,,,,,,,,,,,,,,,,,,,,,,,,,,,,,,,,,,,,,,,,,,,,,,,,,,,,,,,,,,,,,,,,,,,,,,,,,,,,,,,
Q5230633,David Agir,David Agir,David Agir,David Agir,David Agir,David Agir,David Agir,male,1942-07-12,David,David Agir,David Agir,,,,,,,,,,,,,,,,,,,,,,,,,,,,,,,,,,,,,,,,,,,,,,,,,,,,,,,,,,,,,,,,,,,,,,,,,,,,,,,,,,,,,,,,,,,,,,,,,,,,,,2003-09-06,,,
Q5290659,Dominic Tabuna,Dominic Tabuna,Dominic Tabuna,Dominic Tabuna,Dominic Tabuna,Dominic Tabuna,Dominic Tabuna,male,1980-08-09,Dominic,Dominic Tabuna,Dominic Tabuna,,,,,,,,,,,,,,,,,,,,,,,,,,,,Dominic Tabuna,,,,,,,,,,,,,,,,,,,,,,,,,,,,,,,,,,,,,,,,,,,,,,,,,,,,,,,,,,,,,,,,,,,,,,,,,,,,,
Q560557,René Harris,René Harris,René Harris,René Harris,René Harris,René Harris,René Harris,male,1947-11-11,René,René Harris,René Harris,René Harris,,,Ρενέ Χάρις,,,,René Harris,"Харрис, Рене Рейнальдо",René Harris,René Harris,,,,,レネ・ハリス,رينيه هاريس,,,,رينيه هاريس,,René Harris,Ρενέ Χάρις,René Harris,,René Harris,René Harris,,,,René Harris,,René Harris,"Харрис, Рене Рейнальдо",,,,,,/m/021r6h,,,,,,,,,,René Harris,René Harris,,,,,,René Harris,René Harris,,,,René Harris,,René Harris,René Harris,,,René Harris,,,,,,,,,,,,,,,,,,,,,,,,,,,,René Harris,,,,René Harris,2008-07-05,René Harris,biography/Rene-Harris,René Harris
Q563297,Baron Waqa,Baron Waqa,Baron Waqa,Baron Waqa,Baron Waqa,Baron Waqa,Baron Waqa,male,1959-12-31,,Baron Waqa,Baron Waqa,Baron Waqa,Baron Waqa,Baron Waqa,Μπάρον Γουάκα,Baron Waqa,Baron Waqa,Baron Waqa,Baron Waqa,"Вака, Барон",Baron Waqa,Baron Waqa,Baron Waqa,Baron Waqa,Baron Waqa,Baron Divavesi Waqa,バロン・ワカ,بارون واكا,Baron Waqa,Baron Waqa,Baron Waqa,بارون واكا,Category:Baron Waqa,Baron Waqa,Μπάρον Γουάκα,Baron Waqa,Baron Waqa,Baron Waqa,Baron Waqa,Baron Waqa,バロン・ワカ,Baron Waqa,Baron Waqa,Baron Waqa,Baron Waqa,"Вака, Барон",Baron Waqa,Baron Waqa,Baron Waqa,Baron Waqa,https://upload.wikimedia.org/wikipedia/commons/c/c4/Baron_Waqa.jpg,/m/047rvz3,,,,,,,,,,,,,,,,,,,,,,,,,,,,,,,,,,,,,,,,,,,,,,,,,,,,,,,,Baron Waqa,,,naurubwiema,,,,,
Q57543,Sprent Dabwido,Sprent Dabwido,Sprent Dabwido,Sprent Dabwido,Sprent Dabwido,Sprent Dabwido,Sprent Dabwido,male,1972-09-16,,Sprent Dabwido,Sprent Dabwido,Sprent Dabwido,Sprent Dabwido,Sprent Dabwido,Σπρεντ Νταμπουίντο,Sprent Dabwido,Sprent Dabwido,Sprent Dabwido,Sprent Dabwido,Спрент Дабвидо,Sprent Dabwido,Sprent Dabwido,Sprent Dabwido,Sprent Dabwido,Sprent Dabwido,,スプレント・ダブウィド,سبرنت دابيدو,,Sprent Dabwido,,سبرنت دابيدو,,Sprent Dabwido,Σπρεντ Νταμπουίντο,Sprent Dabwido,Sprent Dabwido,Sprent Dabwido,Sprent Dabwido,Sprent Dabwido,,,Sprent Dabwido,,Sprent Dabwido,"Дабвидо, Спрент",,,Sprent Dabwido,,https://upload.wikimedia.org/wikipedia/commons/b/b8/Sprent_Dabwido_(cropped).jpg,/m/058x2bp,Sprent Dabwido,Sprent Dabwido,,,,,,,,,,,,,,,,,,,,,,,,,,,,,,,,,,,,,,,,,達比杜,,,,Sprent Dabwido,,,,,,,,,Sprent Dabwido,Спрент Дабвидо,Спрент Дабвидо,,,,,,
Q58096,David Adeang,David Adeang,David Adeang,David Adeang,David Adeang,David Adeang,David Adeang,male,1969-11-24,David,David Adeang,David Adeang,David Adeang,David Adeang,,,,,,David Adeang,Дэвид Аданг,David Waiau Adeang,,David Waiau Adeang,David Waiau Adeang,David Waiau Adeang,,,,,,,,,David Adeang,,,,,David Adeang,,,,,,David Adeang,"Аданг, Дэвид",,,David Adeang,,https://upload.wikimedia.org/wikipedia/commons/c/cc/David_Adeang_(cropped).jpg,/m/03c58c,David Adeang,David Adeang,David Adeanq,David Adeanq,,,,,,,,,,,,,,,,,,,,,,,,,,,,,,,,,,,,,,,,,,,,,,,,,,,,David Adeang,,,,,,,,
Q715836,Bernard Dowiyogo,Bernard Dowiyogo,Bernard Dowiyogo,Bernard Dowiyogo,Bernard Dowiyogo,Bernard Dowiyogo,Bernard Dowiyogo,male,1946-02-14,Bernard,Bernard Dowiyogo,Bernard Dowiyogo,Bernard Dowiyogo,,,Μπέρναρντ Ντοουιγιόγκο,,,,Bernard Dowiyogo,"Довийого, Бернард",Bernard Dowiyogo,Bernard Dowiyogo,Bernard Dowiyogo,Bernard Dowiyogo,Bernard Dowiyogo,,バーナード・ドウィヨゴ,برنارد دويوغو,,,,برنارد دويوغو,,Bernard Dowiyogo,Μπέρναρντ Ντοουιγιόγκο,Bernard Dowiyogo,,Bernard Dowiyogo,Bernard Dowiyogo,,,,Bernard Dowiyogo,,Bernard Dowiyogo,"Довийого, Бернард",,,,,,/m/01cf5d,,,,,,,,,,Bernard Dowiyogo,Bernard Dowiyogo,,,,,बर्नार्ड डोवियोगो,,Bernard Dowiyogo,,,,Bernard Dowiyogo,,,Bernard Dowiyogo,बर्नार्ड डोवियोगो,,Bernard Dowiyogo,,,,,,,,,,,,,,,,,,,,,,,,,,,,Bernard Dowiyogo,,,,,2003-03-09,Bernard Dowiyogo,biography/Bernard-Dowiyogo,
Q7385080,Rykers Solomon,Rykers Solomon,Rykers Solomon,Rykers Solomon,Rykers Solomon,Rykers Solomon,Rykers Solomon,male,1965-10-04,,Rykers Solomon,Rykers Solomon,,,,,,,,,,,,,,,,,,,,,,,,,,,,Rykers Solomon,,,,,,,,,,,,,,,,,,,,,,,,,,,,,,,,,,,,,,,,,,,,,,,,,,,,,,,,,,,,,,,,,,,,,,,,,,,,,
Q7701578,Terangi Adam,Lyn Adam,Terangi Adam,Terangi Adam,Terangi Adam,Terangi Adam,Lyn Adam,male,1947-08-08,,Terangi Adam,,,,,,,,,,,,,,,,,,,,,,,,,,,,,,,,,,,,,,,,,,,,,,,,,,,,,,,,,,,,,,,,,,,,,,,,,,,,,,,,,,,,,,,,,,,,,,,,,,,,,,,,,,
Q783823,Lagumot Harris,Lagumot Harris,Lagumot Harris,Lagumot Harris,Lagumot Harris,Lagumot Harris,Lagumot Harris,male,1938-12-28,,Lagumot Harris,Lagumot Harris,Lagumot Harris,,,Λάγκουμοτ Χάρις,,,,Lagumot Harris,"Харрис, Лагумот",Lagumot Harris,Lagumot Harris,Lagumot Harris,Lagumot Harris,Lagumot Harris,,ラグモット・ハリス,,,,,,,Lagumot Harris,Λάγκουμοτ Χάρις,,,Lagumot Harris,Lagumot Harris,,,,Lagumot Harris,,Lagumot Harris,"Харрис, Лагумот",,,,,,/m/03mmnq,,,,,,,,,,,Lagumot Harris,,,,,लागुमॉट हॅरिस,,Lagumot Harris,,,,Lagumot Harris,,,Lagumot Harris,लागुमॉट हॅरिस,,,,,,,,,,,,,,,,,,,,,,,,,,,,,,Lagumot Harris,,,,,1999-09-06,,,
Q887804,Kenas Aroi,Kenos Aroi,Kenas Aroi,Kenos Aroi,Kenas Aroi,Kenas Aroi,Kenos Aroi,male,1942-04-17,,Kenas Aroi,Kenos Aroi,Kenas Aroi,,Kenos Aroi,Κένας Αρόι,Kenas Aroi,Kenas Aroi,,Kenos Aroi,Кенос Арои,,Kenos Aroi,Kenas Aroi,Kenas Aroi,Kenas Aroi,,ケナス・アロイ,,,,,,,Kenos Aroi,Κένας Αρόι,,,Kenos Aroi,Kenos Aroi,,,,,,Kenos Aroi,"Арои, Кенос",,,,,,/m/0fygzx,,,,,,,,,,,Kenos Aroi,,,,,,,Kenos Aroi,,,,Kenos Aroi,,,Kenos Aroi,,,,,,,,,,,,,,,,,,,,,,,,,,,,,,,,,,,,1991-01-22,,,
Q887813,Ruben Kun,Ruben Kun,Ruben Kun,Ruben Kun,Ruben Kun,Ruben Kun,Ruben Kun,male,1942-03-30,Ruben,Ruben Kun,Ruben Kun,Ruben Kun,,Ruben Kun,Ρούμπεν Καν,Ruben Kun,Ruben Kun,,Ruben Kun,"Кун, Рубен Джеймс",,Ruben Kun,,,,,ルーベン・クン,روبن كون,,,,روبن كون,,Ruben Kun,Ρούμπεν Καν,,,Ruben Kun,Ruben Kun,,,,,,Ruben Kun,"Кун, Рубен Джеймс",,,,,,/m/02zxjx,,,,,,,,,,,Ruben Kun,,,,,,,Ruben Kun,,,,Ruben Kun,,,Ruben Kun,,,,,,,,,,,,,,,,,,,,,,,,,,,,,,,Ruben Kun,,,,,,,,
Q888025,Kinza Clodumar,Kinza Clodumar,Kinza Clodumar,Kinza Clodumar,Kinza Clodumar,Kinza Clodumar,Kinza Clodumar,male,1945-02-08,,Kinza Clodumar,Kinza Clodumar,Kinza Clodumar,,Kinza Clodumar,Κίνζα Κλοντούμαρ,Kinza Clodumar,Kinza Clodumar,,Kinza Clodumar,Кинза Годфри Клодумар,,Kinza Clodumar,Kinza Clodumar,Kinza Clodumar,Kinza Clodumar,,キンザ・クロドゥマー,,,,,,,Kinza Clodumar,Κίνζα Κλοντούμαρ,,,Kinza Clodumar,Kinza Clodumar,,,,,,Kinza Clodumar,"Клодумар, Кинза Годфри",,,,,,/m/037t_y,,,,,,,,,,,Kinza Clodumar,,,,,,,Kinza Clodumar,,,,Kinza Clodumar,,,Kinza Clodumar,,,,,,,,,,,,,,,,,,,,,,,,,,,,,,,Kinza Clodumar,,,,,,,,
Q888033,Derog Gioura,Derog Gioura,Derog Gioura,Derog Gioura,Derog Gioura,Derog Gioura,Derog Gioura,male,1932-09-01,,Derog Gioura,Derog Gioura,Derog Gioura,,Derog Gioura,Ντέρογκ Γκιούρα,Derog Gioura,Derog Gioura,,Derog Gioura,Дерог Гиура,Derog Gioura,Derog Gioura,Derog Gioura,Derog Gioura,Derog Gioura,,デログ・ギオウラ,,,,,,,Derog Gioura,Ντέρογκ Γκιούρα,Derog Gioura,,Derog Gioura,Derog Gioura,,,,Derog Gioura,,Derog Gioura,"Гиура, Дерог",,,,,,/m/0ggw5f,,,,,,,,,,,Derog Gioura,,,,,,,Derog Gioura,,,,Derog Gioura,,,Derog Gioura,,,,,,,,,,,,,,,,,,,,,,,,,,,,,,,Derog Gioura,,,,,2008-09-25,Derog Gioura,,
Q888040,Kennan Adeang,Kennan Adeang,Kennan Adeang,Kennan Adeang,Kennan Adeang,Kennan Adeang,Kennan Adeang,male,1942-12-23,,Kennan Adeang,Kennan Adeang,Kennan Adeang,,,Κέναν Αντέανγκ,,,,Kennan Adeang,Кеннан Аданг,Kennan Adeang,Kennan Adeang,Kennan Adeang,Kennan Adeang,Kennan Adeang,,ケナン・アデアン,,,,,,,Kennan Adeang,Κέναν Αντέανγκ,,,Kennan Adeang,Kennan Adeang,,,,Kennan Adeang,,Kennan Adeang,"Аданг, Кеннан",,,,,,/m/0ggw96,,,,,,,,,,,Kennan Adeang,,,,,,,Kennan Adeang,,,,Kennan Adeang,,,Kennan Adeang,,,,,,,,,,,,,,,,,,,,,,,,,,,,,,,Kennan Adeang,,,,,2011-12-26,Kennan Adeang,,
Q917601,Freddie Pitcher,Frederick Pitcher,Freddie Pitcher,Frederick Pitcher,Freddie Pitcher,Freddie Pitcher,Frederick Pitcher,male,1967-02-05,Frederick,Frederick Pitcher,Frederick Pitcher,Freddie Pitcher,,Frederick Pitcher,Φρέντερικ Πίτσερ,Freddie Pitcher,Freddie Pitcher,,Frederick Pitcher,"Питчер, Фредерик",Frederick Pitcher,Freddie Pitcher,Frederick Pitcher,Frederick Pitcher,Frederick Pitcher,,フレディー・ピッチャー,فريدي بيتشر,,Frederick Pitcher,,فريدي بيتشر,,Frederick Pitcher,Φρέντερικ Πίτσερ,,,Freddie Pitcher,Frederick Pitcher,Frederick Pitcher,,,Frederick Pitcher,,Frederick Pitcher,"Питчер, Фредерик",,,,,,/m/03gzt02,,Frederick Pitcher,,,,,,,,,,,,,,,,,,,,,,,,,Frederick Pitcher,,,,,,,,,,,,,,,,,,,,,,,,,,,,,Freddie Pitcher,,,,,,,,
Q9323548,Ruby Thoma,Ruby Dediya,Ruby Thoma,Ruby Dediya,Ruby Thoma,Ruby Thoma,Ruby Dediya,female,1949,Ruby,Ruby Thoma,Ruby Thoma,Ruby Thoma,,,,,,,Ruby Thoma,,,,Ruby Thoma,Ruby Thoma,Ruby Thoma,,,,,,,,,Ruby Dediya,,,,,Ruby Thoma,,,,,,,,,,,,,,,,,,,,,,,,,,,,,,,,,,,,,,,,,,,,,,,,,,,,,,,,,,,,,,,,,,,,,Ruby Thoma,,,,,,,,
