id,name,sort_name,email,twitter,facebook,group,group_id,area_id,area,chamber,term,start_date,end_date,image,gender
ab870fbd-79b3-4ca8-ba72-340c8642c9e2,Adam Ioan,Ioan ADAM,,,,PSD,psd,8,BRAŞOV,Chamber of Deputies,2012,,,http://www.cdep.ro/parlamentari/l2012/Adam_Ioan.jpg,male
627f800e-61f0-49a6-9c56-d8bba1deabc1,Adam Luminiţa-Pachel,Luminiţa-Pachel ADAM,luminita.adam@cdep.ro,,,UNPR,unpr,30,OLT,Chamber of Deputies,2012,,,http://www.cdep.ro/parlamentari/l2012/Adam_Luminita_Pachel.jpg,female
3faccf6d-c4ca-493d-8a1a-31f30a9720af,Adăscăliţei Constantin,Constantin ADĂSCĂLIŢEI,,,,PSD,psd,24,IAŞI,Chamber of Deputies,2012,,,http://www.cdep.ro/parlamentari/l2012/Adascalitei_Constantin.jpg,male
23cf99a9-1981-4279-a49a-61e0ce952904,Alexe Costel,Costel ALEXE,costel.alexe@cdep.ro,,,PNL,pnl,24,IAŞI,Chamber of Deputies,2012,,,http://www.cdep.ro/parlamentari/l2012/Alexe_Costel.jpg,male
cc2ad937-bb96-406d-a5b4-826fc63db6dd,Alexe Florin-Alexandru,Florin-Alexandru ALEXE,florin.alexe@cdep.ro,,,PNL,pnl,42,BUCUREŞTI,Chamber of Deputies,2012,,,http://www.cdep.ro/parlamentari/l2012/Alexe_Florin_Alexandru.jpg,male
770dada7-2eef-40e1-a59b-2aabd309d7e4,Almăjanu Marin,Marin ALMĂJANU,marin.almajanu@cdep.ro,,,PNL,pnl,36,TELEORMAN,Chamber of Deputies,2012,,,http://www.cdep.ro/parlamentari/l2012/Almajanu_Marin.jpg,male
c0681aeb-15fe-4573-aef6-79d4591cac09,Amet Varol,Varol AMET,,,,Minoritati,minoritati,,,Chamber of Deputies,2012,,,http://www.cdep.ro/parlamentari/l2012/Amet_Varol.jpg,male
c06eb49a-fab6-4136-8403-7d263a93e0cf,Anastase Roberta Alma,Roberta Alma ANASTASE,roberta.anastase.cdep@gmail.com,,,PNL,pnl,31,PRAHOVA,Chamber of Deputies,2012,,,http://www.cdep.ro/parlamentari/l2012/Anastase_Roberta.jpg,female
8586f5f8-cbdf-4a09-85a1-1bf924758759,Andea Petru,Petru ANDEA,petru_andea@cdep.ro,,,PSD,psd,37,TIMIŞ,Chamber of Deputies,2012,,,http://www.cdep.ro/parlamentari/l2012/Andea_Petru.jpg,male
0f44f7c6-db49-4e47-8141-4ce61231ca53,Andronache Gabriel,Gabriel ANDRONACHE,gabriel.andronache@cdep.ro,,,PNL,pnl,8,BRAŞOV,Chamber of Deputies,2012,,,http://www.cdep.ro/parlamentari/l2012/Andronache_Gabriel.jpg,male
8a6e6b71-2539-4b30-b179-2bbf2c5d21be,Anghel Gabriela-Lola,Gabriela-Lola ANGHEL,gabriela_anghel@cdep.ro,,,non-attached,non-attached,31,PRAHOVA,Chamber of Deputies,2012,,,http://www.cdep.ro/parlamentari/l2012/Anghel_Gabriela_Lola.jpg,female
307f3c28-ef40-4b47-80cd-2eccd31e5ecc,Antal István,ANTAL István,ai@cdep.ro,,,UDMR,udmr,21,HARGHITA,Chamber of Deputies,2012,,,http://www.cdep.ro/parlamentari/l2012/Antal_Istvan.jpg,male
47e839e7-cc9c-4c2a-bd4f-83a1ae277dae,Anton Marin,Marin ANTON,marin.anton@cdep.ro,,,PNL,pnl,19,GIURGIU,Chamber of Deputies,2012,,,http://www.cdep.ro/parlamentari/l2012/Anton_Marin.jpg,male
29113632-deba-4022-981e-a3b87ce3e844,Anuşca Roxana-Florentina,Roxana-Florentina ANUŞCA,roxana.florentina@cdep.ro,,,PNL,pnl,7,BOTOŞANI,Chamber of Deputies,2012,,,http://www.cdep.ro/parlamentari/l2012/Anusca_Roxana.jpg,female
fc41ec1a-3f67-48e5-85e3-a7b6eef167e5,Ardeleanu Sanda-Maria,Sanda-Maria ARDELEANU,sanda.ardeleanu@cdep.ro,,,PNL,pnl,35,SUCEAVA,Chamber of Deputies,2012,,,http://www.cdep.ro/parlamentari/l2012/Ardeleanu_Sanda_Maria.jpg,female
af24cda6-21e7-4d70-b08f-fb66d00f1c9b,Arsene Ionel,Ionel ARSENE,,,,PSD,psd,29,NEAMŢ,Chamber of Deputies,2012,,,http://www.cdep.ro/parlamentari/l2012/Arsene_Ionel.jpg,male
e610046b-54f4-4923-aaff-e118332b97c5,Avram Constantin,Constantin AVRAM,,,,ALDE,alde,4,BACĂU,Chamber of Deputies,2012,,,http://www.cdep.ro/parlamentari/l2012/Avram_Constantin.jpg,male
3613d2b3-e5fa-4dfc-99c1-fbc7696beefe,Avram Marian,Marian AVRAM,marian.avram@cdep.ro,,,PSD,psd,38,TULCEA,Chamber of Deputies,2012,,,http://www.cdep.ro/parlamentari/l2012/Avram_Marian.jpg,male
7370e8dd-137b-4d9a-b6d8-8634087184bc,Axente Ioan,Ioan AXENTE,,,,PSD,psd,34,SIBIU,Chamber of Deputies,2012,,,http://www.cdep.ro/parlamentari/l2012/Axente_Ioan.jpg,male
fae1818b-8fe1-4e94-9ec3-44688c6db02e,Babuş Radu,Radu BABUŞ,radu.babus@cdep.ro,,,PSD,psd,14,CONSTANŢA,Chamber of Deputies,2012,,,http://www.cdep.ro/parlamentari/l2012/Babus_Radu.jpg,male
587588d4-4963-447c-a3f3-b22130816ffc,Balan Ioan,Ioan BALAN,ioan.balan@cdep.ro,,,PNL,pnl,35,SUCEAVA,Chamber of Deputies,2012,,,http://www.cdep.ro/parlamentari/l2012/Balan_Ioan.jpg,male
d095a9de-dce7-4d74-ad36-50e40c7d08d7,Baltă Mihai,Mihai BALTĂ,,,,PSD,psd,7,BOTOŞANI,Chamber of Deputies,2012,,,http://www.cdep.ro/parlamentari/l2012/Balta_Mihai.jpg,male
135ae5c0-f748-46b3-bff5-08b2eadb513d,Becali George,George BECALI,,,,PNL,pnl,42,BUCUREŞTI,Chamber of Deputies,2012,,,http://www.cdep.ro/parlamentari/l2012/Becali_George.jpg,male
32a653d7-dbea-412a-8b40-b9ec18473837,Bejinariu Eugen,Eugen BEJINARIU,eugen.bejinariu@cdep.ro,,,PSD,psd,35,SUCEAVA,Chamber of Deputies,2012,,,http://www.cdep.ro/parlamentari/l2012/Bejinariu_Eugen.jpg,male
c22cd88c-4604-4d12-ae87-06adadcf028d,Benga Ioan,Ioan BENGA,benga_ioan@yahoo.com,,,PSD,psd,11,CARAŞ-SEVERIN,Chamber of Deputies,2012,,,http://www.cdep.ro/parlamentari/l2012/Benga_Ioan.jpg,male
bbe45cf0-17d0-492e-b301-f31ef5bf7325,Berci Vasile,Vasile BERCI,vasile.berci@cdep.ro,,,PNL,pnl,26,MARAMUREŞ,Chamber of Deputies,2012,,,http://www.cdep.ro/parlamentari/l2012/Berci_Vasile.jpg,male
dcde408a-e077-476b-a626-896006ec4361,Birchall Ana,Ana BIRCHALL,deputatzorleni@gmail.com,,,PSD,psd,39,VASLUI,Chamber of Deputies,2012,,,http://www.cdep.ro/parlamentari/l2012/Birchall_Ana.jpg,female
551b5b1a-59e9-4e9b-915b-944a2dab3173,Bleotu Vasile,Vasile BLEOTU,,,,PSD,psd,40,VÂLCEA,Chamber of Deputies,2012,,,http://www.cdep.ro/parlamentari/l2012/Bleotu_Vasile.jpg,male
7a3b87b7-80cf-4503-9dfe-c9066497c3c0,Blăjuţ Viorel-Ionel,Viorel-Ionel BLĂJUŢ,office@viorelblajut.ro,,,PSD,psd,24,IAŞI,Chamber of Deputies,2012,,,http://www.cdep.ro/parlamentari/l2012/Blajut_Viorel_Ionel.jpg,male
cecbdf64-0c0b-4400-a0d8-e5cbccabfe70,Blănariu Valentin,Valentin BLĂNARIU,vali.blanariu@cdep.ro,,,PSD,psd,11,CARAŞ-SEVERIN,Chamber of Deputies,2012,,,http://www.cdep.ro/parlamentari/l2012/Blanariu_Valentin.jpg,male
8b6bd5bc-746a-475e-95a2-35a3178ba685,Boboc Valentin Gabriel,Valentin Gabriel BOBOC,boboc.valentin@cdep.ro,,,PSD,psd,36,TELEORMAN,Chamber of Deputies,2012,,,http://www.cdep.ro/parlamentari/l2012/Boboc_Valentin_Gabriel.jpg,male
dbfafc36-4f10-4863-b05d-d8b172e82c0a,Bode Lucian Nicolae,Lucian Nicolae BODE,lucian.bode@cdep.ro,,,PNL,pnl,33,SĂLAJ,Chamber of Deputies,2012,,,http://www.cdep.ro/parlamentari/l2012/Bode_Lucian_Nicolae.jpg,male
25d1f784-ad8e-4517-ba55-183a95e82f53,Bogdan Gheorghe-Dănuţ,Gheorghe-Dănuţ BOGDAN,bogdan.danut@yahoo.com,,,PSD,psd,5,BIHOR,Chamber of Deputies,2012,,,http://www.cdep.ro/parlamentari/l2012/Bogdan_Gheorghe_Danut.jpg,male
3cfb479f-3c23-4d03-af19-4ee831a5c50d,Bogdănici Camelia-Margareta,Camelia-Margareta BOGDĂNICI,camelia.bogdanici@cdep.ro,,,UNPR,unpr,24,IAŞI,Chamber of Deputies,2012,,,http://www.cdep.ro/parlamentari/l2012/Bogdanici_Camelia_Margareta.jpg,female
d69ff828-4957-4189-9ee7-26f97a2e2839,Boghicevici Claudia,Claudia BOGHICEVICI,,,,PNL,pnl,2,ARAD,Chamber of Deputies,2012,,,http://www.cdep.ro/parlamentari/l2012/Boghicevici_Claudia.jpg,female
4a0c8b96-b0a6-40b7-8fa6-1ff86a4f43f6,Borbély László,BORBÉLY László,laszlo.borbely@cdep.ro,,,UDMR,udmr,28,MUREŞ,Chamber of Deputies,2012,,,http://www.cdep.ro/parlamentari/l2012/Borbely_Laszlo.jpg,male
d3d1e486-c5e1-4bb4-94a3-8d5adcbdcf88,Bordeianu Dan,Dan BORDEIANU,dan.bordeianu@cdep.ro,,,PSD,psd,39,VASLUI,Chamber of Deputies,2012,,,http://www.cdep.ro/parlamentari/l2012/Bordeianu_Dan.jpg,male
e9ff0795-91a0-42fc-a7d3-8b64c65d0f77,Bot Octavian,Octavian BOT,,,,ALDE,alde,42,BUCUREŞTI,Chamber of Deputies,2012,,,http://www.cdep.ro/parlamentari/l2012/Bot_Octavian.jpg,male
13242c53-1a4c-4849-90c0-ea3f65ba10b7,Bucur Constantin-Alin,Constantin-Alin BUCUR,alin.bucur@cdep.ro,,,UNPR,unpr,36,TELEORMAN,Chamber of Deputies,2012,,,http://www.cdep.ro/parlamentari/l2012/Bucur_Constantin_Alin.jpg,male
fb3a0416-6245-4306-8421-aeedd71b1726,Bucura-Oprescu Simona,Simona BUCURA-OPRESCU,simona.bucuraoprescu@cdep.ro,,,PSD,psd,3,ARGEŞ,Chamber of Deputies,2012,,,http://www.cdep.ro/parlamentari/l2012/Bucura_Oprescu_Simona.jpg,female
72160f20-3593-4d80-aa67-b3fcced094b3,Budurescu Daniel-Stamate,Daniel-Stamate BUDURESCU,daniel.budurescu@cdep.ro,,,PNL,pnl,42,BUCUREŞTI,Chamber of Deputies,2012,,,http://www.cdep.ro/parlamentari/l2012/Budurescu_Daniel_Stamate.jpg,male
303c5f2f-186a-43b9-9009-3ed8a36d27f2,Buican Cristian,Cristian BUICAN,cristian.buican@cdep.ro,,,PNL,pnl,40,VÂLCEA,Chamber of Deputies,2012,,,http://www.cdep.ro/parlamentari/l2012/Buican_Cristian.jpg,male
9a3a1a29-bb0e-4096-b38f-2afeb0c526be,Buicu Corneliu-Florin,Corneliu-Florin BUICU,,,,PSD,psd,28,MUREŞ,Chamber of Deputies,2012,,,http://www.cdep.ro/parlamentari/l2012/Buicu_Corneliu_Florin.jpg,male
ff2c0bd4-d7d8-4992-9cc9-7480f343ac2e,Burlacu Ştefan,Ştefan BURLACU,stefan.burlacu@cdep.ro,,,non-attached,non-attached,25,ILFOV,Chamber of Deputies,2012,,,http://www.cdep.ro/parlamentari/l2012/Burlacu_Stefan.jpg,male
73cb7bd5-f8c5-4cc0-ae25-2b9fcc9e4dbf,Bîrsăşteanu Florică,Florică BÎRSĂŞTEANU,florinbirsasteanu@cdep.ro,,,PSD,psd,37,TIMIŞ,Chamber of Deputies,2012,2014-06-11,,http://www.cdep.ro/parlamentari/l2012/Birsasteanu_Florica.jpg,
c2d28c13-0fc4-49d0-a5ac-27cdb854ab9a,Bónis István,BÓNIS István,bonis_istvan@yahoo.com,,,UDMR,udmr,26,MARAMUREŞ,Chamber of Deputies,2012,,,http://www.cdep.ro/parlamentari/l2012/Bonis_Istvan.jpg,male
4f9ca23c-036b-4fde-a286-04bde1664bc5,Băişanu Ştefan-Alexandru,Ştefan-Alexandru BĂIŞANU,stefan.baisanu@cdep.ro,,,ALDE,alde,35,SUCEAVA,Chamber of Deputies,2012,,,http://www.cdep.ro/parlamentari/l2012/Baisanu_Stefan_Alexandru.jpg,male
f708959a-fc59-42a7-84a9-91eb83f631ca,Bălan Ion,Ion BĂLAN,nalba.srl@gmail.com,,,PSD,psd,38,TULCEA,Chamber of Deputies,2012,,,http://www.cdep.ro/parlamentari/l2012/Balan_Ion.jpg,male
5283f1c7-4699-4273-b4b6-8a1d0e80000b,Bănicioiu Nicolae,Nicolae BĂNICIOIU,nbanicioiu@cdep.ro,,,PSD,psd,42,BUCUREŞTI,Chamber of Deputies,2012,,,http://www.cdep.ro/parlamentari/l2012/Banicioiu_Nicolae.jpg,male
ff8de587-6d00-483e-8d5f-6ee49182b62c,Bărbulescu Daniel-Ionuţ,Daniel-Ionuţ BĂRBULESCU,daniel.barbulescu@cdep.ro,,,PSD,psd,30,OLT,Chamber of Deputies,2012,,,http://www.cdep.ro/parlamentari/l2012/Barbulescu_Daniel_Ionut.jpg,male
4c98f7e9-6eeb-4eef-98cc-aa4edd1f0b28,Calimente Mihăiţă,Mihăiţă CALIMENTE,calimente@cdep.ro,,,PNL,pnl,2,ARAD,Chamber of Deputies,2012,,,http://www.cdep.ro/parlamentari/l2012/Calimente_Mihaita.jpg,male
4196dcc7-bc90-43c0-a43a-d1ba6130120c,Caloianu Mario-Ernest,Mario-Ernest CALOIANU,mario.caloianu@cdep.ro,,,UNPR,unpr,23,IALOMIŢA,Chamber of Deputies,2012,,,http://www.cdep.ro/parlamentari/l2012/Caloianu_Mario_Ernest.jpg,male
1b56da6e-8a62-4bfd-8c52-92a0c7f5ca45,Calotă Florică Ică,Florică Ică CALOTĂ,florica.calota@cdep.ro,,,ALDE,alde,36,TELEORMAN,Chamber of Deputies,2012,,,http://www.cdep.ro/parlamentari/l2012/Calota_Florica_Ica.jpg,male
a92f39b9-6821-40c5-9fcd-f123e5527ad6,Canacheu Costică,Costică CANACHEU,canacheu@cdep.ro,,,PNL,pnl,42,BUCUREŞTI,Chamber of Deputies,2012,,,http://www.cdep.ro/parlamentari/l2012/Canacheu_Costica.jpg,male
d3f0dbdd-507c-4f73-a240-f89afcdb5dc4,Cazan Mircea-Vasile,Mircea-Vasile CAZAN,mircea.cazan@cdep.ro,,,PNL,pnl,34,SIBIU,Chamber of Deputies,2012,,,http://www.cdep.ro/parlamentari/l2012/Cazan_Mircea_Vasile.jpg,male
c9990bec-a357-4f13-a12a-2d89757d90fd,Cernea Remus-Florinel,Remus-Florinel CERNEA,remus.cernea@cdep.ro,,,non-attached,non-attached,14,CONSTANŢA,Chamber of Deputies,2012,,,http://www.cdep.ro/parlamentari/l2012/Cernea_Remus_Florinel.jpg,male
591e1264-8892-4d1d-9e6c-78e5751588be,Chebac Eugen,Eugen CHEBAC,eugen.chebac@cdep.ro,,,UNPR,unpr,18,GALAŢI,Chamber of Deputies,2012,,,http://www.cdep.ro/parlamentari/l2012/Chebac_Eugen.jpg,male
52e78121-81a4-4b82-ae14-806b3b7c0d9d,Cherecheş Florica,Florica CHERECHEŞ,florica.chereches@cdep.ro,,,PNL,pnl,5,BIHOR,Chamber of Deputies,2012,,,http://www.cdep.ro/parlamentari/l2012/Chereches_Florica.jpg,female
ef1ea5ba-f96a-435e-a74b-fcd8a5913fec,Chiriţă Dumitru,Dumitru CHIRIŢĂ,dumitru.chirita@cdep.ro,,,PSD,psd,42,BUCUREŞTI,Chamber of Deputies,2012,,,http://www.cdep.ro/parlamentari/l2012/Chirita_Dumitru.jpg,male
66c89341-c019-4113-b821-91625bc7f78d,Chirteş Ioan-Cristian,Ioan-Cristian CHIRTEŞ,ioan.chirtes@cdep.ro,,,PNL,pnl,28,MUREŞ,Chamber of Deputies,2012,,,http://www.cdep.ro/parlamentari/l2012/Chirtes_Ioan_Cristian.jpg,male
95f53591-6b9e-4084-97b1-2889ac07d244,Chirvăsuţă Laurenţiu,Laurenţiu CHIRVĂSUŢĂ,laurentiu_chirvasuta@yahoo.com,,,PSD,psd,18,GALAŢI,Chamber of Deputies,2012,,,http://www.cdep.ro/parlamentari/l2012/Chirvasuta_Laurentiu.jpg,male
6b62119a-22a0-4547-8a44-3e9bcaecacea,Chiţoiu Daniel,Daniel CHIŢOIU,daniel.chitoiu@cdep.ro,,,ALDE,alde,19,GIURGIU,Chamber of Deputies,2012,,,http://www.cdep.ro/parlamentari/l2012/ChitoiuDaniel.jpg,male
f83283c5-ec5f-4573-aa02-baf3167bb7ff,Cioată Cezar,Cezar CIOATĂ,cezar.cioata@cdep.ro,,,PSD,psd,35,SUCEAVA,Chamber of Deputies,2012,,,http://www.cdep.ro/parlamentari/l2012/Cioata_Cezar.jpg,male
994bb381-f994-4a34-a6d9-681fb3d2d789,Ciobanu Gheorghe,Gheorghe CIOBANU,,,,PSD,psd,37,TIMIŞ,Chamber of Deputies,2012,,,http://www.cdep.ro/parlamentari/l2012/Ciobanu_Gheorghe.jpg,male
38ebf61d-5dc0-4b6d-a6e8-fed5dbb72fc5,Ciobanu Liliana,Liliana CIOBANU,liliana.ciobanu@cdep.ro,,,non-attached,non-attached,19,GIURGIU,Chamber of Deputies,2012,,,http://www.cdep.ro/parlamentari/l2012/Ciobanu_Liliana.jpg,female
c26ae69a-c5fa-4327-9f29-1301f086f999,Ciocan Dan,Dan CIOCAN,dan.ciocan@cdep.ro,,,PSD,psd,30,OLT,Chamber of Deputies,2012,,,http://www.cdep.ro/parlamentari/l2012/Ciocan_Dan.jpg,male
6d46ab2d-5869-480e-b840-095b5c01624e,Ciofu Tamara-Dorina,Tamara-Dorina CIOFU,,,,PSD,psd,7,BOTOŞANI,Chamber of Deputies,2012,,,http://www.cdep.ro/parlamentari/l2012/Ciofu_Tamara.jpg,female
03842900-2d32-4260-b568-a56fffe022a5,Ciolacu Ion-Marcel,Ion-Marcel CIOLACU,ionmarcelciolacu@gmail.com,,,PSD,psd,10,BUZĂU,Chamber of Deputies,2012,,,http://www.cdep.ro/parlamentari/l2012/Ciolacu_Ion_Marcel.jpg,male
dc208fd9-5698-4550-b16b-c45b161f9e09,Ciubotaru Lucian-Manuel,Lucian-Manuel CIUBOTARU,lucian.ciubotaru@cdep.ro,,,PNL,pnl,4,BACĂU,Chamber of Deputies,2012,,,http://www.cdep.ro/parlamentari/l2012/Ciubotaru_Lucian_Manuel.jpg,male
806b1d77-b310-484e-94ed-9f99eda4eb4a,Ciucă Liviu-Bogdan,Liviu-Bogdan CIUCĂ,bogdan.ciuca@cdep.ro,,,ALDE,alde,18,GALAŢI,Chamber of Deputies,2012,,,http://www.cdep.ro/parlamentari/l2012/Ciuca_Liviu_Bogdan.jpg,male
45762c0e-a931-4ed9-a9a4-a56dc2015520,Ciuhodaru Tudor,Tudor CIUHODARU,tudorciuhodaru@yahoo.co.uk,,,PSD,psd,39,VASLUI,Chamber of Deputies,2012,,,http://www.cdep.ro/parlamentari/l2012/Ciuhodaru_Tudor.jpg,male
aadc9c5c-a0b0-41e9-928b-d4a2515f31f6,Ciurariu Florin,Florin CIURARIU,florin.ciurariu@cdep.ro,,,PNL,pnl,39,VASLUI,Chamber of Deputies,2012,,,http://www.cdep.ro/parlamentari/l2012/Ciurariu_Florin.jpg,male
0afe1bba-8b11-419a-a159-6f0725725221,Cocei Erland,Erland COCEI,erland.cocei@cdep.ro,,,PNL,pnl,10,BUZĂU,Chamber of Deputies,2012,,,http://www.cdep.ro/parlamentari/l2012/Cocei_Erland.jpg,male
e7397f42-1af5-4aba-ac42-0dc2473b4bcd,Codîrlă Liviu,Liviu CODÎRLĂ,liviucodirla@yahoo.com,,,PSD,psd,38,TULCEA,Chamber of Deputies,2012,,,http://www.cdep.ro/parlamentari/l2012/Codirla_Liviu.jpg,male
6c2666d3-8d09-4299-862b-91bbdfd5fbc3,Coman Gheorghe,Gheorghe COMAN,,,,ALDE,alde,10,BUZĂU,Chamber of Deputies,2012,,,http://www.cdep.ro/parlamentari/l2012/Coman_Gheorghe.jpg,male
9fd2f6fc-5443-4420-80c8-531eaa78c359,Comşa Cornel-George,Cornel-George COMŞA,cornel.comsa@cdep.ro,,,non-attached,non-attached,1,ALBA,Chamber of Deputies,2012,,,http://www.cdep.ro/parlamentari/l2012/Comsa_Cornel_George.jpg,male
60a052ff-121e-4104-b424-d12dfa9f4485,Condurăţeanu Andrei-Răzvan,Andrei-Răzvan CONDURĂŢEANU,razvan.condurateanu@cdep.ro,,,non-attached,non-attached,14,CONSTANŢA,Chamber of Deputies,2012,,,http://www.cdep.ro/parlamentari/l2012/Condurateanu_Andrei_Razvan.jpg,male
96134482-574a-4d34-9bf8-b3c32ce66491,Constantin Daniel,Daniel CONSTANTIN,daniel.constantin@cdep.ro,,,ALDE,alde,3,ARGEŞ,Chamber of Deputies,2012,,,http://www.cdep.ro/parlamentari/l2012/Constantin_Daniel.jpg,male
162e374c-c319-482a-b8c7-3cf1ad5d4b37,Cosma Vlad-Alexandru,Vlad-Alexandru COSMA,tsdprahova@yahoo.com,,,PSD,psd,31,PRAHOVA,Chamber of Deputies,2012,,,http://www.cdep.ro/parlamentari/l2012/Cosma_Vlad_Alexandru.jpg,male
087dc51c-302a-4d15-ae22-c7cf7f3fcfb6,Costin Gheorghe,Gheorghe COSTIN,gheorghe.costin@cdep.ro,,,PNL,pnl,5,BIHOR,Chamber of Deputies,2012,,,http://www.cdep.ro/parlamentari/l2012/Costin_Gheorghe.jpg,male
95a65d1c-d3c0-4618-a332-297498bbd6af,Covaci Dorel,Dorel COVACI,dorel.covaci@cdep.ro,,,PSD,psd,37,TIMIŞ,Chamber of Deputies,2012,,,http://www.cdep.ro/parlamentari/l2012/Covaci_Dorel.jpg,male
bc08f3ae-6cf4-4c86-aa45-f35963d12194,Cozmanciuc Corneliu-Mugurel,Corneliu-Mugurel COZMANCIUC,corneliu.cozmanciuc@cdep.ro,,,PNL,pnl,24,IAŞI,Chamber of Deputies,2012,,,http://www.cdep.ro/parlamentari/l2012/Cozmanciuc_Corneliu_Mugurel.jpg,male
55061919-735d-4982-bd3f-65293eb747c0,Cristea Aurelia,Aurelia CRISTEA,deputat@aureliacristea.ro,,,PSD,psd,13,CLUJ,Chamber of Deputies,2012,,,http://www.cdep.ro/parlamentari/l2012/Cristea_Aurelia.jpg,female
82657dcf-025a-4083-ac95-8cfe1ad4f7fa,Cristea Victor,Victor CRISTEA,victor.cristea@cdep.ro,,,PSD,psd,39,VASLUI,Chamber of Deputies,2012,,,http://www.cdep.ro/parlamentari/l2012/Cristea_Victor.jpg,male
cc8cbc06-bd4c-4e78-8a2e-f42bf7533b9d,Cristian Horia,Horia CRISTIAN,horia.cristian@cdep.ro,,,PNL,pnl,37,TIMIŞ,Chamber of Deputies,2012,,,http://www.cdep.ro/parlamentari/l2012/Cristian_Horia.jpg,male
26b5af46-3892-43f6-b6d2-70cc2a66a842,Crăciunescu Grigore,Grigore CRĂCIUNESCU,grigore.craciunescu@cdep.ro,,,PNL,pnl,24,IAŞI,Chamber of Deputies,2012,,,http://www.cdep.ro/parlamentari/l2012/Craciunescu_Grigore.jpg,male
d2eec6d8-d8a3-418f-9dd7-0568e40718d2,Cseke Attila-Zoltán,CSEKE Attila-Zoltán,,,,UDMR,udmr,5,BIHOR,Chamber of Deputies,2012,,,http://www.cdep.ro/parlamentari/l2012/Cseke_Attila_Zoltan.jpg,male
75a84a8a-df01-4ebc-b721-786db04cdca0,Culeţu Dănuţ,Dănuţ CULEŢU,,,,PNL,pnl,14,CONSTANŢA,Chamber of Deputies,2012,,,http://www.cdep.ro/parlamentari/l2012/Culetu_Danut.jpg,male
ea2e1ace-df48-4445-b8c5-147bf829ea5c,Cupă Ion,Ion CUPĂ,ion.cupa@cdep.ro,,,ALDE,alde,20,GORJ,Chamber of Deputies,2012,,,http://www.cdep.ro/parlamentari/l2012/Cupa_Ion.jpg,male
50f9450f-22df-4a28-a40e-6da69aaaa6cd,Cupşa Ioan,Ioan CUPŞA,ioan.cupsa@cdep.ro,,,PNL,pnl,5,BIHOR,Chamber of Deputies,2012,,,http://www.cdep.ro/parlamentari/l2012/Cupsa_Ioan.jpg,male
b62c24b1-6076-49c3-96ba-b2e71e0f15d1,Călin Ion,Ion CĂLIN,ion.calin@cdep.ro,,,PSD,psd,17,DOLJ,Chamber of Deputies,2012,,,http://www.cdep.ro/parlamentari/l2012/Calin_Ion.jpg,male
7e2bb797-6fc6-4698-b9b7-fd5d43d4ab88,Căprar Dorel-Gheorghe,Dorel-Gheorghe CĂPRAR,dorel.caprar@cdep.ro,,,PSD,psd,2,ARAD,Chamber of Deputies,2012,,,http://www.cdep.ro/parlamentari/l2012/Caprar_Dorel_Gheorghe.jpg,male
9aa035f3-140e-4a6e-8cc2-84e6e0ea0cc3,Cătăniciu Steluţa-Gustica,Steluţa-Gustica CĂTĂNICIU,steluta.cataniciu@cdep.ro,,,ALDE,alde,13,CLUJ,Chamber of Deputies,2012,,,http://www.cdep.ro/parlamentari/l2012/Catanicioiu_Steluta_Gustica.jpg,female
4fe6dc59-d55d-439c-85f5-e009d3ae4f47,Daea Petre,Petre DAEA,,,,PSD,psd,27,MEHEDINŢI,Chamber of Deputies,2012,,,http://www.cdep.ro/parlamentari/l2012/Daea_Petre.jpg,male
54a4a2ca-0df4-4009-b0fe-ebe8cd3b3df5,Dalca Ştefan-Petru,Ştefan-Petru DALCA,stefan.dalca@cdep.ro,,,PSD,psd,2,ARAD,Chamber of Deputies,2012,,,http://www.cdep.ro/parlamentari/l2012/Dalca_Stefan_Petru.jpg,male
09af1219-1a06-4da2-954c-5361c22e325a,Dascălu Constantin,Constantin DASCĂLU,constantin.dascalu@cdep.ro,,,PNL,pnl,17,DOLJ,Chamber of Deputies,2012,,,http://www.cdep.ro/parlamentari/l2012/Dascalu_Constantin.jpg,male
a9ef778b-73fd-41f7-8a9b-6d5e1c342f93,Deaconu Mihai,Mihai DEACONU,mihai.deaconu@cdep.ro,,,non-attached,non-attached,3,ARGEŞ,Chamber of Deputies,2012,,,http://www.cdep.ro/parlamentari/l2012/Deaconu_Mihai.jpg,male
3a449b2e-33d0-4a82-a9c0-aca9755a8109,Delureanu Virgil,Virgil DELUREANU,,,,PSD,psd,30,OLT,Chamber of Deputies,2012,,,http://www.cdep.ro/parlamentari/l2012/Delureanu_Virgil.jpg,male
d004e6a8-628b-46d3-8848-5d4f314b7824,Diaconu Adrian-Nicolae,Adrian-Nicolae DIACONU,adrian.diaconu@cdep.ro,,,PSD,psd,37,TIMIŞ,Chamber of Deputies,2012,,,http://www.cdep.ro/parlamentari/l2012/Diaconu_Adrian_Nicolae.jpg,male
d597ff3d-e69b-4188-a326-c84c6eaa9c84,Diaconu Mihai-Bogdan,Mihai-Bogdan DIACONU,bogdan.diaconu@cdep.ro,,,non-attached,non-attached,42,BUCUREŞTI,Chamber of Deputies,2012,,,http://www.cdep.ro/parlamentari/l2012/Diaconu_Bogdan.jpg,male
080b565d-ee4b-457a-8035-870ae621e177,Dima Toader,Toader DIMA,,,,PSD,psd,39,VASLUI,Chamber of Deputies,2012,,,http://www.cdep.ro/parlamentari/l2012/Dima_Toader.jpg,male
5838911e-55e4-4af1-b619-b4be6080b31f,Diniţă Ion,Ion DINIŢĂ,,,,ALDE,alde,8,BRAŞOV,Chamber of Deputies,2012,,,http://www.cdep.ro/parlamentari/l2012/Dinita_Ion.jpg,male
dddba00c-e7f7-4e28-9447-ebe9a4274303,Doboş Anton,Anton DOBOŞ,anton.dobos@cdep.ro,,,PNL,pnl,24,IAŞI,Chamber of Deputies,2012,,,http://www.cdep.ro/parlamentari/l2012/Dobos_Anton.jpg,male
a8d9b393-11c9-4d0c-b42f-6464651f7766,Dobre Mircea-Titus,Mircea-Titus DOBRE,,,,PSD,psd,14,CONSTANŢA,Chamber of Deputies,2012,,,http://www.cdep.ro/parlamentari/l2012/Dobre_Mircea_Titus.jpg,male
1a9fd7eb-79b3-47f8-9ee5-82061dba0b7b,Dobre Victor Paul,Victor Paul DOBRE,victor.dobre@cdep.ro,,,PNL,pnl,18,GALAŢI,Chamber of Deputies,2012,,,http://www.cdep.ro/parlamentari/l2012/Dobre_Victor.jpg,male
18892650-e01e-47db-b482-6a63cba31d29,Dobrinescu Traian,Traian DOBRINESCU,traian.dobrinescu@cdep.ro,,,PNL,pnl,40,VÂLCEA,Chamber of Deputies,2012,,,http://www.cdep.ro/parlamentari/l2012/Dobrinescu_Traian.jpg,male
4222e4dd-74cf-4d28-879b-180c0b4cbd1a,Dolha Mircea,Mircea DOLHA,mircea.dolha@cdep.ro,,,PNL,pnl,26,MARAMUREŞ,Chamber of Deputies,2012,,,http://www.cdep.ro/parlamentari/l2012/Dolha_Mircea.jpg,male
08f9ac93-c800-46d3-8e9b-31da2bce47eb,Dolha Nechita-Stelian,Nechita-Stelian DOLHA,stelian.dolha@cdep.ro,,,PNL,pnl,6,BISTRIŢA-NĂSĂUD,Chamber of Deputies,2012,,,http://www.cdep.ro/parlamentari/l2012/Dolha_Nechita_Stelian.jpg,male
dad03052-3ab3-401b-b3fc-18f969494541,Dolineaschi Andrei,Andrei DOLINEASCHI,andrei.dolineaschi@cdep.ro,,,PSD,psd,7,BOTOŞANI,Chamber of Deputies,2012,,,http://www.cdep.ro/parlamentari/l2012/Dolineaschi_Andrei.jpg,male
4b6e71c1-a701-43a6-a1a8-f1b080b20870,Donţu Mihai-Aurel,Mihai-Aurel DONŢU,,,,PNL,pnl,8,BRAŞOV,Chamber of Deputies,2012,,,http://www.cdep.ro/parlamentari/l2012/Dontu_Mihai_Aurel.jpg,male
05e94842-de00-43b7-996e-54795761fa2b,Dragnea Nicolae-Liviu,Nicolae-Liviu DRAGNEA,dragnea.liviu@gmail.com,,,PSD,psd,36,TELEORMAN,Chamber of Deputies,2012,,,http://www.cdep.ro/parlamentari/l2012/Dragnea_Liviu_Nicolae.jpg,male
01bd3e90-0ecc-4ea8-957e-44f44f4ae522,Dragomir Gheorghe,Gheorghe DRAGOMIR,gheorghedragomir@cdep.ro,,,PNL,pnl,14,CONSTANŢA,Chamber of Deputies,2012,,,http://www.cdep.ro/parlamentari/l2012/Dragomir_Gheorghe.jpg,male
68d4aee4-ca2d-447d-974d-1460a262305c,Dragomir Maria,Maria DRAGOMIR,maria.dragomir@cdep.ro,,,non-attached,non-attached,12,CĂLĂRAŞI,Chamber of Deputies,2012,,,http://www.cdep.ro/parlamentari/l2012/Dragomir_Maria.jpg,female
e629e16e-224e-4fec-8fe8-2bc651ef87f3,Dragomir Viorel Marian,Viorel Marian DRAGOMIR,,,,PSD,psd,9,BRĂILA,Chamber of Deputies,2012,,,http://www.cdep.ro/parlamentari/l2012/Dragomir_Viorel_Marian.jpg,male
e06a5646-9399-4b4c-8282-17aab6b0a5e1,Drăghici Mircea-Gheorghe,Mircea-Gheorghe DRĂGHICI,mircea.draghici@cdep.ro,,,PSD,psd,3,ARGEŞ,Chamber of Deputies,2012,,,http://www.cdep.ro/parlamentari/l2012/Draghici_Mircea_Gheorghe.jpg,male
64fa20fc-9a1b-49c4-b1bd-8b72bbf9b4eb,Drăghici Sonia-Maria,Sonia-Maria DRĂGHICI,maria.draghici@cdep.ro,,,PSD,psd,5,BIHOR,Chamber of Deputies,2012,,,http://www.cdep.ro/parlamentari/l2012/Draghici_Sonia_Maria.jpg,female
d89cbc57-3899-4e2f-a504-bdda00c69f2d,Drăguşanu Vasile-Cătălin,Vasile-Cătălin DRĂGUŞANU,catalin.dragusanu@cdep.ro,,,ALDE,alde,29,NEAMŢ,Chamber of Deputies,2012,,,http://www.cdep.ro/parlamentari/l2012/Dragusanu_Vasile_Catalin.jpg,male
d5b9e820-42af-4e81-8695-98fc4e78a116,Dumbrăvanu Paul,Paul DUMBRĂVANU,paul.dumbravanu@cdep.ro,,,PNL,pnl,31,PRAHOVA,Chamber of Deputies,2012,,,http://www.cdep.ro/parlamentari/l2012/Dumbravanu_Paul.jpg,male
d59b0bf0-62b1-4f4a-83bb-286d15c8a14e,Dumitrache Ileana Cristina,Ileana Cristina DUMITRACHE,cristina.dumitrache@cdep.ro,,,PSD,psd,14,CONSTANŢA,Chamber of Deputies,2012,,,http://www.cdep.ro/parlamentari/l2012/Dumitrache_Ileana_Cristina.jpg,female
0909abc1-c4af-40d7-b1d5-78f64365b659,Dumitru Georgică,Georgică DUMITRU,georgica.dumitru@cdep.ro,,,ALDE,alde,16,DÂMBOVIŢA,Chamber of Deputies,2012,,,http://www.cdep.ro/parlamentari/l2012/Dumitru_Georgica.jpg,male
e4beef84-d95e-4a1a-b674-ee0a992be985,Dumitru Ioana-Jenica,Ioana-Jenica DUMITRU,,,,PSD,psd,3,ARGEŞ,Chamber of Deputies,2012,,,http://www.cdep.ro/parlamentari/l2012/Dumitru_Ioana_Jenica.jpg,female
57ebea7d-997e-4dfb-87db-452c1091b66e,Dumitru Ovidiu-Ioan,Ovidiu-Ioan DUMITRU,ovidiuioan.dumitru@cdep.ro,,,PNL,pnl,42,BUCUREŞTI,Chamber of Deputies,2012,,,http://www.cdep.ro/parlamentari/l2012/Dumitru_Ovidiu_Ioan.jpg,male
b34707e8-0da4-49f7-a9b7-4e16f276c9ec,Duşa Mircea,Mircea DUŞA,dusa_mircea@cdep.ro,,,PSD,psd,21,HARGHITA,Chamber of Deputies,2012,,,http://www.cdep.ro/parlamentari/l2012/Dusa_Mircea.jpg,male
bed3fc26-ee06-4fbc-8df0-09caaf04c4ae,Dîrzu Ioan,Ioan DÎRZU,ioan.dirzu@cdep.ro,,,PSD,psd,1,ALBA,Chamber of Deputies,2012,,,http://www.cdep.ro/parlamentari/l2012/Dirzu_Ioan.jpg,male
192698e2-5fbc-4814-8375-5b1af5b8d30c,Emacu Gheorghe,Gheorghe EMACU,gheorghe.emacu@cdep.ro,,,UNPR,unpr,24,IAŞI,Chamber of Deputies,2012,,,http://www.cdep.ro/parlamentari/l2012/Emacu_Gheorghe.jpg,male
d5630a05-af83-4f61-a550-a2f240be9750,Enache Marian,Marian ENACHE,,,,non-attached,non-attached,29,NEAMŢ,Chamber of Deputies,2012,,,http://www.cdep.ro/parlamentari/l2012/Enache_Marian.jpg,male
5b554408-d496-4489-a84a-27b169f101b1,Enea Constantin-Cosmin,Constantin-Cosmin ENEA,cosmin.enea@cdep.ro,,,PSD,psd,17,DOLJ,Chamber of Deputies,2012,,,http://www.cdep.ro/parlamentari/l2012/Enea_Constantin_Cosmin.jpg,male
dfe37f34-8fa3-46ea-ada7-2a7d61be6f2a,Eparu Ion,Ion EPARU,,,,PSD,psd,31,PRAHOVA,Chamber of Deputies,2012,,,http://www.cdep.ro/parlamentari/l2012/Eparu_Ion.jpg,male
3b2feb0f-b894-4c9e-a2b8-decf16669860,Erdei Dolóczki István,ERDEI DOLÓCZKI István,erdeiistvan55@yahoo.com,,,UDMR,udmr,32,SATU-MARE,Chamber of Deputies,2012,,,http://www.cdep.ro/parlamentari/l2012/Erdei_Doloczi_Istvan.jpg,male
fc5341be-bd48-48ec-9359-5637cc421b0b,Fejér László-Ődőn,FEJÉR László-Ődőn,office.dep@fejerlaszlo.ro,,,UDMR,udmr,15,COVASNA,Chamber of Deputies,2012,,,http://www.cdep.ro/parlamentari/l2012/Fejer_Laszlo_Odon.jpg,male
8443d1e0-4af5-464d-9d50-0e10231bcfab,Fenechiu Cătălin-Daniel,Cătălin-Daniel FENECHIU,daniel.fenechiu@cdep.ro,,,non-attached,non-attached,42,BUCUREŞTI,Chamber of Deputies,2012,,,http://www.cdep.ro/parlamentari/l2012/Fenechiu_Catalin_Daniel.jpg,male
8f2f1e4a-dab5-4214-be26-d72a1593d776,Fenechiu Relu,Relu FENECHIU,,,,PNL,pnl,24,IAŞI,Chamber of Deputies,2012,,,http://www.cdep.ro/parlamentari/l2012/Fenechiu_Relu.jpg,male
84721e03-545c-4683-a8a8-537b29c34e4b,Firczak Gheorghe,Gheorghe FIRCZAK,gheorghe.firczak@cdep.ro,,,Minoritati,minoritati,,,Chamber of Deputies,2012,,,http://www.cdep.ro/parlamentari/l2012/Firczak_Gheorghe.jpg,male
ce43473f-7e47-44d8-97d7-12442b2b2e41,Florea Damian,Damian FLOREA,damian.florea@cdep.ro,,,ALDE,alde,42,BUCUREŞTI,Chamber of Deputies,2012,,,http://www.cdep.ro/parlamentari/l2012/Florea_Damian.jpg,male
18eba9c4-a772-4b22-9f70-5d3655e1497d,Florea Daniel,Daniel FLOREA,,,,PSD,psd,12,CĂLĂRAŞI,Chamber of Deputies,2012,,,http://www.cdep.ro/parlamentari/l2012/Florea_Daniel.jpg,male
0e626432-7909-4be0-acf0-10f1a414f18a,Fonta Nuţu,Nuţu FONTA,nutu.fonta@cdep.ro,,,UNPR,unpr,26,MARAMUREŞ,Chamber of Deputies,2012,,,http://www.cdep.ro/parlamentari/l2012/Fonta_Nutu.jpg,male
eaa9fd85-187d-47e7-baeb-57bf7af3c036,Frăticiu Gheorghe,Gheorghe FRĂTICIU,fraticiugheorghe@yahoo.com,,,PSD,psd,34,SIBIU,Chamber of Deputies,2012,,,http://www.cdep.ro/parlamentari/l2012/Fraticiu_Gheorghe.jpg,male
5c4ed320-4bb4-4001-a2cf-2d1b6e50e4f1,Galan Constantin,Constantin GALAN,constantin.galan@cdep.ro,,,PNL,pnl,35,SUCEAVA,Chamber of Deputies,2012,,,http://www.cdep.ro/parlamentari/l2012/Galan_Constantin.jpg,male
6b5ad7e2-7313-408c-8a33-d2dbfbaf249e,Ganţ Ovidiu Victor,Ovidiu Victor GANŢ,ovidiu.gant@cdep.ro,,,Minoritati,minoritati,,,Chamber of Deputies,2012,,,http://www.cdep.ro/parlamentari/l2012/Gant_Ovidiu_Victor.jpg,male
f2f8ad57-0027-434c-a6a4-f012db4097a2,Gavrilescu Graţiela Leocadia,Graţiela Leocadia GAVRILESCU,gratiela.gavrilescu@cdep.ro,,,ALDE,alde,31,PRAHOVA,Chamber of Deputies,2012,,,http://www.cdep.ro/parlamentari/l2012/Gavrilescu_Gratiela_Leocadia.jpg,female
91666f10-41c8-4103-a012-6a2a3ad692ba,Geantă Florian Daniel,Florian Daniel GEANTĂ,daniel.geanta@cdep.ro,,,PSD,psd,42,BUCUREŞTI,Chamber of Deputies,2012,,,http://www.cdep.ro/parlamentari/l2012/Geanta_Florian_Daniel.jpg,male
393c3355-c08e-4cbc-98fb-1b71a22b0965,Gerea Andrei Dominic,Andrei Dominic GEREA,andrei.gerea@cdep.ro,,,ALDE,alde,3,ARGEŞ,Chamber of Deputies,2012,,,http://www.cdep.ro/parlamentari/l2012/Gerea_Andrei_Dominic.jpg,male
f23be5f5-5bb4-4cc6-a912-a8a4e8716c14,Gheorghe Andrei Daniel,Andrei Daniel GHEORGHE,daniel.gheorghe@cdep.ro,,,PNL,pnl,25,ILFOV,Chamber of Deputies,2012,2014-06-11,,http://www.cdep.ro/parlamentari/l2012/Gheorghe_Andrei_Daniel.jpg,male
a2a995f9-121a-446f-90c5-11748f0832ed,Gheorghe Florin,Florin GHEORGHE,floringheorghe@cdep.ro,,,PSD,psd,14,CONSTANŢA,Chamber of Deputies,2012,,,http://www.cdep.ro/parlamentari/l2012/Gheorghe_Florin.jpg,male
e0fe4d30-9581-4049-8d86-2dfab973ca6b,Gheorghe Tinel,Tinel GHEORGHE,tinel.gheorghe@cdep.ro,,,PNL,pnl,23,IALOMIŢA,Chamber of Deputies,2012,,,http://www.cdep.ro/parlamentari/l2012/Gheorghe_Tinel.jpg,male
ce3cb997-014c-4ad4-9f8d-4c4fddd8b852,Ghera Giureci-Slobodan,Giureci-Slobodan GHERA,slobodan.ghera@cdep.ro,,,Minoritati,minoritati,,,Chamber of Deputies,2012,,,http://www.cdep.ro/parlamentari/l2012/Ghera_Giureci_Slobodan.jpg,male
a682052c-f933-4d06-b5c9-4ce7051d76b5,Ghiveciu Marian,Marian GHIVECIU,,,,PSD,psd,10,BUZĂU,Chamber of Deputies,2012,,,http://www.cdep.ro/parlamentari/l2012/Ghiveciu_Marian.jpg,male
bf8d3e17-332b-4e40-9c5d-e2f029ab0ed5,Ghiţă Sebastian-Aurelian,Sebastian-Aurelian GHIŢĂ,sebastian1978.ghita@gmail.com,,,PSD,psd,31,PRAHOVA,Chamber of Deputies,2012,,,http://www.cdep.ro/parlamentari/l2012/Ghita_Sebastian.jpg,male
c5e13db6-1c41-4476-a838-77659e5990ab,Gireadă Dumitru-Verginel,Dumitru-Verginel GIREADĂ,verginel.gireada@cdep.ro,,,PNL,pnl,7,BOTOŞANI,Chamber of Deputies,2012,,,http://www.cdep.ro/parlamentari/l2012/Gireada_Dumitru_Verginel.jpg,male
e4e4910a-9d96-47e6-87f7-5f3e65561091,Giurescu Dinu,Dinu GIURESCU,,,,ALDE,alde,42,BUCUREŞTI,Chamber of Deputies,2012,,,http://www.cdep.ro/parlamentari/l2012/Giurescu_Dinu.jpg,male
6f1c04d2-adcf-4e20-8725-ff67b4442605,Gliga Vasile Ghiorghe,Vasile Ghiorghe GLIGA,vasile.gliga@cdep.ro,,,PSD,psd,28,MUREŞ,Chamber of Deputies,2012,,,http://www.cdep.ro/parlamentari/l2012/Gliga_Vasile_Ghiorghe.jpg,male
c7a8d793-41e5-44ec-877f-ceea3b761f7b,Gorghiu Alina-Ştefania,Alina-Ştefania GORGHIU,alina.gorghiu@cdep.ro,,,PNL,pnl,42,BUCUREŞTI,Chamber of Deputies,2012,,,http://www.cdep.ro/parlamentari/l2012/Gorghiu_Alina_Stefania.jpg,female
fc883a48-900d-45bb-ad62-e43241036e45,Grama Horia,Horia GRAMA,horia.grama@cdep.ro,,,PSD,psd,15,COVASNA,Chamber of Deputies,2012,,,http://www.cdep.ro/parlamentari/l2012/Grama_Horia.jpg,male
e080b052-c8a4-4bb2-a2c6-d7e68ad48ce9,Grapini Maria,Maria GRAPINI,,,,ALDE,alde,37,TIMIŞ,Chamber of Deputies,2012,,,http://www.cdep.ro/parlamentari/l2012/Grapini_Maria.jpg,female
0c736b28-f9ab-4822-9364-e9ef9c72e941,Grecea Maria,Maria GRECEA,bv59mar@yahoo.com,,,PNL,pnl,8,BRAŞOV,Chamber of Deputies,2012,,,http://www.cdep.ro/parlamentari/l2012/Grecea_Maria.jpg,female
8708e1bd-8f3b-481b-8881-ca55c9ce452c,Grindeanu Sorin Mihai,Sorin Mihai GRINDEANU,,,,PSD,psd,37,TIMIŞ,Chamber of Deputies,2012,,,http://www.cdep.ro/parlamentari/l2012/Grindeanu_Sorin_Mihai.jpg,male
6d87b9e9-ce01-451c-855f-416b550bd3b5,Grosaru Mircea,Mircea GROSARU,,,,unknown,unknown,,,Chamber of Deputies,2012,,2014-02-03,http://www.cdep.ro/parlamentari/l2012/Grosaru_Mircea.jpg,male
950a7ff9-6576-44c8-a1a9-49d26ba8ffa1,Gudu Vasile,Vasile GUDU,vasile.gudu@cdep.ro,,,PNL,pnl,38,TULCEA,Chamber of Deputies,2012,,,http://www.cdep.ro/parlamentari/l2012/Gudu_Vasile.jpg,male
dca41f1d-3f7e-4d83-8842-7b427ca5206c,Gunia Dragoş-Ionel,Dragoş-Ionel GUNIA,gunia@cdep.ro,,,PNL,pnl,31,PRAHOVA,Chamber of Deputies,2012,,,http://www.cdep.ro/parlamentari/l2012/Gunia_Dragos_Ionel.jpg,male
f7844603-ba20-4032-a75e-8e98faf9f933,Guran Virgil,Virgil GURAN,virgil.guran@cdep.ro,,,PNL,pnl,31,PRAHOVA,Chamber of Deputies,2012,,,http://www.cdep.ro/parlamentari/l2012/Guran_Virgil.jpg,male
13678655-9fa8-4f96-90eb-e4f31b27ef23,Gurzău Adrian,Adrian GURZĂU,adrian.gurzau@cdep.ro,,,non-attached,non-attached,13,CLUJ,Chamber of Deputies,2012,,,http://www.cdep.ro/parlamentari/l2012/Gurzau_Adrian.jpg,male
0bece5ac-96c5-4643-add9-4368583d3a70,Gust Băloşin Florentin,Florentin GUST BĂLOŞIN,florentin.gust@cdep.ro,,,non-attached,non-attached,17,DOLJ,Chamber of Deputies,2012,,,http://www.cdep.ro/parlamentari/l2012/Gust_Balosin.jpg,male
e1bb534a-1602-46af-94c0-528b7752c5ac,Gvozdenovici Slavomir,Slavomir GVOZDENOVICI,slavomirgvozdenovici@yahoo.com,,,Minoritati,minoritati,,,Chamber of Deputies,2012,,,http://www.cdep.ro/parlamentari/l2012/Gvozdenovici_Slavomir.jpg,male
a4e1a586-b02c-401e-904c-4a85537626d4,Găină Mihăiţă,Mihăiţă GĂINĂ,,,,PSD,psd,23,IALOMIŢA,Chamber of Deputies,2012,,,http://www.cdep.ro/parlamentari/l2012/Gaina_Mihaita.jpg,male
2e8816e7-c140-4969-96dc-b070e8c91046,Harbuz Liviu,Liviu HARBUZ,liviu.harbuz@cdep.ro,,,PSD,psd,29,NEAMŢ,Chamber of Deputies,2012,,,http://www.cdep.ro/parlamentari/l2012/Harbuz_Liviu.jpg,male
d28e94d8-acca-447a-8761-0f84f7e7570a,Hellvig Eduard Raul,Eduard Raul HELLVIG,,,,PNL,pnl,25,ILFOV,Chamber of Deputies,2012,,,http://www.cdep.ro/parlamentari/l2012/Hellvig_Eduard_Raul.jpg,male
e4e20250-9f03-462e-ac2e-f5e3c65fa7d0,Holban Titi,Titi HOLBAN,titi.holban@cdep.ro,,,PSD,psd,10,BUZĂU,Chamber of Deputies,2012,,,http://www.cdep.ro/parlamentari/l2012/Holban_Titi.jpg,male
61c95a9c-6447-47c7-8cea-9e5aa5fc3b59,Horga Vasile,Vasile HORGA,vasile.horga@cdep.ro,,,PNL,pnl,16,DÂMBOVIŢA,Chamber of Deputies,2012,,,http://www.cdep.ro/parlamentari/l2012/Horga_Vasile.jpg,male
11e57d45-5a6e-46fd-b1b6-dcc3a58567bf,Hrebenciuc Viorel,Viorel HREBENCIUC,,,,PSD,psd,4,BACĂU,Chamber of Deputies,2012,,,http://www.cdep.ro/parlamentari/l2012/Hrebenciuc_Viorel.jpg,male
cf7cc16e-d53a-47f5-b994-7b6c41182fc6,Hulea Ioan,Ioan HULEA,globaleuroest_consulting@yahoo.com,,,UNPR,unpr,5,BIHOR,Chamber of Deputies,2012,,,http://www.cdep.ro/parlamentari/l2012/Hulea_Ioan.jpg,male
cf732c58-4bfe-4f39-892d-c2986b050c55,Hărău Eleonora-Carmen,Eleonora-Carmen HĂRĂU,carmen.harau@cdep.ro,,,PNL,pnl,22,HUNEDOARA,Chamber of Deputies,2012,,,http://www.cdep.ro/parlamentari/l2012/Harau_Eleonora_Carmen.jpg,female
b1e95818-fed5-490d-a767-d5ad7440f840,Iacob Ridzi Monica Maria,Monica Maria IACOB RIDZI,,,,PSD,psd,22,HUNEDOARA,Chamber of Deputies,2012,,,http://www.cdep.ro/parlamentari/l2012/Iacob_Ridzi_Monica.jpg,female
e67eb586-18e0-47ff-953c-3b65bf7ab1c5,Iacoban Sorin-Avram,Sorin-Avram IACOBAN,sorin.iacoban@cdep.ro,,,PSD,psd,24,IAŞI,Chamber of Deputies,2012,,,http://www.cdep.ro/parlamentari/l2012/Iacoban_Sorin_Avram.jpg,male
aa9124cb-8722-44c5-95cf-0424a10ab478,Ialomiţianu Gheorghe,Gheorghe IALOMIŢIANU,gheorghe.ialomitianu@cdep.ro,,,PNL,pnl,8,BRAŞOV,Chamber of Deputies,2012,,,http://www.cdep.ro/parlamentari/l2012/Ialomitianu_Gheorghe.jpg,male
318cdce2-4ac3-4ec7-97b9-5c998dc78340,Iancu Iulian,Iulian IANCU,iancu.iulian@cdep.ro,,,PSD,psd,4,BACĂU,Chamber of Deputies,2012,,,http://www.cdep.ro/parlamentari/l2012/Iancu_Iulian.jpg,male
a1bb82c3-78ab-4c2c-a57e-34c06c8610f7,Iane Daniel,Daniel IANE,daniel.iane@cdep.ro,,,PNL,pnl,17,DOLJ,Chamber of Deputies,2012,,,http://www.cdep.ro/parlamentari/l2012/Iane_Daniel.jpg,male
8f915832-7135-4598-a33d-b714505335e0,Iane Ovidiu-Cristian,Ovidiu-Cristian IANE,ovidiu.iane@cdep.ro,,,PSD,psd,35,SUCEAVA,Chamber of Deputies,2012,,,http://www.cdep.ro/parlamentari/l2012/Iane_Ovidiu_Cristian.jpg,male
4bd74999-948d-4e21-8200-8cd0139a51ee,Ibram Iusein,Iusein IBRAM,ibram.iusein@cdep.ro,,,Minoritati,minoritati,,,Chamber of Deputies,2012,,,http://www.cdep.ro/parlamentari/l2012/Ibram_Iusein.jpg,male
726defb1-65da-4259-b017-5ad3010a7b90,Ignat Miron,Miron IGNAT,chestor.ig.mir@cdep.ro,,,Minoritati,minoritati,,,Chamber of Deputies,2012,,,http://www.cdep.ro/parlamentari/l2012/Ignat_Miron.jpg,male
66d22306-b11d-4973-bbf4-db9fe1b4cb2d,Iliuţă Vasile,Vasile ILIUŢĂ,,,,PNL,pnl,12,CĂLĂRAŞI,Chamber of Deputies,2012,,,http://www.cdep.ro/parlamentari/l2012/Iliuta_Vasile.jpg,male
f0ba485e-0051-4264-bcdd-1706f8dd56ff,Intotero Natalia-Elena,Natalia-Elena INTOTERO,nataliacjhd@yahoo.com,,,PSD,psd,22,HUNEDOARA,Chamber of Deputies,2012,,,http://www.cdep.ro/parlamentari/l2012/Intotero_Natalia_Elena.jpg,male
5dca6052-72af-4e66-bff5-fa1333f3c726,Ionescu Aurelian,Aurelian IONESCU,aurelian.ionescu@cdep.ro,,,ALDE,alde,23,IALOMIŢA,Chamber of Deputies,2012,,,http://www.cdep.ro/parlamentari/l2012/Ionescu_Aurelian.jpg,male
e59e0d2d-7a09-4bdb-bd79-f6a2b8ffd378,Ionescu George,George IONESCU,george.ionescu@cdep.ro,,,PNL,pnl,31,PRAHOVA,Chamber of Deputies,2012,,,http://www.cdep.ro/parlamentari/l2012/Ionescu_George.jpg,male
83fa4ca3-92d7-4038-a27f-2e36bda59338,Iordache Florin,Florin IORDACHE,cabinet.presedinte@cdep.ro,,,PSD,psd,30,OLT,Chamber of Deputies,2012,,,http://www.cdep.ro/parlamentari/l2012/Iordache_Florin.jpg,male
64814c94-dab8-4292-a46b-4e1482f384c5,Irimie Vicenţiu-Mircea,Vicenţiu-Mircea IRIMIE,mircea.vicentiu@gmail.com,,,ALDE,alde,13,CLUJ,Chamber of Deputies,2012,,,http://www.cdep.ro/parlamentari/l2012/Irimie_Vicentiu_Mircea.jpg,male
b60aa80e-6b11-4526-a1f9-c83bd805763c,Iriza Scarlat,Scarlat IRIZA,scarlat.iriza@hidroelectrica.ro,,,non-attached,non-attached,20,GORJ,Chamber of Deputies,2012,,,http://www.cdep.ro/parlamentari/l2012/Iriza_Scarlat.jpg,male
022b1cbc-3e77-43e7-9035-4be0cdca7b93,Ispir Raluca-Cristina,Raluca-Cristina ISPIR,raluca.ispir@cdep.ro,,,PNL,pnl,42,BUCUREŞTI,Chamber of Deputies,2012,,,http://www.cdep.ro/parlamentari/l2012/Ispir_Raluca_Cristina.jpg,female
f52574d2-328d-4141-95fc-d122c852b3b6,Itu Cornel,Cornel ITU,cornel.itu@cdep.ro,,,PSD,psd,13,CLUJ,Chamber of Deputies,2012,,,http://www.cdep.ro/parlamentari/l2012/Itu_Cornel.jpg,male
f077682b-e79f-4108-8214-c2bd380c2a2d,Kelemen Atilla-Béla-László,KELEMEN Atilla-Béla-László,equi_can@cdep.ro,,,UDMR,udmr,28,MUREŞ,Chamber of Deputies,2012,,,http://www.cdep.ro/parlamentari/l2012/Kelemen_Attila_Bella_Laszlo.jpg,male
fc9664ed-c1a7-47ff-9a0e-170432f9c05d,Kelemen Hunor,KELEMEN Hunor,kelemenhunor@cdep.ro,,,UDMR,udmr,21,HARGHITA,Chamber of Deputies,2012,,,http://www.cdep.ro/parlamentari/l2012/Kelemen_Hunor.jpg,male
418834fe-e021-4f9c-ad8e-a2f8c8fad87f,Kerekes Károly,KEREKES Károly,kerekes@cdep.ro,,,UDMR,udmr,28,MUREŞ,Chamber of Deputies,2012,,,http://www.cdep.ro/parlamentari/l2012/Kerekes_Karoly.jpg,male
45e25365-e7f8-451e-bb8f-708140928082,Kereskényi Gábor,KERESKÉNYI Gábor,,,,UDMR,udmr,32,SATU-MARE,Chamber of Deputies,2012,,,http://www.cdep.ro/parlamentari/l2012/Kereskenyi_Gabor.jpg,male
362e0582-38df-4c4d-b1f5-8a8ca57247a3,Khraibani Camelia,Camelia KHRAIBANI,ckhraibani@yahoo.com,,,non-attached,non-attached,20,GORJ,Chamber of Deputies,2012,,,http://www.cdep.ro/parlamentari/l2012/Khraibani_Camelia.jpg,female
7a8edbe9-33fb-43af-9a14-72521fd2c4f9,Korodi Attila,KORODI Attila,attila.korodi@cdep.ro,,,UDMR,udmr,21,HARGHITA,Chamber of Deputies,2012,,,http://www.cdep.ro/parlamentari/l2012/Korodi_Attila.jpg,male
cf918f54-c715-4b0c-a00a-583f51cdf816,Laza-Matiuţa Liviu,Liviu LAZA-MATIUŢA,lazamliviu@cdep.ro,,,PNL,pnl,5,BIHOR,Chamber of Deputies,2012,,,http://www.cdep.ro/parlamentari/l2012/Laza_Matiuta_Liviu.jpg,male
dd7abaf0-3bd8-4cc7-adb1-7bcc72ad128f,Longher Ghervazen,Ghervazen LONGHER,ghervazen.longher@cdep.ro,,,Minoritati,minoritati,,,Chamber of Deputies,2012,,,http://www.cdep.ro/parlamentari/l2012/Longher_Ghervazen.jpg,male
e8544c8b-c6ec-4a92-8591-07acd29ab698,Lubanovici Mircea,Mircea LUBANOVICI,mircea.lubanovici@cdep.ro,,,PNL,pnl,43,DIASPORA,Chamber of Deputies,2012,,,http://www.cdep.ro/parlamentari/l2012/Lubanovici_Mircea.jpg,male
56a8185b-dffa-41a3-a629-b102c82e7f09,Lupu Mihai,Mihai LUPU,mihai.lupu@cdep.ro,,,PNL,pnl,14,CONSTANŢA,Chamber of Deputies,2012,,,http://www.cdep.ro/parlamentari/l2012/Lupu_Mihai.jpg,male
72853174-6d8d-4faf-8992-8ac45ac86ad8,Man Mircea,Mircea MAN,,,,PNL,pnl,26,MARAMUREŞ,Chamber of Deputies,2012,,,http://www.cdep.ro/parlamentari/l2012/Man_Mircea.jpg,male
5b341bad-7bc9-4749-8a2b-97457bec9ac3,Manda Iulian Claudiu,Iulian Claudiu MANDA,claudiumanda@cdep.ro,,,PSD,psd,17,DOLJ,Chamber of Deputies,2012,,,http://www.cdep.ro/parlamentari/l2012/Manda_Claudiu.jpg,male
847fcf5d-3b25-491d-97ec-8942340c9c96,Manea Victor-Gheorghe,Victor-Gheorghe MANEA,victor.manea@cdep.ro,,,PNL,pnl,14,CONSTANŢA,Chamber of Deputies,2012,,,http://www.cdep.ro/parlamentari/l2012/Manea_Victor_Gheorghe.jpg,male
1b2a1e6f-3444-4f11-b417-742865064af4,Manolache Marius,Marius MANOLACHE,manolache.marius@cdep.ro,,,PSD,psd,27,MEHEDINŢI,Chamber of Deputies,2012,,,http://www.cdep.ro/parlamentari/l2012/Manolache_Marius.jpg,male
de95ce87-6851-4ce1-b088-3f8aecf4435d,Manolescu Oana,Oana MANOLESCU,omanol@cdep.ro,,,Minoritati,minoritati,,,Chamber of Deputies,2012,,,http://www.cdep.ro/parlamentari/l2012/Manolescu_Oana.jpg,female
2e14051e-fc40-404c-a2f9-ae2725345c2d,Marcoci Vlad,Vlad MARCOCI,vlad_marcoci@yahoo.com,,,PNL,pnl,29,NEAMŢ,Chamber of Deputies,2012,,,http://www.cdep.ro/parlamentari/l2012/Marcoci_Vlad.jpg,male
892637e7-075f-4057-b40e-b2d1f88dabb1,Marcu Nicu,Nicu MARCU,,,,ALDE,alde,4,BACĂU,Chamber of Deputies,2012,,,http://www.cdep.ro/parlamentari/l2012/Marcu_Nicu.jpg,male
9d02fdf1-959f-4a04-8493-911696d277de,Marcu Viorica,Viorica MARCU,viorica.marcu@cdep.ro,,,PNL,pnl,4,BACĂU,Chamber of Deputies,2012,,,http://www.cdep.ro/parlamentari/l2012/Marcu_Viorica.jpg,female
ee82135a-ad7c-40fb-99ad-2babda49c340,Marian Ion Cristinel,Ion Cristinel MARIAN,cristinel.marian@cdep.ro,,,non-attached,non-attached,40,VÂLCEA,Chamber of Deputies,2012,,,http://www.cdep.ro/parlamentari/l2012/Marian_Ion_Cristinel.jpg,male
ef336163-ecb5-4c0e-ba13-f0eb5c2a171e,Marica Petru-Sorin,Petru-Sorin MARICA,,,,PSD,psd,22,HUNEDOARA,Chamber of Deputies,2012,,2014-06-11,http://www.cdep.ro/parlamentari/l2012/Marica_Sorin.jpg,
473969c1-bfaa-412b-a478-2ffb365bda42,Marin Gheorghe,Gheorghe MARIN,marin.gheorghe@cdep.ro,,,PSD,psd,3,ARGEŞ,Chamber of Deputies,2012,,,http://www.cdep.ro/parlamentari/l2012/Marin_Gheorghe.jpg,male
11d9c43d-20c0-4d32-8136-82e9ac916815,Marin Laura,Laura MARIN,laura.marin@cdep.ro,,,PSD,psd,18,GALAŢI,Chamber of Deputies,2012,2014-06-11,,http://www.cdep.ro/parlamentari/l2012/MarinLaura.jpg,female
d848e3a4-52ca-44b6-9abd-a8815c06cac7,Markó Attila-Gabor,MARKÓ Attila-Gabor,,,,UDMR,udmr,15,COVASNA,Chamber of Deputies,2012,,,http://www.cdep.ro/parlamentari/l2012/Marko_Attila_Gabor.jpg,male
e4674fae-5070-41e1-8383-95dc307ca778,Marocico Ion,Ion MAROCICO,marocico.ion@cdep.ro,,,Minoritati,minoritati,,,Chamber of Deputies,2012,,,http://www.cdep.ro/parlamentari/l2012/Marocico_Ion.jpg,male
7d3685d5-d3cd-4953-a4d6-1a29c61f9e8b,Martin Eduard-Stelian,Eduard-Stelian MARTIN,eduard.martin@cdep.ro,,,PSD,psd,14,CONSTANŢA,Chamber of Deputies,2012,,,http://www.cdep.ro/parlamentari/l2012/Martin_Eduard_Stelian.jpg,male
1a488924-a4cb-4bce-ada5-7b4fb84e90f2,Matei Călin-Vasile-Andrei,Călin-Vasile-Andrei MATEI,calinmatei_bm@yahoo.com,,,PSD,psd,26,MARAMUREŞ,Chamber of Deputies,2012,,,http://www.cdep.ro/parlamentari/l2012/Matei_Calin_Vasile_Andrei.jpg,male
1f21b51f-a67b-4bf5-b2f0-ca34770cb10c,Mazilu Constantin,Constantin MAZILU,constantin.mazilu@cdep.ro,,,UNPR,unpr,40,VÂLCEA,Chamber of Deputies,2012,,,http://www.cdep.ro/parlamentari/l2012/Mazilu_Constantin.jpg,male
5bec7da3-9bd3-497a-94f7-222a74e7fdf3,Melinte Ion,Ion MELINTE,,,,PSD,psd,4,BACĂU,Chamber of Deputies,2012,,,http://www.cdep.ro/parlamentari/l2012/Melinte_Ion.jpg,male
1283deee-e752-4b95-83c8-59e829e4ea82,Merka Adrian-Miroslav,Adrian-Miroslav MERKA,adrian.merka@cdep.ro,,,Minoritati,minoritati,,,Chamber of Deputies,2012,,,http://www.cdep.ro/parlamentari/l2012/Merka_Adrian_Miroslav.jpg,male
fc253b36-486e-4e26-b829-6fed61b676a6,Mihai Aurelian,Aurelian MIHAI,aurelian.mihai@cdep.ro,,,PNL,pnl,43,DIASPORA,Chamber of Deputies,2012,,,http://www.cdep.ro/parlamentari/l2012/Mihai_Aurelian.jpg,male
1b31d907-9c82-4b02-8df5-5dba4d9298e4,Mihăilescu Ion-Bogdan,Ion-Bogdan MIHĂILESCU,bogdan.mihailescu@cdep.ro,,,PSD,psd,42,BUCUREŞTI,Chamber of Deputies,2012,,,http://www.cdep.ro/parlamentari/l2012/Mihailescu_Ion_Bogdan.jpg,male
c2a59836-93d7-40cc-bfcc-d559454342d9,Mihăilă Ioan,Ioan MIHĂILĂ,ioanmihaila@cdep.ro,,,UNPR,unpr,42,BUCUREŞTI,Chamber of Deputies,2012,,,http://www.cdep.ro/parlamentari/l2012/Mihaila_Ioan.jpg,male
35df7bbb-33c8-4aa8-8880-602b939e3de4,Militaru Lucian,Lucian MILITARU,lucian.militaru@cdep.ro,,,PNL,pnl,36,TELEORMAN,Chamber of Deputies,2012,,,http://www.cdep.ro/parlamentari/l2012/Militaru_Lucian.jpg,male
df0b8fac-610f-49c5-9334-032da6958dc3,Mincă Liliana,Liliana MINCĂ,liliana.minca@cdep.ro,,,PSD,psd,7,BOTOŞANI,Chamber of Deputies,2012,,,http://www.cdep.ro/parlamentari/l2012/Minca_Liliana.jpg,female
bf8dd7da-a9ca-4e12-be49-abe2b0e40eba,Mircovici Niculae,Niculae MIRCOVICI,niculae_mircovici @yahoo.com,,,Minoritati,minoritati,,,Chamber of Deputies,2012,,,http://www.cdep.ro/parlamentari/l2012/Mircovici_Niculae.jpg,male
54489277-4bd6-463f-af2f-e59a028975b6,Mironescu Răzvan Horia,Răzvan Horia MIRONESCU,razvan.mironescu@cdep.ro,,,PNL,pnl,42,BUCUREŞTI,Chamber of Deputies,2012,,,http://www.cdep.ro/parlamentari/l2012/Mironescu_Razvan_Horia.jpg,male
08859654-17bf-4436-be40-18f54f71fb41,Mitrea Manuela,Manuela MITREA,manuela.mitrea@cdep.ro,,,PSD,psd,14,CONSTANŢA,Chamber of Deputies,2012,,,http://www.cdep.ro/parlamentari/l2012/Mitrea_Manuela.jpg,female
091fad67-f56e-446d-82a4-09f4ef4d8aaf,Mitrea Miron Tudor,Miron Tudor MITREA,,,,PSD,psd,41,VRANCEA,Chamber of Deputies,2012,,,http://www.cdep.ro/parlamentari/l2012/Mitrea_Miron.jpg,male
9073a68c-e87f-489a-bb83-479502b7b6c3,Mocanu Adrian,Adrian MOCANU,adrian.mocanu@cdep.ro,,,non-attached,non-attached,10,BUZĂU,Chamber of Deputies,2012,,,http://www.cdep.ro/parlamentari/l2012/Mocanu_Adrian.jpg,male
ed5b5674-77dc-4745-92d1-fce260938988,Mocanu Vasile,Vasile MOCANU,,,,PSD,psd,24,IAŞI,Chamber of Deputies,2012,,,http://www.cdep.ro/parlamentari/l2012/Mocanu_Vasile.jpg,male
ddbc9367-727b-467e-aee9-ccb6a9a0e736,Mocioalcă Ion,Ion MOCIOALCĂ,ion.mocioalca@cdep.ro,,,PSD,psd,11,CARAŞ-SEVERIN,Chamber of Deputies,2012,,,http://www.cdep.ro/parlamentari/l2012/Mocioaca_Ion.jpg,male
b98c72da-11b6-4b58-ae79-d72eabee9dc2,Mocioi Niculina,Niculina MOCIOI,niculina.mocioi@cdep.ro,,,PNL,pnl,20,GORJ,Chamber of Deputies,2012,,,http://www.cdep.ro/parlamentari/l2012/Mocioi_Niculina.jpg,female
b21e928c-313a-484c-9b9b-efbdc96a1a18,Moisii Constantin,Constantin MOISII,,,,UNPR,unpr,29,NEAMŢ,Chamber of Deputies,2012,,,http://www.cdep.ro/parlamentari/l2012/Moisii_Constantin.jpg,male
4b34f541-0d25-4ae4-8df4-cba10232db40,Moldovan Carmen Ileana,Carmen Ileana MOLDOVAN,carmen.moldovan@cdep.ro,,,PSD,psd,16,DÂMBOVIŢA,Chamber of Deputies,2012,,,http://www.cdep.ro/parlamentari/l2012/Moldovan_Carmen_Ileana.jpg,female
c1932d94-8384-4ed2-bdef-d690300e34f0,Moldovan Ioan,Ioan MOLDOVAN,,,,ALDE,alde,13,CLUJ,Chamber of Deputies,2012,,,http://www.cdep.ro/parlamentari/l2012/Moldovan_Ioan.jpg,male
280eceb8-7a56-49ec-9dc0-566e85effbcd,Moldovan Iosif,MOLDOVAN Iosif,,,,UDMR,udmr,21,HARGHITA,Chamber of Deputies,2012,,,http://www.cdep.ro/parlamentari/l2012/Moldovan_Iosif.jpg,male
eccc59ec-07f5-46d8-95ae-5d3abfb79176,Molnar Zsolt,MOLNAR Zsolt,molnar.zsolt@udmr.ro,,,UDMR,udmr,37,TIMIŞ,Chamber of Deputies,2012,,,http://www.cdep.ro/parlamentari/l2012/Molnar_Zsolt.jpg,male
43820503-6e08-4e60-9301-fbe7df91ff62,Motreanu Dan-Ştefan,Dan-Ştefan MOTREANU,dan.motreanu@cdep.ro,,,PNL,pnl,12,CĂLĂRAŞI,Chamber of Deputies,2012,,,http://www.cdep.ro/parlamentari/l2012/Motreanu_Dan_Stefan.jpg,male
7cb7ba4b-4e17-41a9-9f19-f5baee3b7f01,Movilă Petru,Petru MOVILĂ,petru.movila@cdep.ro,,,non-attached,non-attached,24,IAŞI,Chamber of Deputies,2012,,,http://www.cdep.ro/parlamentari/l2012/Movila_Petru.jpg,male
4991063e-560b-451d-b2c5-6e9102efd455,Moţ Constantin-Stelian-Emil,Constantin-Stelian-Emil MOŢ,,,,PSD,psd,30,OLT,Chamber of Deputies,2012,,,http://www.cdep.ro/parlamentari/l2012/Mot_Constantin_Stelian_Emil.jpg,male
6143fd7b-24ce-4c4b-b796-f1bda11f8ca3,Muntean Mircia,Mircia MUNTEAN,,,,PSD,psd,22,HUNEDOARA,Chamber of Deputies,2012,,,http://www.cdep.ro/parlamentari/l2012/Muntean_Mircia.jpg,male
5c7ccba8-f883-4dc7-b7e3-f2a315a41674,Munteanu Ioan,Ioan MUNTEANU,ioan.munteanu@cdep.ro,,,PSD,psd,29,NEAMŢ,Chamber of Deputies,2012,,,http://www.cdep.ro/parlamentari/l2012/Munteanu_Ioan.jpg,male
57dd0b6a-d873-4a72-b12f-c5b405431caf,Murgu Neagu,Neagu MURGU,neagu.murgu@cdep.ro,,,UNPR,unpr,41,VRANCEA,Chamber of Deputies,2012,,,http://www.cdep.ro/parlamentari/l2012/Murgu_Neagu.jpg,male
cd4d809b-da8f-4bd6-ab8d-216d1fe40b86,Márton Árpád-Francisc,MÁRTON Árpád-Francisc,marton@cdep.ro,,,UDMR,udmr,15,COVASNA,Chamber of Deputies,2012,,,http://www.cdep.ro/parlamentari/l2012/Marton_Arpad_Francisc.jpg,male
752bd854-100a-4384-8171-6493db0f8361,Máté András-Levente,MÁTÉ András-Levente,mateandras@cdep.ro,,,UDMR,udmr,13,CLUJ,Chamber of Deputies,2012,,,http://www.cdep.ro/parlamentari/l2012/Mate_Andras.jpg,male
e4d212ee-d084-445e-80c6-39f6d0b926d1,Mîrza Gavril,Gavril MÎRZA,gavril_mirza@senat.ro,,,PSD,psd,35,SUCEAVA,Chamber of Deputies,2012,,,http://www.cdep.ro/parlamentari/l2012/Mirza_Gavril.jpg,male
4728475f-868b-4151-bb10-86f4d52e5ccf,Măduţa Flavius-Luigi,Flavius-Luigi MĂDUŢA,flavius.maduta@cdep.ro,,,PSD,psd,2,ARAD,Chamber of Deputies,2012,,,http://www.cdep.ro/parlamentari/l2012/Maduta_Flavius_Luigi.jpg,male
ada52e70-dafa-44fe-8221-e7a849e78b37,Nassar Rodica,Rodica NASSAR,rodica_nassar@cdep.ro,,,PSD,psd,42,BUCUREŞTI,Chamber of Deputies,2012,,,http://www.cdep.ro/parlamentari/l2012/Nassar_Rodica.jpg,female
1416d6e4-9f14-4f4f-83f1-acf8616278a2,Nazare Alexandru,Alexandru NAZARE,alexandru.nazare@cdep.ro,,,PNL,pnl,9,BRĂILA,Chamber of Deputies,2012,,,http://www.cdep.ro/parlamentari/l2012/Nazare_Alexandru.jpg,male
3c5d86e3-418f-4ec0-ad6d-79d7b211a3f6,Neacşu Marian,Marian NEACŞU,marian.neacsu@cdep.ro,,,PSD,psd,23,IALOMIŢA,Chamber of Deputies,2012,,,http://www.cdep.ro/parlamentari/l2012/NeacsuMarian.jpg,male
04e6b1d7-2bd0-48fb-a609-63795b65b6ce,Nechita Aurel,Aurel NECHITA,,,,PSD,psd,18,GALAŢI,Chamber of Deputies,2012,,,http://www.cdep.ro/parlamentari/l2012/Nechita_Aurel.jpg,male
6bde5662-8c58-457d-b24d-aa74c80e3667,Necula Cosmin,Cosmin NECULA,,,,PSD,psd,4,BACĂU,Chamber of Deputies,2012,,,http://www.cdep.ro/parlamentari/l2012/Necula_Cosmin.jpg,male
b2dea07a-023f-47ea-9da9-2910591ea8e7,Negruţ Clement,Clement NEGRUŢ,clement.negrut@cdep.ro,,,non-attached,non-attached,1,ALBA,Chamber of Deputies,2012,,,http://www.cdep.ro/parlamentari/l2012/Negrut_Clement.jpg,male
464d267e-bd4f-416e-82e5-f68d84494258,Negruţ Cornelia,Cornelia NEGRUŢ,cornelia.negrut@cdep.ro,,,ALDE,alde,26,MARAMUREŞ,Chamber of Deputies,2012,,,http://www.cdep.ro/parlamentari/l2012/Negrut_Cornelia.jpg,female
baabdaa2-faff-4899-a447-611229eac97c,Neţoiu Gheorghe,Gheorghe NEŢOIU,,,,PSD,psd,17,DOLJ,Chamber of Deputies,2012,,,http://www.cdep.ro/parlamentari/l2012/Netoiu_Gheorghe.jpg,male
d84b678f-906a-4ab7-8eaf-931a72d667d2,Nica Dan,Dan NICA,,,,PSD,psd,18,GALAŢI,Chamber of Deputies,2012,,,http://www.cdep.ro/parlamentari/l2012/Nica_Dan.jpg,male
6c714971-d2dc-46ef-98cf-7cb082155b5c,Nica Nicolae-Ciprian,Nicolae-Ciprian NICA,ciprian.nica@cdep.ro,,,PSD,psd,41,VRANCEA,Chamber of Deputies,2012,,,http://www.cdep.ro/parlamentari/l2012/Nica_Ciprian.jpg,male
ae1de975-82a4-4931-9733-9b6d107300ce,Nichita Cristina,Cristina NICHITA,cristina.nichita@cdep.ro,,,PSD,psd,24,IAŞI,Chamber of Deputies,2012,,,http://www.cdep.ro/parlamentari/l2012/Nichita_Cristina.jpg,female
1a630397-59af-4999-b690-098193afd880,Nicoară Romeo Florin,Romeo Florin NICOARĂ,,,,PNL,pnl,42,BUCUREŞTI,Chamber of Deputies,2012,,,http://www.cdep.ro/parlamentari/l2012/Nicoara_Romeo_Florin.jpg,male
b0623653-8fdd-4faf-b50d-48063a59e283,Nicolae Alexandri,Alexandri NICOLAE,alexandri.nicolae@cdep.ro,,,PNL,pnl,31,PRAHOVA,Chamber of Deputies,2012,,,http://www.cdep.ro/parlamentari/l2012/Nicolae_Alexandri.jpg,male
5567fad4-be0b-41be-83f6-ae71e4ff22c8,Nicolae Florian,Florian NICOLAE,florian.nicolae@cdep.ro,,,PNL,pnl,19,GIURGIU,Chamber of Deputies,2012,,,http://www.cdep.ro/parlamentari/l2012/Nicolae_Florian.jpg,male
feb0f780-ae54-47f2-95a6-7b1fa61a02d3,Nicolescu Theodor-Cătălin,Theodor-Cătălin NICOLESCU,,,,PNL,pnl,3,ARGEŞ,Chamber of Deputies,2012,,,http://www.cdep.ro/parlamentari/l2012/Nicolescu_Theodor_Catalin.jpg,male
07cabef9-44dc-4ad6-9376-5ff64a7e8b57,Nicolicea Eugen,Eugen NICOLICEA,enicolicea@cdep.ro,,,PSD,psd,10,BUZĂU,Chamber of Deputies,2012,,,http://www.cdep.ro/parlamentari/l2012/Nicolicea_Eugen.jpg,male
d6cc5f98-d228-46d3-984e-820d689dd614,Nicolăescu Gheorghe-Eugen,Gheorghe-Eugen NICOLĂESCU,eugen.nicolaescu@cdep.ro,,,PNL,pnl,42,BUCUREŞTI,Chamber of Deputies,2012,,,http://www.cdep.ro/parlamentari/l2012/Nicolaescu_Gheorghe_Eugen.jpg,male
14e156ea-a136-4633-b023-3a86ef1cbfaf,Niculae Aurel,Aurel NICULAE,aurel.niculae@ymail.com,,,UNPR,unpr,12,CĂLĂRAŞI,Chamber of Deputies,2012,,,http://www.cdep.ro/parlamentari/l2012/Niculae_Aurel.jpg,male
7534b42f-0476-462a-8e4d-9d21ea51684b,Niculescu Dumitru,Dumitru NICULESCU,dumitru.niculescu@cdep.ro,,,UNPR,unpr,30,OLT,Chamber of Deputies,2012,,,http://www.cdep.ro/parlamentari/l2012/Niculescu_Dumitru.jpg,male
0bf50638-4cb8-4199-ae90-b878efd745b3,Niculescu Duvăz Bogdan Nicolae,Bogdan Nicolae NICULESCU DUVĂZ,bduvaz@cdep.ro,,,PSD,psd,3,ARGEŞ,Chamber of Deputies,2012,,,http://www.cdep.ro/parlamentari/l2012/Niculescu_Duvaz.jpg,male
348f7611-be36-4ae2-8caa-2f7d9082beae,Niculescu-Mizil Ştefănescu Oana,Oana NICULESCU-MIZIL ŞTEFĂNESCU,,,,PSD,psd,42,BUCUREŞTI,Chamber of Deputies,2012,,,http://www.cdep.ro/parlamentari/l2012/Niculescu_Oana.jpg,female
8680a80d-a31b-4af1-be62-04eb16b3dbee,Nistor Gheorghe-Vlad,Gheorghe-Vlad NISTOR,vlad.nistor@cdep.ro,,,PNL,pnl,42,BUCUREŞTI,Chamber of Deputies,2012,,,http://www.cdep.ro/parlamentari/l2012/Nistor_Gheorghe_Vlad.jpg,male
8c950337-7a63-4b10-9c3a-a9c96fd69a96,Nistor Laurenţiu,Laurenţiu NISTOR,,,,PSD,psd,22,HUNEDOARA,Chamber of Deputies,2012,,,http://www.cdep.ro/parlamentari/l2012/Nistor_Laurentiu.jpg,male
72978bde-38a2-4c53-8223-ba1f96059005,Nistor Marioara,Marioara NISTOR,mariananistordep@gmail.com,,,UNPR,unpr,9,BRĂILA,Chamber of Deputies,2012,,,http://www.cdep.ro/parlamentari/l2012/Nistor_Marioara.jpg,female
a53325e7-4d3c-46a8-bf1e-89bbbccd1039,Niţă Constantin,Constantin NIŢĂ,nitac@cdep.ro,,,PSD,psd,8,BRAŞOV,Chamber of Deputies,2012,,,http://www.cdep.ro/parlamentari/l2012/Nita_Constantin.jpg,male
2ab411f3-3915-461f-a30d-305d74ddff08,Niţă Emil,Emil NIŢĂ,nitaemil01@yahoo.com,,,PSD,psd,8,BRAŞOV,Chamber of Deputies,2012,,,http://www.cdep.ro/parlamentari/l2012/Nita_Emil.jpg,male
4d529b60-0cff-4331-8d77-5e356cf2547a,Nosa Iuliu,Iuliu NOSA,iuliu.nosa@cdep.ro,,,PSD,psd,33,SĂLAJ,Chamber of Deputies,2012,,,http://www.cdep.ro/parlamentari/l2012/Nosa_Iuliu.jpg,male
dec1d289-350d-42aa-9e71-dc39f48c57a7,Oajdea Daniel Vasile,Daniel Vasile OAJDEA,daniel.oajdea@cdep.ro,,,non-attached,non-attached,24,IAŞI,Chamber of Deputies,2012,,,http://www.cdep.ro/parlamentari/l2012/Oajdea_Daniel_Vasile.jpg,male
e845a4c4-6980-4ea0-846e-9539ede453c4,Ochi Ion,Ion OCHI,,,,PSD,psd,8,BRAŞOV,Chamber of Deputies,2012,,,http://www.cdep.ro/parlamentari/l2012/Ochi_Ion.jpg,male
e48395bc-ab0f-45f1-a0bf-8aadb9e82c55,Oltean Ioan,Ioan OLTEAN,ioan.oltean@cdep.ro,,,PNL,pnl,6,BISTRIŢA-NĂSĂUD,Chamber of Deputies,2012,,,http://www.cdep.ro/parlamentari/l2012/Oltean_Ioan.jpg,male
cd4be726-8f48-4224-979b-9644b15c25ae,Orban Ludovic,Ludovic ORBAN,ludovic.orban@cdep.ro,,,PNL,pnl,42,BUCUREŞTI,Chamber of Deputies,2012,,,http://www.cdep.ro/parlamentari/l2012/Orban_Ludovic.jpg,male
4e992cd4-7288-4fb0-bdab-5e870a109f3a,Oros Nechita-Adrian,Nechita-Adrian OROS,adrian.oros@cdep.ro,,,PNL,pnl,13,CLUJ,Chamber of Deputies,2012,,,http://www.cdep.ro/parlamentari/l2012/Oros_Nechita_Adrian.jpg,female
b35dc435-cde2-4633-a096-3be60eacdc15,Palaşcă Viorel,Viorel PALAŞCĂ,viorel.palasca@cdep.ro,,,ALDE,alde,27,MEHEDINŢI,Chamber of Deputies,2012,,,http://www.cdep.ro/parlamentari/l2012/Palasca_Viorel.jpg,male
02766812-c2f3-440d-b4fb-058e162b30f7,Paleologu Theodor,Theodor PALEOLOGU,theodor.paleologu@cdep.ro,,,PNL,pnl,42,BUCUREŞTI,Chamber of Deputies,2012,,,http://www.cdep.ro/parlamentari/l2012/Paleologu_Theodor.jpg,male
0655c5f9-c519-48f5-b61a-a2fb0f0803ab,Palăr Ionel,Ionel PALĂR,ionel.palar@cdep.ro,,,PNL,pnl,4,BACĂU,Chamber of Deputies,2012,,,http://www.cdep.ro/parlamentari/l2012/Palar_Ionel.jpg,male
9ccb7969-a64e-4c39-884b-a1d319a07fc5,Pambuccian Varujan,Varujan PAMBUCCIAN,varujan@cdep.ro,,,Minoritati,minoritati,,,Chamber of Deputies,2012,,,http://www.cdep.ro/parlamentari/l2012/Pambuccian_Varujan.jpg,male
45cdd7a1-50e8-4e23-9930-1deba6a7f905,Pană Adriana-Doina,Adriana-Doina PANĂ,pana_doina@yahoo.com,,,PSD,psd,6,BISTRIŢA-NĂSĂUD,Chamber of Deputies,2012,,,http://www.cdep.ro/parlamentari/l2012/Pana_Adriana_Doina.jpg,female
f0ac20b0-3d3f-41cb-aefa-1a52ac958f54,Pardău Dumitru,Dumitru PARDĂU,dumitru.pardau@cdep.ro,,,PNL,pnl,35,SUCEAVA,Chamber of Deputies,2012,,,http://www.cdep.ro/parlamentari/l2012/Pardau_Dumitru.jpg,male
c5bf3972-c399-4dab-87d1-efbe3ab1fdff,Paul Maria-Andreea,Maria-Andreea PAUL,deputatandreeapaul@gmail.com,,,PNL,pnl,32,SATU-MARE,Chamber of Deputies,2012,,,http://www.cdep.ro/parlamentari/l2012/Paul_Maria_Andreea.jpg,female
74df4595-6b14-4d00-9da4-2b5942f88311,Peia Ninel,Ninel PEIA,ninel.peia@cdep.ro,,,PSD,psd,25,ILFOV,Chamber of Deputies,2012,,,http://www.cdep.ro/parlamentari/l2012/Peia_Ninel.jpg,male
a13d772a-7a2a-4829-8bba-d1d6aa93f4af,Petrache Adrian-Alin,Adrian-Alin PETRACHE,,,,PSD,psd,42,BUCUREŞTI,Chamber of Deputies,2012,,,http://www.cdep.ro/parlamentari/l2012/Petrache_Adrian_Alin.jpg,male
fad92554-9359-4e9d-9f6c-e7a263b6901d,Petrea Dorin Silviu,Dorin Silviu PETREA,dorin.petrea@cdep.ro,,,PSD,psd,9,BRĂILA,Chamber of Deputies,2012,,,http://www.cdep.ro/parlamentari/l2012/Petrea_Dorin_Silviu.jpg,male
827a53ae-9646-44fb-a57c-e51470cb49a4,Petrescu Petre,Petre PETRESCU,petre.petrescu@cdep.ro,,,non-attached,non-attached,17,DOLJ,Chamber of Deputies,2012,,,http://www.cdep.ro/parlamentari/l2012/Petrescu_Petre.jpg,male
4c750ab4-f409-4df2-aab1-c5dbf4f3a9ea,Petric Octavian,Octavian PETRIC,,,,PSD,psd,32,SATU-MARE,Chamber of Deputies,2012,,,http://www.cdep.ro/parlamentari/l2012/Petric-Octavian.jpg,male
bac53b9d-c39d-433e-bee0-2db4be6b7c95,Pistru-Popa Eusebiu-Manea,Eusebiu-Manea PISTRU-POPA,eusebiu.pistru@cdep.ro,,,PNL,pnl,2,ARAD,Chamber of Deputies,2012,,,http://www.cdep.ro/parlamentari/l2012/Pistru_Popa_Eusebiu_Manea.jpg,male
c2a310a8-290f-4c89-a713-3509ed7636cc,Plumb Rovana,Rovana PLUMB,rovana.plumb@cdep.ro,,,PSD,psd,16,DÂMBOVIŢA,Chamber of Deputies,2012,,,http://www.cdep.ro/parlamentari/l2012/Plumb_Rovana.jpg,female
442cec09-8931-4c41-a522-8cbeb0ce67ac,Pocora Cristina-Ancuţa,Cristina-Ancuţa POCORA,cristina.pocora@cdep.ro,,,PNL,pnl,23,IALOMIŢA,Chamber of Deputies,2012,,,http://www.cdep.ro/parlamentari/l2012/Pocora_Cristina_Ancuta.jpg,female
810439c7-f65a-40a7-9a4f-5a9858917e62,Podaşcă Gabriela-Maria,Gabriela-Maria PODAŞCĂ,gabriela.podasca@cdep.ro,,,PSD,psd,42,BUCUREŞTI,Chamber of Deputies,2012,,,http://www.cdep.ro/parlamentari/l2012/Podasca_Gabriela_Maria.jpg,female
bad0789e-a7dd-4468-8274-ea16018fe3c6,Ponta Victor-Viorel,Victor-Viorel PONTA,v.ponta@cdep.ro,Victor_Ponta,victor.ponta,PSD,psd,20,GORJ,Chamber of Deputies,2012,,,http://www.cdep.ro/parlamentari/l2012/Ponta_Victor.jpg,male
a9aed369-2baf-407f-adea-da6e1c119333,Pop Georgian,Georgian POP,gpop@cdep.ro,,,PSD,psd,42,BUCUREŞTI,Chamber of Deputies,2012,,,http://www.cdep.ro/parlamentari/l2012/Pop_Georgian.jpg,male
618c8388-cbd6-47d3-ba0c-806cd3826229,Popa Octavian-Marius,Octavian-Marius POPA,marius.popa@cdep.ro,,,non-attached,non-attached,38,TULCEA,Chamber of Deputies,2012,,,http://www.cdep.ro/parlamentari/l2012/Popa_Octavian_Marius.jpg,male
9d42fb2f-0bce-4a30-a8da-a4319dea657b,Popa Radu Mihai,Radu Mihai POPA,radu.popa@cdep.ro,,,non-attached,non-attached,16,DÂMBOVIŢA,Chamber of Deputies,2012,,,http://www.cdep.ro/parlamentari/l2012/Popa_Radu_Mihai.jpg,male
3e3b34ed-cc50-411d-b139-c5ee44d02687,Popeangă Vasile,Vasile POPEANGĂ,vasile.popeanga@cdep.ro,,,non-attached,non-attached,20,GORJ,Chamber of Deputies,2012,,,http://www.cdep.ro/parlamentari/l2012/Popeanga_Vasile.jpg,male
caa475c7-3d82-486f-8404-de8fd537477b,Popescu Dan-Cristian,Dan-Cristian POPESCU,dancristian.popescu@cdep.ro,,,PNL,pnl,42,BUCUREŞTI,Chamber of Deputies,2012,,,http://www.cdep.ro/parlamentari/l2012/Popescu_Dan_Cristian.jpg,male
23a46051-29cf-4c90-9382-87b695da0a6c,Popescu Dumitru-Iulian,Dumitru-Iulian POPESCU,iulian.popescu@cdep.ro,,,UNPR,unpr,42,BUCUREŞTI,Chamber of Deputies,2012,,,http://www.cdep.ro/parlamentari/l2012/Popescu_Dumitru_Iulian.jpg,male
a465367b-9ddb-4a24-b6e6-ab71776666c7,Popescu Florin Aurelian,Florin Aurelian POPESCU,,,,non-attached,non-attached,16,DÂMBOVIŢA,Chamber of Deputies,2012,,,http://www.cdep.ro/parlamentari/l2012/Popescu_Florin_Aurelian.jpg,male
7e01b6db-1c0a-4b8f-9999-0ab7753686ed,Popoviciu Alin Augustin Florin,Alin Augustin Florin POPOVICIU,alin.popoviciu@cdep.ro,,,PNL,pnl,37,TIMIŞ,Chamber of Deputies,2012,,,http://www.cdep.ro/parlamentari/l2012/Popoviciu_Alin.jpg,male
b23fa38d-0f3e-4a4c-8693-3cd9daee2bc3,Potor Călin,Călin POTOR,calin.potor@cdep.ro,,,PSD,psd,1,ALBA,Chamber of Deputies,2012,,,http://www.cdep.ro/parlamentari/l2012/Potor_Calin.jpg,male
1754f983-4bbe-4575-92b0-9dd2b7d6fcc3,Preda Cezar-Florin,Cezar-Florin PREDA,cezar.preda@cdep.ro,,,PNL,pnl,10,BUZĂU,Chamber of Deputies,2012,,,http://www.cdep.ro/parlamentari/l2012/Preda_Cezar.jpg,male
2e6e79ff-c47c-45e6-8a57-71f31de6714b,Puşcaş Iacob,Iacob PUŞCAŞ,iacob.puscas@cdep.ro,,,non-attached,non-attached,34,SIBIU,Chamber of Deputies,2012,,,http://www.cdep.ro/parlamentari/l2012/Puscas_Iacob.jpg,male
c6813911-bc8b-488a-8882-5a26c4a346f8,Pârgaru Ion,Ion PÂRGARU,ion.pargaru@cdep.ro,,,PSD,psd,16,DÂMBOVIŢA,Chamber of Deputies,2012,,,http://www.cdep.ro/parlamentari/l2012/Pargaru_Ion.jpg,male
312646e8-b1c9-411e-83df-f0a857b60ab1,Pâslaru Florin-Costin,Florin-Costin PÂSLARU,paslaru.florin@cdep.ro,,,PSD,psd,18,GALAŢI,Chamber of Deputies,2012,,,http://www.cdep.ro/parlamentari/l2012/Paslaru_Florin_Costin.jpg,male
67358b87-2606-437e-a70d-f02a61ea17f6,Păun Nicolae,Nicolae PĂUN,npaun@cdep.ro,,,Minoritati,minoritati,,,Chamber of Deputies,2012,,,http://www.cdep.ro/parlamentari/l2012/Paun_Nicolae.jpg,male
46f53512-5cbc-473b-aa12-80481357b9b3,Raeţchi Ovidiu Alexandru,Ovidiu Alexandru RAEŢCHI,raetchi@cdep.ro,,,PNL,pnl,43,DIASPORA,Chamber of Deputies,2012,,,http://www.cdep.ro/parlamentari/l2012/Raetchi_Ovidiu_Alexandru.jpg,male
e2d8be99-bb86-4d37-9df2-fa5662cdcc2e,Resmeriţă Cornel-Cristian,Cornel-Cristian RESMERIŢĂ,,,,PSD,psd,22,HUNEDOARA,Chamber of Deputies,2012,,,http://www.cdep.ro/parlamentari/l2012/Resmerita_Cornel.jpg,male
2ba3b339-dec6-4685-afb1-6175d3f98865,Reuer Elena-Ramona,Elena-Ramona REUER,elena.uioreanu@cdep.ro,,,PNL,pnl,13,CLUJ,Chamber of Deputies,2012,,,http://www.cdep.ro/parlamentari/l2012/UiroreanuElenaRamon.jpg,female
1cad0850-baef-43b9-a8bd-a8d393230ed1,Rizea Cristian,Cristian RIZEA,cristian.rizea@cdep.ro,,,PSD,psd,9,BRĂILA,Chamber of Deputies,2012,,,http://www.cdep.ro/parlamentari/l2012/Rizea_Cristian.jpg,male
5623be95-b6e8-4bcd-bf71-538c58baa153,Roman Cristian-Constantin,Cristian-Constantin ROMAN,,,,PNL,pnl,7,BOTOŞANI,Chamber of Deputies,2012,,,http://www.cdep.ro/parlamentari/l2012/Roman_Cristian_Constantin.jpg,male
bcacd023-a0f3-4514-94be-a975bb6aeeb2,Roman Gheorghe,Gheorghe ROMAN,,,,PNL,pnl,34,SIBIU,Chamber of Deputies,2012,,,http://www.cdep.ro/parlamentari/l2012/Roman_Gheorghe.jpg,male
01f52d8c-bcf8-46d3-9d81-299cce2863b0,Roman Ioan Sorin,Ioan Sorin ROMAN,sorin.roman@cdep.ro,,,PSD,psd,5,BIHOR,Chamber of Deputies,2012,,,http://www.cdep.ro/parlamentari/l2012/Roman_Ioan.jpg,male
29a9d4f8-44fb-43b8-9d75-4571d98c7eda,Roman Petre,Petre ROMAN,,,,PNL,pnl,8,BRAŞOV,Chamber of Deputies,2012,,,http://www.cdep.ro/img/judete/judet08.jpg,male
2ecbef0b-f395-497b-b0fa-a7acd286d494,Roman Victor,Victor ROMAN,victor.roman@cdep.ro,,,PSD,psd,41,VRANCEA,Chamber of Deputies,2012,,,http://www.cdep.ro/parlamentari/l2012/Roman_Victor.jpg,male
9fbcccd4-5893-4ac2-9303-6d3b38c785ee,Rotaru Răzvan,Răzvan ROTARU,razvan.rotaru@cdep.ro,,,non-attached,non-attached,20,GORJ,Chamber of Deputies,2012,,,http://www.cdep.ro/parlamentari/l2012/Rotaru_Razvan.jpg,male
670a4317-469a-49ee-83d7-57b5e0c10d6b,Roşca Lucreţia,Lucreţia ROŞCA,lucretia.rosca@cdep.ro,,,PSD,psd,18,GALAŢI,Chamber of Deputies,2012,,,http://www.cdep.ro/parlamentari/l2012/Rosca_Lucretia.jpg,female
53e4ad8d-f142-4736-a222-46fd1870fb8a,Roşca Mircea,Mircea ROŞCA,mircea.rosca@cdep.ro,,,PNL,pnl,31,PRAHOVA,Chamber of Deputies,2012,,,http://www.cdep.ro/parlamentari/l2012/Rosca_Mircea.jpg,male
ba27d67f-3008-4be4-8b7a-5e2ccb199c69,Rusu Valentin,Valentin RUSU,valentin.rusu@cdep.ro,,,PNL,pnl,11,CARAŞ-SEVERIN,Chamber of Deputies,2012,,,http://www.cdep.ro/parlamentari/l2012/Rusu_Valentin.jpg,male
c3b21765-9725-4b96-8a2b-a952ea6a054d,Ruşanu Dan Radu,Dan Radu RUŞANU,,,,PNL,pnl,22,HUNEDOARA,Chamber of Deputies,2012,,,http://www.cdep.ro/parlamentari/l2012/Rusanu_Dan_Radu.jpg,male
2c3a7b39-0440-4245-90f6-681de6cf8c4d,Răducanu Ion,Ion RĂDUCANU,ion.raducanu@cdep.ro,,,UNPR,unpr,37,TIMIŞ,Chamber of Deputies,2012,,,http://www.cdep.ro/parlamentari/l2012/Raducanu_Ion.jpg,male
b24aaaa3-5e95-4098-bd97-77d26d9ffd25,Rădulescu Constantin,Constantin RĂDULESCU,,,,PSD,psd,40,VÂLCEA,Chamber of Deputies,2012,,,http://www.cdep.ro/parlamentari/l2012/Radulescu_Constantin.jpg,male
fa227c01-d96a-42ef-94c7-772e78371664,Rădulescu Cătălin-Marian,Cătălin-Marian RĂDULESCU,cabinetparlamentarcmr@yahoo.com,,,PSD,psd,3,ARGEŞ,Chamber of Deputies,2012,,,http://www.cdep.ro/parlamentari/l2012/Radulescu_Catalin_Marian.jpg,male
f519753a-983b-43f1-8709-1f03f2a74569,Rădulescu Romeo,Romeo RĂDULESCU,romeo.radulescu@cdep.ro,,,PSD,psd,40,VÂLCEA,Chamber of Deputies,2012,,,http://www.cdep.ro/parlamentari/l2012/Radulescu_Romeo.jpg,male
1eebe51b-ff3a-4355-ba10-5f9462062910,Răţoi Neculai,Neculai RĂŢOI,,,,PSD,psd,24,IAŞI,Chamber of Deputies,2012,,,http://www.cdep.ro/parlamentari/l2012/Ratoi_Neculai.jpg,male
4fb68ebd-be30-483a-a76b-a43a179a86a5,Sava Andrei-Valentin,Andrei-Valentin SAVA,andrei.sava@cdep.ro,,,PSD,psd,31,PRAHOVA,Chamber of Deputies,2012,,,http://www.cdep.ro/parlamentari/l2012/SavaAndreiValentin.jpg,male
2d643ad2-bfec-4d55-81cc-5c8eae3b8db9,Scarlat George,George SCARLAT,george.scarlat@cdep.ro,,,PNL,pnl,18,GALAŢI,Chamber of Deputies,2012,,,http://www.cdep.ro/parlamentari/l2012/ScarlatGeorge.jpg,male
8ed00f24-3a2d-49d9-bf7d-7e234b8e88ec,Schelean-Şomfelean Valeria-Diana,Valeria-Diana SCHELEAN-ŞOMFELEAN,valeriaschelean@yahoo.com,,,PNL,pnl,11,CARAŞ-SEVERIN,Chamber of Deputies,2012,,,http://www.cdep.ro/parlamentari/l2012/ScheleanValeriaDiana.jpg,male
6c6428c1-e565-4a22-99b5-5481208c7b39,Scutaru Adrian George,Adrian George SCUTARU,,,,PNL,pnl,10,BUZĂU,Chamber of Deputies,2012,,,http://www.cdep.ro/parlamentari/l2012/ScutaruAdrianGeorge.jpg,male
ea076065-2712-4e7d-9c69-3aaa8c93259a,Secară Florin Mihail,Florin Mihail SECARĂ,florin.secara@cdep.ro,,,PNL,pnl,41,VRANCEA,Chamber of Deputies,2012,,,http://www.cdep.ro/parlamentari/l2012/SecaraFlorinMihail.jpg,male
df278ed8-daf7-492e-a377-e0f40b62c079,Sefer Cristian-George,Cristian-George SEFER,cristian.sefer@cdep.ro,,,UNPR,unpr,28,MUREŞ,Chamber of Deputies,2012,,,http://www.cdep.ro/parlamentari/l2012/Sefer_Cristian_George.jpg,male
10e9d3b3-7bd2-4585-8934-c3482619bad1,Seres Dénes,SERES Dénes,denes.seres@cdep.ro,,,UDMR,udmr,33,SĂLAJ,Chamber of Deputies,2012,,,http://www.cdep.ro/parlamentari/l2012/Seres_Denes.jpg,male
47a76caa-4851-43ef-b63f-f511198b5f57,Silaghi Ovidiu Ioan,Ovidiu Ioan SILAGHI,,,,ALDE,alde,32,SATU-MARE,Chamber of Deputies,2012,2014-06-11,,http://www.cdep.ro/parlamentari/l2012/Silaghi_Ovidiu_Ioan.jpg,male
78932d3b-45c0-47b2-9c89-b6492441c781,Silaghi Ovidiu Ioan,Ovidiu Ioan SILAGHI,,,,PNL,pnl,32,SATU-MARE,Chamber of Deputies,2012,,,http://www.cdep.ro/parlamentari/l2012/Silaghi_Ovidiu_Ioan.jpg,
a264c152-e767-45b9-9263-cd2c77feafa8,Simedru Dan Coriolan,Dan Coriolan SIMEDRU,dan.simedru@cdep.ro,,,PNL,pnl,1,ALBA,Chamber of Deputies,2012,,,http://www.cdep.ro/parlamentari/l2012/SimedruDanCoriolan.jpg,male
86eda0f4-455f-4579-87f5-8e9266f0348f,Simionescu Adrian Constantin,Adrian Constantin SIMIONESCU,deputat.simionescu@gmail.com,,,PSD,psd,36,TELEORMAN,Chamber of Deputies,2012,,,http://www.cdep.ro/parlamentari/l2012/SimionescuAdrian.jpg,male
8f3f16e2-b412-4b1b-8591-e63d456f9a78,Smarandache Miron Alexandru,Miron Alexandru SMARANDACHE,miron.smarandache@cdep.ro,,,PSD,psd,4,BACĂU,Chamber of Deputies,2012,,,http://www.cdep.ro/parlamentari/l2012/SmarandacheMironAlexandru.jpg,male
3474bd3b-54ac-4767-8808-9e00f7c7420f,Solomon Adrian,Adrian SOLOMON,adrian.solomon@cdep.ro,,,PSD,psd,39,VASLUI,Chamber of Deputies,2012,,,http://www.cdep.ro/parlamentari/l2012/Solomon_Adrian.jpg,male
c791a333-6054-443b-b757-a4ed0fc5b9fe,Stan Ioan,Ioan STAN,ioan.stan@cdep.ro,,,PSD,psd,35,SUCEAVA,Chamber of Deputies,2012,,,http://www.cdep.ro/parlamentari/l2012/StanIoan.jpg,male
ef799edf-7c38-41ba-a861-b43de84ab3ef,Stan Ion,Ion STAN,,,,PSD,psd,16,DÂMBOVIŢA,Chamber of Deputies,2012,,,http://www.cdep.ro/parlamentari/l2012/StanIon.jpg,male
109a6fa7-536a-476b-b77f-ce69840bc239,Stanciu Anghel,Anghel STANCIU,astanciu@cdep.ro,,,PSD,psd,24,IAŞI,Chamber of Deputies,2012,,,http://www.cdep.ro/parlamentari/l2012/Stanciu_Anghel.jpg,male
d48b79a8-40c1-44f2-82ff-d84968532d93,Stanciu Zisu,Zisu STANCIU,zisu.stanciu@cdep.ro,,,PSD,psd,16,DÂMBOVIŢA,Chamber of Deputies,2012,,,http://www.cdep.ro/parlamentari/l2012/Stanciu_Zisu.jpg,male
ce20fafe-96aa-46d4-89a7-79e3139b6979,Stancu Ionel,Ionel STANCU,,,,Minoritati,minoritati,,,Chamber of Deputies,2012,,,http://www.cdep.ro/parlamentari/l2012/StancuIonel.jpg,male
c18bf897-791a-402b-b0fc-ffc3aebefebe,Stativă Irinel Ioan,Irinel Ioan STATIVĂ,,,,PSD,psd,39,VASLUI,Chamber of Deputies,2012,,,http://www.cdep.ro/parlamentari/l2012/StativaIrinelIoan.jpg,male
ea5c4a76-b923-4da6-8aa6-ef4981f9ab41,Steriu Valeriu-Andrei,Valeriu-Andrei STERIU,valeriusteriu@cdep.ro,,,UNPR,unpr,12,CĂLĂRAŞI,Chamber of Deputies,2012,,,http://www.cdep.ro/parlamentari/l2012/SteriuValeriuAndrei.jpg,male
2d718302-95a6-4642-a8f0-1f06ac94ed6f,Stoica Mihaela,Mihaela STOICA,mihaela.stoica@cdep.ro,,,non-attached,non-attached,29,NEAMŢ,Chamber of Deputies,2012,,,http://www.cdep.ro/parlamentari/l2012/StoicaMihaela.jpg,female
3efc11fd-60a5-4455-99cc-c55b9083eef7,Stoica Ştefan-Bucur,Ştefan-Bucur STOICA,,,,PDL,pdl,17,DOLJ,Chamber of Deputies,2012,,,http://www.cdep.ro/parlamentari/l2012/Stoica_Stefan_Bucur.jpg,male
2dac8629-e6bc-4189-84e7-f5a1f6386508,Stragea Sorin Constantin,Sorin Constantin STRAGEA,sorin.stragea@cdep.ro,,,PSD,psd,37,TIMIŞ,Chamber of Deputies,2012,,,http://www.cdep.ro/parlamentari/l2012/StrageaSorinConstantin.jpg,male
ffec3bb8-d3a0-4f03-9022-408b08c98c98,Stroe Ionuţ-Marian,Ionuţ-Marian STROE,ionut.stroe@cdep.ro,,,PNL,pnl,17,DOLJ,Chamber of Deputies,2012,,,http://www.cdep.ro/parlamentari/l2012/StroeIonutMarian.jpg,male
6e25fca4-6c93-4905-93cf-e317749e1345,Stroe Radu,Radu STROE,radu.stroe@cdep.ro,,,PSD,psd,25,ILFOV,Chamber of Deputies,2012,,,http://www.cdep.ro/parlamentari/l2012/StroeRadu.jpg,male
865ef73b-f203-49e6-95a6-6cc00b138cd9,Sturzu Mihai-Răzvan,Mihai-Răzvan STURZU,mihai.sturzu@cdep.ro,,,non-attached,non-attached,42,BUCUREŞTI,Chamber of Deputies,2012,,,http://www.cdep.ro/parlamentari/l2012/SturzuMihaiRazvan.jpg,male
8ef84459-8041-434b-b8f7-20c55a72e09a,Stănescu Alexandru,Alexandru STĂNESCU,alexandru.stanescu@cdep.ro,,,PSD,psd,30,OLT,Chamber of Deputies,2012,,,http://www.cdep.ro/parlamentari/l2012/StanescuAlexandru.jpg,male
e7e99b34-60ca-4efc-a022-85118bcda642,Stănişoară Mihai,Mihai STĂNIŞOARĂ,,,,ALDE,alde,27,MEHEDINŢI,Chamber of Deputies,2012,,,http://www.cdep.ro/parlamentari/l2012/StanisoaraMihai.jpg,male
ba4ba0d3-bd00-478d-a967-389abf727260,Suciu Vasile-Daniel,Vasile-Daniel SUCIU,daniel.suciu@cdep.ro,,,PSD,psd,6,BISTRIŢA-NĂSĂUD,Chamber of Deputies,2012,,,http://www.cdep.ro/parlamentari/l2012/SuciuVasileDaniel.jpg,male
d9598511-79e8-4290-a4ce-badd76c68a6a,Surdu Raluca,Raluca SURDU,raluca.surdu@cdep.ro,,,PNL,pnl,12,CĂLĂRAŞI,Chamber of Deputies,2012,,,http://www.cdep.ro/parlamentari/l2012/SurduRaluca.jpg,female
99dd64a9-cca5-4d03-8c00-115ec59fa539,Surugiu Iulian-Radu,Iulian-Radu SURUGIU,radu.surugiu@cdep.ro,,,PNL,pnl,35,SUCEAVA,Chamber of Deputies,2012,,,http://www.cdep.ro/parlamentari/l2012/SurugiuIulianRadu.jpg,male
cf67da6e-536b-4f78-8b4b-71f1b0c27d9d,Szabó Ödön,SZABÓ Ödön,,,,UDMR,udmr,5,BIHOR,Chamber of Deputies,2012,,,http://www.cdep.ro/parlamentari/l2012/SzaboOdon.jpg,male
e77d0803-fe44-42dd-9ba2-a9c5e5d3cc28,Sămărtinean Cornel-Mircea,Cornel-Mircea SĂMĂRTINEAN,cornelsamartinean@yahoo.com,,,PNL,pnl,37,TIMIŞ,Chamber of Deputies,2012,,,http://www.cdep.ro/parlamentari/l2012/SamartineanCornelMircea.jpg,male
cac0bd2e-ede8-45ee-8854-e06708985a3f,Săpunaru Nini,Nini SĂPUNARU,nini.sapunaru@cdep.ro,,,PNL,pnl,41,VRANCEA,Chamber of Deputies,2012,,,http://www.cdep.ro/parlamentari/l2012/SapunaruNini.jpg,male
3e3e60c9-f542-4728-ab18-6e03f57d83ec,Săvoiu Ionuţ-Cristian,Ionuţ-Cristian SĂVOIU,ionut.savoiu@cdep.ro,,,PSD,psd,16,DÂMBOVIŢA,Chamber of Deputies,2012,,,http://www.cdep.ro/parlamentari/l2012/SavoiuIonutCristian.jpg,male
7483ec76-4bfa-4a35-83df-78451e269b16,Tabugan Ion,Ion TABUGAN,ion.tabugan@cdep.ro,,,UNPR,unpr,11,CARAŞ-SEVERIN,Chamber of Deputies,2012,,,http://www.cdep.ro/parlamentari/l2012/TabuganIon.jpg,male
c585631c-70f0-4b27-9ce8-20b837f09091,Taloş Gheorghe-Mirel,Gheorghe-Mirel TALOŞ,mirel.talos@cdep.ro,,,ALDE,alde,33,SĂLAJ,Chamber of Deputies,2012,,,http://www.cdep.ro/parlamentari/l2012/TalosGheorghe.jpg,male
aa15b3d8-afe6-4493-acc0-1d9eddac5068,Tararache Mihai,Mihai TARARACHE,mihai.tararache@cdep.ro,,,PNL,pnl,14,CONSTANŢA,Chamber of Deputies,2012,,,http://www.cdep.ro/parlamentari/l2012/TararacheMihai.jpg,male
7c7b99bf-9bac-4e50-a0e2-04ec8be91a2c,Teju Sorin,Sorin TEJU,sorinteju@cdep.ro,,,PNL,pnl,31,PRAHOVA,Chamber of Deputies,2012,,,http://www.cdep.ro/parlamentari/l2012/TejuSorin.jpg,male
4bc7f97a-4ebf-42ee-b0be-c759bb07572a,Teodorescu Cătălin-Florin,Cătălin-Florin TEODORESCU,catalin.teodorescu@cdep.ro,,,PNL,pnl,3,ARGEŞ,Chamber of Deputies,2012,,,http://www.cdep.ro/parlamentari/l2012/TeodorescuCatalinFlorin.jpg,male
446ef78c-859e-4b6c-b326-4b4dba507fce,Teodorescu Ioan Viorel,Ioan Viorel TEODORESCU,ioan.teodorescu@cdep.ro,,,UNPR,unpr,19,GIURGIU,Chamber of Deputies,2012,,,http://www.cdep.ro/parlamentari/l2012/TeodorescuIoanViorel.jpg,male
3f4155e3-0149-4a99-ad95-e19a5eef4d40,Thuma Hubert Petru Ştefan,Hubert Petru Ştefan THUMA,hubert.thuma@cdep.ro,,,PNL,pnl,25,ILFOV,Chamber of Deputies,2012,,,http://www.cdep.ro/parlamentari/l2012/ThumaHubert.jpg,male
a3473230-b8fb-4774-a5c9-55a122315336,Tiuch Cătălin,Cătălin TIUCH,catalin.tiuch@cdep.ro,,,PSD,psd,37,TIMIŞ,Chamber of Deputies,2012,,,http://www.cdep.ro/parlamentari/l2012/TiuchCatalin.jpg,male
70b66dbf-e0c0-47bf-8c68-c5102abcafba,Toader Mircea-Nicu,Mircea-Nicu TOADER,mircea.toader@cdep.ro,,,PNL,pnl,18,GALAŢI,Chamber of Deputies,2012,,,http://www.cdep.ro/parlamentari/l2012/ToaderMirceaNicu.jpg,male
c7e399da-9652-4e35-8d80-33d0d0a8a9c7,Tocuţ Dan-Laurenţiu,Dan-Laurenţiu TOCUŢ,dan.tocut@cdep.ro,,,ALDE,alde,11,CARAŞ-SEVERIN,Chamber of Deputies,2012,,,http://www.cdep.ro/parlamentari/l2012/TocutDanLaurentiu.jpg,male
eda51a85-68ef-4bdb-905c-f1ff2dcfc1ea,Tomac Eugen,Eugen TOMAC,eugen.tomac@cdep.ro,,,non-attached,non-attached,43,DIASPORA,Chamber of Deputies,2012,,,http://www.cdep.ro/parlamentari/l2012/TomacEugen.jpg,male
ce9d6961-4a8b-47b5-8d83-0c4e01ce232b,Traicu Rodin,Rodin TRAICU,rodin.traicu@cdep.ro,,,PSD,psd,27,MEHEDINŢI,Chamber of Deputies,2012,,,http://www.cdep.ro/parlamentari/l2012/TraicuRodin.jpg,male
eeeffca4-b5bc-4358-a717-ad158dce5516,Tudorache Daniel,Daniel TUDORACHE,,,,PSD,psd,42,BUCUREŞTI,Chamber of Deputies,2012,,,http://www.cdep.ro/parlamentari/l2012/TudoracheDaniel.jpg,male
78f9cfd7-3a90-4a32-ab5c-387e8468c25b,Tudorie Violeta,Violeta TUDORIE,,,,PSD,psd,42,BUCUREŞTI,Chamber of Deputies,2012,,,http://www.cdep.ro/parlamentari/l2012/TudorieVioleta.jpg,female
5b23dac0-ae55-4a51-8a68-44707e9d6417,Tudose Mihai,Mihai TUDOSE,mihai.tudose@cdep.ro,,,PSD,psd,9,BRĂILA,Chamber of Deputies,2012,,,http://www.cdep.ro/parlamentari/l2012/TudoseMihai.jpg,male
bd4f5e39-713d-47de-a488-e7bafeffdeac,Turcan Raluca,Raluca TURCAN,raluca.turcan@cdep.ro,,,PNL,pnl,34,SIBIU,Chamber of Deputies,2012,,,http://www.cdep.ro/parlamentari/l2012/TurcanRaluca.jpg,female
1bc949d8-2886-4589-bfa7-b28d69e825c5,Tuşa Adriana Diana,Adriana Diana TUŞA,diana.tusa@cdep.ro,,,PNL,pnl,42,BUCUREŞTI,Chamber of Deputies,2012,,,http://www.cdep.ro/parlamentari/l2012/TusaAdrianaDiana.jpg,male
990f2b3e-c1cc-432a-ab00-5bda2a2187d7,Tîlvăr Angel,Angel TÎLVĂR,angel.tilvar@cdep.ro,,,PSD,psd,41,VRANCEA,Chamber of Deputies,2012,,,http://www.cdep.ro/parlamentari/l2012/TilvarAngel.jpg,male
ba51e794-d932-4dfb-a01f-fe91d036366b,Tămâian Ioan,Ioan TĂMÂIAN,ioan.tamaian@cdep.ro,,,PNL,pnl,34,SIBIU,Chamber of Deputies,2012,,,http://www.cdep.ro/parlamentari/l2012/TamaianIoan.jpg,male
795f20a6-4c2c-49ed-bac7-7577e541c0a6,Tănase Răzvan-Ionuţ,Răzvan-Ionuţ TĂNASE,tanase.razvan@cdep.ro,,,non-attached,non-attached,31,PRAHOVA,Chamber of Deputies,2012,,,http://www.cdep.ro/parlamentari/l2012/TanaseRazvanIonut.jpg,male
5bcdf6dd-3bb6-4a33-b3fa-b5c2024efdef,Tănăsescu Claudiu-Andrei,Claudiu-Andrei TĂNĂSESCU,andrei.tanasescu@cdep.ro,,,ALDE,alde,42,BUCUREŞTI,Chamber of Deputies,2012,,,http://www.cdep.ro/parlamentari/l2012/TanasescuClaudiuAndrei.jpg,male
bff73db6-40e7-47de-a7ab-17df73db5da9,Tătaru Florin-Cristian,Florin-Cristian TĂTARU,,,,PSD,psd,26,MARAMUREŞ,Chamber of Deputies,2012,,,http://www.cdep.ro/parlamentari/l2012/Tataru_Florin-Cristian.jpg,male
34316185-62ac-4bb7-9642-a207f6e388d6,Udrea Elena Gabriela,Elena Gabriela UDREA,elena.udrea@cdep.ro,,,non-attached,non-attached,29,NEAMŢ,Chamber of Deputies,2012,,,http://www.cdep.ro/parlamentari/l2012/Udrea-Elena-Gabriela.jpg,female
19ec2ff6-d68b-44e7-83af-852737922235,Udrişte Gheorghe,Gheorghe UDRIŞTE,gheorghe.udriste@cdep.ro,,,non-attached,non-attached,42,BUCUREŞTI,Chamber of Deputies,2012,,,http://www.cdep.ro/parlamentari/l2012/UdristeGheorghe.jpg,male
1dffd95a-46fa-4e8f-b552-3b46026f741a,Urcan Ionaş-Florin,Ionaş-Florin URCAN,urcanflorin@cdep.ro,,,PNL,pnl,28,MUREŞ,Chamber of Deputies,2012,,,http://www.cdep.ro/parlamentari/l2012/UrcanIonasFlorin.jpg,male
27d2a2bb-ed32-49a3-b01e-c2b6c7117f04,Uricec Eugen Constantin,Eugen Constantin URICEC,eugen.uricec@cdep.ro,,,PSD,psd,35,SUCEAVA,Chamber of Deputies,2012,,,http://www.cdep.ro/parlamentari/l2012/Uricec_Eugen_Constantin.jpg,male
3a685d33-8986-498e-9f23-96618cb5b813,Ursărescu Dorinel,Dorinel URSĂRESCU,dorinel.ursarescu@cdep.ro,,,ALDE,alde,29,NEAMŢ,Chamber of Deputies,2012,,,http://www.cdep.ro/parlamentari/l2012/UrsarescuDorinel.jpg,male
ced8baae-a58d-4509-8dd9-2711924b7147,Vainer Aurel,Aurel VAINER,aurel.vainer@cdep.ro,,,Minoritati,minoritati,,,Chamber of Deputies,2012,,,http://www.cdep.ro/parlamentari/l2012/Vainer_Aurel.jpg,male
ff56016c-97d4-4b7b-a829-b2e474268369,Varga Lucia-Ana,Lucia-Ana VARGA,lucia.varga@cdep.ro,,,PNL,pnl,5,BIHOR,Chamber of Deputies,2012,,,http://www.cdep.ro/parlamentari/l2012/VargaLuciaAna.jpg,female
bd97f03c-8873-4823-9adb-5c0b8bf9589e,Varga Vasile,Vasile VARGA,vasile.varga@cdep.ro,,,PNL,pnl,9,BRĂILA,Chamber of Deputies,2012,,,http://www.cdep.ro/parlamentari/l2012/VargaVasile.jpg,male
7367492b-6527-43f6-b2c0-2ef331730fbd,Vasilescu Nicolae,Nicolae VASILESCU,,,,PSD,psd,17,DOLJ,Chamber of Deputies,2012,,,http://www.cdep.ro/parlamentari/l2012/Nicolae_Vasilescu.jpg,male
0c69eaf3-015e-472e-ba4b-ca492fa9476d,Vasilică Radu Costin,Radu Costin VASILICĂ,radu.vasilica@cdep.ro,,,PSD,psd,3,ARGEŞ,Chamber of Deputies,2012,,,http://www.cdep.ro/parlamentari/l2012/VasilicaRaduCostin.jpg,male
db1506b9-f8b1-427b-9094-a700e8e27eaa,Vizitiu Sergiu-Constantin,Sergiu-Constantin VIZITIU,sergiu.vizitiu@cdep.ro,,,UNPR,unpr,39,VASLUI,Chamber of Deputies,2012,,,http://www.cdep.ro/parlamentari/l2012/VizitiuSergiu.jpg,male
45f4c5af-b796-492a-9b71-728e11790b10,Vladu Iulian,Iulian VLADU,iulian.vladu@cdep.ro,,,PNL,pnl,16,DÂMBOVIŢA,Chamber of Deputies,2012,,,http://www.cdep.ro/parlamentari/l2012/Vladu_Iulian.jpg,male
4466f7af-3f72-43c6-8201-da96f3aac2b5,Vlase Petru Gabriel,Petru Gabriel VLASE,gabriel.vlase@cdep.ro,,,PSD,psd,4,BACĂU,Chamber of Deputies,2012,,,http://www.cdep.ro/parlamentari/l2012/Vlase_Petru_Gabriel.jpg,male
30ab0437-b570-48bb-bb5f-5ba138e573c2,Vlădoiu Aurel,Aurel VLĂDOIU,,,,PSD,psd,40,VÂLCEA,Chamber of Deputies,2012,,,http://www.cdep.ro/parlamentari/l2012/Vladoiu_Aurel.jpg,male
c5688a83-9245-48da-8ff1-62bcd348276f,Voicu Mihai Alexandru,Mihai Alexandru VOICU,mihai.voicu@cdep.ro,,,PNL,pnl,17,DOLJ,Chamber of Deputies,2012,,,http://www.cdep.ro/parlamentari/l2012/Voicu_Mihai_Alexandru.jpg,male
248dd3f7-01c4-4d8c-a1a2-8940ccc5d792,Voicu Mădălin-Ştefan,Mădălin-Ştefan VOICU,madalin.voicu@cdep.ro,,,PSD,psd,14,CONSTANŢA,Chamber of Deputies,2012,,,http://www.cdep.ro/parlamentari/l2012/Voicu_Madalin.jpg,male
ee0e295c-e91a-4de7-af82-19cae1ffaa3a,Vreme Valerian,Valerian VREME,valerian.vreme@cdep.ro,,,UNPR,unpr,4,BACĂU,Chamber of Deputies,2012,,,http://www.cdep.ro/parlamentari/l2012/Vreme_Valerian.jpg,male
0fb91021-50aa-4274-89b0-a23e44194d1b,Vulpescu Ioan,Ioan VULPESCU,,,,PSD,psd,42,BUCUREŞTI,Chamber of Deputies,2012,,,http://www.cdep.ro/parlamentari/l2012/VulpescuIoan.jpg,male
616e466d-86a3-4f36-b4cb-1b8c55d4518d,Weber Mihai,Mihai WEBER,mihaiweber@gmail.com,,,PSD,psd,20,GORJ,Chamber of Deputies,2012,,,http://www.cdep.ro/parlamentari/l2012/Weber_Mihai.jpg,male
5a42353a-82e8-4569-8c70-1b49a9559ab8,Zaharcu Neviser,Neviser ZAHARCU,neviserzaharcu@yahoo.com,,,PSD,psd,38,TULCEA,Chamber of Deputies,2012,,,http://www.cdep.ro/parlamentari/l2012/Zaharcu_Neviser.jpg,male
3488697a-a9ce-46fc-8716-0d20be16c8a6,Zamfir Daniel-Cătălin,Daniel-Cătălin ZAMFIR,danielzamfir@cdep.ro,,,PNL,pnl,8,BRAŞOV,Chamber of Deputies,2012,,,http://www.cdep.ro/parlamentari/l2012/Zamfir_Daniel_Catalin.jpg,male
a394f3f9-1a7a-49c4-8e10-d9d1a77e6689,Zgonea Valeriu Ştefan,Valeriu Ştefan ZGONEA,zgonea@cdep.ro,,,non-attached,non-attached,17,DOLJ,Chamber of Deputies,2012,,,http://www.cdep.ro/parlamentari/l2012/Zgonea_Valeriu.jpg,male
e3ce9986-b71b-4cda-aabe-eeb1c38aa67c,Zisopol Dragoş Gabriel,Dragoş Gabriel ZISOPOL,gabriel.zisopol@cdep.ro,,,Minoritati,minoritati,,,Chamber of Deputies,2012,,,http://www.cdep.ro/parlamentari/l2012/Zisopol_Dragos_Gabriel.jpg,male
12434dba-f5bc-454c-a0d8-dddfe39e75dd,Zlati Radu,Radu ZLATI,radu.zlati@cdep.ro,,,PNL,pnl,13,CLUJ,Chamber of Deputies,2012,,,http://www.cdep.ro/parlamentari/l2012/Zlati_Radu.jpg,male
6bb18a66-fc85-48e1-a700-56b4f0f9648d,Şcheau Ion,Ion ŞCHEAU,,,,PNL,pnl,2,ARAD,Chamber of Deputies,2012,,,http://www.cdep.ro/parlamentari/l2012/ScheauIon.jpg,male
3248ccb9-bdca-4e96-a3d3-b1affccf96b5,Şimon Gheorghe,Gheorghe ŞIMON,gheorghe.simon@cdep.ro,,,PSD,psd,26,MARAMUREŞ,Chamber of Deputies,2012,,,http://www.cdep.ro/parlamentari/l2012/Simon_Gheorghe.jpg,male
33eab6db-55d5-4f1c-a4d1-2111e425f808,Şoptică Costel,Costel ŞOPTICĂ,costel.soptica@cdep.ro,,,PNL,pnl,7,BOTOŞANI,Chamber of Deputies,2012,,,http://www.cdep.ro/parlamentari/l2012/SopticaCostel.jpg,male
86d177c1-a510-4e54-87e6-472a611ecb01,Şova Lucian,Lucian ŞOVA,lucian.sova@cdep.ro,,,PSD,psd,4,BACĂU,Chamber of Deputies,2012,,,http://www.cdep.ro/parlamentari/l2012/SovaLucian.jpg,male
3d71360a-eebb-4e1e-9f50-3ca03a280db7,Ştefan Viorel,Viorel ŞTEFAN,viorel.stefan@cdep.ro,,,PSD,psd,18,GALAŢI,Chamber of Deputies,2012,,,http://www.cdep.ro/parlamentari/l2012/StefanViorel.jpg,male
2ebf4ec2-0953-45a2-a920-1df263d4fee3,Ştefănescu Elena Cătălina,Elena Cătălina ŞTEFĂNESCU,catalina.stefanescu@cdep.ro,,,PSD,psd,36,TELEORMAN,Chamber of Deputies,2012,,,http://www.cdep.ro/parlamentari/l2012/Stefanescu_Catalina.jpg,female
37afff7d-8efb-4423-9a5b-30d3a13e6df0,Ştirbu Gigel-Sorinel,Gigel-Sorinel ŞTIRBU,gigel.stirbu@cdep.ro,,,PNL,pnl,30,OLT,Chamber of Deputies,2012,,,http://www.cdep.ro/parlamentari/l2012/StirbuGigelSorinel.jpg,male
607fc1a5-88c0-4c7e-b867-dca2b2dce424,Ţigăeru Roşca Laurenţiu,Laurenţiu ŢIGĂERU ROŞCA,laurentiu.tigaeru@cdep.ro,,,UNPR,unpr,41,VRANCEA,Chamber of Deputies,2012,,,http://www.cdep.ro/parlamentari/l2012/Tigaeru_Rosca_Laurentiu.jpg,male
82183216-d3a2-4039-a547-7b6f26fbc9c6,Ţîmpău Radu Bogdan,Radu Bogdan ŢÎMPĂU,radu.timpau@cdep.ro,,,PNL,pnl,22,HUNEDOARA,Chamber of Deputies,2012,,,http://www.cdep.ro/parlamentari/l2012/TimpauRaduBogdan.jpg,male
