id,name__ar,name,wikipedia__ar,name__en,wikipedia__en,gender,death_date,given_name,birth_date,identifier__VIAF,identifier__LCAuth,name__de,name__fr,name__it,name__cy,name__nl,original_wikiname,name__pl,name__el,name__nb,name__tr,name__uz,name__es,name__ca,name__oc,name__ru,name__et,name__he,name__ko,name__ja,name__vi,name__da,name__nn,name__sv,wikipedia__de,wikipedia__el,wikipedia__enwikiquote,wikipedia__es,wikipedia__et,wikipedia__fr,wikipedia__he,wikipedia__it,wikipedia__ja,wikipedia__ko,wikipedia__pl,wikipedia__ru,wikipedia__tr,wikipedia__vi,image,identifier__freebase,identifier__FAST,identifier__EGAXA,name__pt,wikipedia__pt,name__zh,name__fi,wikipedia__fi,wikipedia__zh,name__zh_hans,name__zh_hant,name__zh_hk,name__hu,identifier__ISNI,last_seen,twitter,wikipedia__mg,name__mg,identifier__GND,name__ast,wikipedia__ast,wikipedia__simple,name__zh_cn,wikipedia__fa,name__fa
Q12178497,أحمد الأزايدة,,أحمد الأزايدة,,,male,1992,Ahmad,,,,,,,,,,,,,,,,,,,,,,,,,,,,,,,,,,,,,,,,,,,,,,,,,,,,,,,,,,,,,,,,,,
Q12178664,أحمد الكوفحي,,أحمد الكوفحي,,,male,,Ahmad,,,,,,,,,,,,,,,,,,,,,,,,,,,,,,,,,,,,,,,,,,,,,,,,,,,,,,,,,,,,,,,,,,
Q12182175,إسحاق الفرحان,,إسحاق الفرحان,,,male,,,,,,,,,,,,,,,,,,,,,,,,,,,,,,,,,,,,,,,,,,,,,,,,,,,,,,,,,,,,,,,,,,,,
Q12198314,بسام العموش,,بسام العموش,,,male,,,,,,,,,,,,,,,,,,,,,,,,,,,,,,,,,,,,,,,,,,,,,,,,,,,,,,,,,,,,,,,,,,,,
Q12198322,بسام حدادين,,بسام حدادين,,,male,,,,,,,,,,,,,,,,,,,,,,,,,,,,,,,,,,,,,,,,,,,,,,,,,,,,,,,,,,,,,,,,,,,,
Q12201138,إبراهيم زيد الكيلاني,Ibrahim Zeid Keilani,إبراهيم زيد الكيلاني,Ibrahim Zeid Keilani,Ibrahim Zeid Keilani,male,2013-04-02,Ibrahim,1937,,,Ibrahim Zeid Keilani,Ibrahim Zeid Keilani,,Ibrahim Zeid Keilani,Ibrahim Zeid Keilani,,,,,,,,,,,,,,,,,,,,,,,,,,,,,,,,,,,,,,,,,,,,,,,,,,,,,,,,,,
Q12208238,حسين مجلي,Hussein Mjalli,حسين مجلي,Hussein Mjalli,Hussein Mjalli,male,2014-10-12,Hussein,1937,,,Hussein Mjalli,Hussein Mjalli,,Hussein Mjalli,,,,,,,,,,,,,,,,,,,,,,,,,,,,,,,,,,,,,,,,,,,,,,,,,,,,,,,,,,,
Q12208664,حمادة فراعنة,,حمادة فراعنة,,,male,,,,,,,,,,,,,,,,,,,,,,,,,,,,,,,,,,,,,,,,,,,,,,,,,,,,,,,,,,,,,,,,,,,,
Q12208838,حمزة منصور,,حمزة منصور,,,male,,,1944,,,,,,,,,,,,,,,,,,,,,,,,,,,,,,,,,,,,,,,,,,,,,,,,,,,,,,,,,,,,,,,,,
Q12215978,سعد هايل السرور,Saad Hayel Srour,سعد هايل السرور,Saad Hayel Srour,Saad Hayel Srour,male,,,1947,31271780,n96902609,Saad Hayel Srour,Saad Hayel Srour,,,Saad Hayel Srour,Saad Hayel Srour,,,,,,,,,,,,,,,,,,,,,,,,,,,,,,,,,,,,,,,,,,,,,,,,,,,,,,,,,
Q12216718,سليمان عرار,,سليمان عرار,,,male,1998-11-07,,,,,,,,,,,,,,,,,,,,,,,,,,,,,,,,,,,,,,,,,,,,,,,,,,,,,,,,,,,,,,,,,,,
Q12219549,صالح ارشيدات,,صالح ارشيدات,,,male,,,,,,,,,,,,,,,,,,,,,,,,,,,,,,,,,,,,,,,,,,,,,,,,,,,,,,,,,,,,,,,,,,,,
Q12221493,طارق خوري,Tareq Khouri,طارق خوري,Tareq Khouri,Tareq Khouri,male,,,1967-12-01,,,,,,,,Tareq Khouri,,,,,,,,,,,,,,,,,,,,,,,,,,,,,,,,,,,,,,,,,,,,,,,,,,,,,,,,,
Q12221628,طراد القاضي,,طراد القاضي,,,male,,,,,,,,,,,,,,,,,,,,,,,,,,,,,,,,,,,,,,,,,,,,,,,,,,,,,,,,,,,,,,,,,,,,
Q12222497,عبد الباقي جمو,Abdul Baqi Jammoh,عبد الباقي جمو,Abdul Baqi Jammoh,Abdul Baqi Jammoh,male,2016-05-11,,1922,,,,,,,,,,,,,,,,,Абдул-Баки Джамо,,,,,,,,,,,,,,,,,,,,Абдул-Баки Джамо,,,,,,,,,,,,,,,,,,,,,,,,,,,,
Q12222829,عبد الرحيم ملحس,Abdul Rahim Malhas,عبد الرحيم ملحس,Abdul Rahim Malhas,Abdul Rahim Malhas,male,2012-09-29,,1937-06-28,,,,Abdul Rahim Malhas,,,,,,,,,,,,,,,,,,,,,,,,,,,,,,,,,,,,,,,,,,,,,,,,,,,,,,,,,,,,,
Q12223240,عبد الكريم الدغمي,,عبد الكريم الدغمي,,,male,,Abdul Karim,,,,,,,,,,,,,,,,,,,,,,,,,,,,,,,,,,,,,,,,,,,,,,,,,,,,,,,,,,,,,,,,,,
Q12223307,عبد اللطيف عربيات,,عبد اللطيف عربيات,,,male,,Abdul Latif,,,,,,,,,,,,,,,,,,,,,,,,,,,,,,,,,,,,,,,,,,,,,,,,,,,,,,,,,,,,,,,,,,
Q12223396,عبد الله العكايلة,,عبد الله العكايلة,,,male,,Abdullah,,,,,,,,,,,,,,,,,,,,,,,,,,,,,,,,,,,,,,,,,,,,,,,,,,,,,,,,,,,,,,,,,,
Q12223683,عبد الله كليب الشريدة,,عبد الله كليب الشريدة,,,male,,Abdullah,,,,,,,,,,,,,,,,,,,,,,,,,,,,,,,,,,,,,,,,,,,,,,,,,,,,,,,,,,,,,,,,,,
Q12223741,عبد المجيد الشريدة,,عبد المجيد الشريدة,,,male,1995-06-19,Abdul Majid,,,,,,,,,,,,,,,,,,,,,,,,,,,,,,,,,,,,,,,,,,,,,,,,,,,,,,,,,,,,,,,,,,
Q12223840,عبد المنعم أبو زنط,Abu Zant,عبد المنعم أبو زنط,Abu Zant,Abu Zant,male,2015-07-26,,1937-09-28,,,,Abu Zant,,Abu Zant,Abu Zant,,,,,,,,,,,,,,,,,,,,,,,,,,,,,,,,,,,,,,,,,,,,,,,,,,,,,,,,,,
Q12224249,عبلة أبو علبة,,عبلة أبو علبة,,,female,,,,,,,,,,,,,,,,,,,,,,,,,,,,,,,,,,,,,,,,,,,,,,,,,,,,,,,,,,,,,,,,,,,,
Q12230395,فخري قعوار,,فخري قعوار,,,male,,,,,,,,,,,,,,,,,,,,,,,,,,,,,,,,,,,,,,,,,,,,,,,,,,,,,,,,,,,,,,,,,,,,
Q12237763,ليث شبيلات,,ليث شبيلات,,,male,,,,,,,,,,,,,,,,,,,,,,,,,,,,,,,,,,,,,,,,,,,,,,,,,,,,,,,,,,,,,,,,,,,,
Q12239858,محمد العلاونة,,محمد العلاونة,,,male,,,,,,,,,,,,,,,,,,,,,,,,,,,,,,,,,,,,,,,,,,,,,,,,,,,,,,,,,,,,,,,,,,,,
Q12239870,محمد العوران,,محمد العوران,,,male,,,,,,,,,,,,,,,,,,,,,,,,,,,,,,,,,,,,,,,,,,,,,,,,,,,,,,,,,,,,,,,,,,,,
Q12240701,محمد عبد الرحمن خليفة,,محمد عبد الرحمن خليفة,,,male,2006,,,,,,,,,,,,,,,,,,,,,,,,,,,,,,,,,,,,,,,,,,,,,,,,,,,,,,,,,,,,,,,,,,,
Q12240720,محمد عبد القادر أبو فارس,Mohammed Abdul Qader Abu Fares,محمد عبد القادر أبو فارس,Mohammed Abdul Qader Abu Fares,,male,2015-11-03,Mohammed,1938,,,,Mohammed Abdul Qader Abu Fares,,Mohammed Abdul Qader Abu Fares,,,,,,,,,,,,,,,,,,,,,,,,,,,,,,,,,,,,,,,,,,,,,,,,,,,,,,,,,,,
Q12244644,مقبل مومني,,مقبل مومني,,,male,,,,,,,,,,,,,,,,,,,,,,,,,,,,,,,,,,,,,,,,,,,,,,,,,,,,,,,,,,,,,,,,,,,,
Q12250067,همام سعيد,,همام سعيد,,,male,,,1944,,,,,,,,,,,,,,,,,,,,,,,,,,,,,,,,,,,,,,,,,,,,,,,,,,,,,,,,,,,,,,,,,
Q12252055,يوسف العظم,,يوسف العظم,,,male,2007-07-29,,,,,,,,,,,,,,,,,,,,,,,,,,,,,,,,,,,,,,,,,,,,,,,,,,,,,,,,,,,,,,,,,,,
Q1393504,فيصل الفايز,Faisal al-Fayez,فيصل الفايز,Faisal al-Fayez,Faisal al-Fayez,male,,Faisal,1952-12-20,,,Faisal al-Fayiz,Faisal al-Fayez,,,Faisal al-Fayez,,,,,,,Faisal al-Fayez,,,Фейсал аль-Файез,,פייסל אל-פאיז,,,,,,,Faisal al-Fayiz,,,Faisal al-Fayez,,,פייסל אל-פאיז,,,,,Фейсал аль-Файез,,,https://upload.wikimedia.org/wikipedia/commons/2/24/Joe_Harford_and_Faisal_Al_Fayez.jpg,/m/02317x,,,,,费萨尔·法耶兹,Faisal al-Fayiz,Faisal al-Fayiz,费萨尔·法耶兹,,,,Faisal al-Fayez,,,,,,,,,,,,
Q15992742,,Abdul Nasser Bani Hani,,Abdul Nasser Bani Hani,Abdul Nasser Bani Hani,male,2013-10-06,Abdul,,,,Abdul Nasser Bani Hani,Abdul Nasser Bani Hani,Abdul Nasser Bani Hani,Abdul Nasser Bani Hani,Abdul Nasser Bani Hani,,,,,,,,,,,,,,,,,,,,,,,,,,,,,,,,,,,,,,,,,,,,,,,,,,,,,,,,,,
Q15993101,,Mahmoud Hweimel,,Mahmoud Hweimel,Mahmoud Hweimel,male,2013-08-20,Mahmoud,,,,Mahmoud Hweimel,Mahmoud Hweimel,,Mahmoud Hweimel,Mahmoud Hweimel,Mahmoud Hweimel,,,,,,,,,,,,,,,,,,,,,,,,,,,,,,,,,,,,,,,,,,,,,,,,,,,,,,,,,
Q15993244,,Mohammad Mahseiri,,Mohammad Mahseiri,Mohammad Mahseiri,male,2013-01-31,Mohammad,,,,Mohammad Mahseiri,Mohammad Mahseiri,Mohammad Mahseiri,Mohammad Mahseiri,Mohammad Mahseiri,Mohammad Mahseiri,,,,,,,,,,,,,,,,,,,,,,,,,,,,,,,,,,,,,,,,,,,,,,,,,,,,,,,,,
Q16186517,,Atef Tarawneh,,Atef Tarawneh,Atef Tarawneh,male,,Atef,1954,,,Atef Tarawneh,Atef Tarawneh,,,Atef Tarawneh,,,,,,,,,,,,,,,,,,,,,,,,,,,,,,,,,,,,,,,,,,,,,,,,,,,,,,,,,,
Q16730808,,Mahmoud Kharabsheh,,Mahmoud Kharabsheh,Mahmoud Kharabsheh,male,,Mahmoud,,,,Mahmoud Kharabsheh,,,,Mahmoud Kharabsheh,Mahmoud Kharabsheh,,,,,,,,,,,,,,,,,,,,,,,,,,,,,,,,,,,,,,,,,,,,,,,,,,,,,,,,,
Q16929790,,Saleh Wreikat,,Saleh Wreikat,Saleh Wreikat,male,2014-05-22,Salih,1939,,,Saleh Wreikat,Saleh Wreikat,,Saleh Wreikat,Saleh Wreikat,,,,,,,,,,,,,,,,,,,,,,,,,,,,,,,,,,,,,,,,,,,,,,,,,,,,,,,,,,
Q17070373,,Talal al-Sharif,,Talal al-Sharif,Talal al-Sharif,male,,,,,,,,Talal al-Sharif,,Talal al-Sharif,Talal al-Sharif,,,,,,,,,,,,,,,,,,,,,,,,,,,,,,,,,,,,,,,,,,,,,,,,,,,,,,,,,
Q18175190,,Mohammad Khasawneh,,Mohammad Khasawneh,Mohammad Khasawneh,male,2014-09-23,Mohammad,1956,,,Mohammad Khasawneh,Mohammad Khasawneh,,Mohammad Khasawneh,,Mohammad Khasawneh,,,,,,,,,,,,,,,,,,,,,,,,,,,,,,,,,,,,,,,,,,,,,,,,,,,,,,,,,
Q20417669,رولا الفرا,,رولا الفرا,,,female,,,1968-01-05,,,,,,,,,,,,,,,,,,,,,,,,,,,,,,,,,,,,,,,,,,,,,,,,,,,,,,,,,,,,,,,,,
Q20425837,هند حاكم الفايز,,هند حاكم الفايز,,,female,,,,,,,,,,,,,,,,,,,,,,,,,,,,,,,,,,,,,,,,,,,,,,,,,,,,,,,,,,,,,,,,,,,,
Q2067182,طاهر المصري,Taher al-Masri,طاهر المصري,Taher al-Masri,Taher al-Masri,male,,,1942,,,,Taher al-Masri,,,Taher al-Masri,,Tahir al-Masri,,,,,Taher al-Masri,,,Тахер аль-Мазри,,טאהר אל-מסרי,,,,,,,,,,,,,טאהר אל-מסרי,,,,Tahir al-Masri,Тахер аль-Мазри,,,,/m/0drvvp,,,,,,,,,,,,Taher al-Masri,,,,,,,,,,,,
Q2067199,عبد الرؤوف الروابدة,Abdelraouf al-Rawabdeh,عبد الرؤوف الروابدة,Abdelraouf al-Rawabdeh,Abdelraouf al-Rawabdeh,male,,,1939,,,,Abdelraouf al-Rawabdeh,,,Abdelraouf al-Rawabdeh,,Abd ar-Ra’uf ar-Rawabida,,,,,Abdelraouf al-Rawabdeh,,,Абдельрауф аль-Равабде,,עבד א-ראוף א-רוואבדה,,,,,,,,,,,,,עבד א-ראוף א-רוואבדה,,,,Abd ar-Ra’uf ar-Rawabida,Абдуррауф ар-Равабде,,,https://upload.wikimedia.org/wikipedia/commons/0/0d/Defense.gov_News_Photo_990520-D-9880W-077.jpg,/m/0dk_7g,,,,,,,,,,,,Abdelraouf al-Rawabdeh,,,,,,,,,,,,
Q2067696,عبد الكريم الكباريتي,Abdul Karim al-Kabariti,عبد الكريم الكباريتي,Abdul Karim al-Kabariti,Abdul Karim al-Kabariti,male,,Abdul,1949-12-15,,,,Abdul Karim al-Kabariti,,,Abdul Karim al-Kabariti,,Abd al-Karim al-Kabariti,,,,,Abdul Karim al-Kabariti,,,Абделькарим аль-Кабарити,,עבד אל-כרים אל-כבאריתי,,,,,,,,,,,,,עבד אל-כרים אל-כבאריתי,,,,Abd al-Karim al-Kabariti,Абделькарим аль-Кабарити,,,,/m/0b3my7,,,,,,,,,,,,Abdul Karim al-Kabariti,,,,,,,,,,,,
Q2096713,توفيق أبو الهدى,Tawfik Abu al-Huda,توفيق أبو الهدى,Tawfik Abu al-Huda,Tawfik Abu al-Huda,male,1956-07-01,,1894,96978997,,Tawfiq Abu l-Huda,,,,Tawfik Abu al-Huda,,Taufik Abu al-Huda,,,,,Tawfik Abu al-Huda,,,Тавфик Абу аль-Худа,,תאופיק אבו אל-הודא,,,,,,,Tawfiq Abu l-Huda,,,Tawfik Abu al-Huda,,,תאופיק אבו אל-הודא,,,,Taufik Abu al-Huda,Тавфик Абу аль-Худа,,,"https://upload.wikimedia.org/wikipedia/commons/d/d8/Hussein,_with_Prime_Minister_Tawfiq_Abul_Huda_-_Throne_ceremony.jpg",/m/05h0l9,1607279,,,,,,,,,,,Tawfik Abu al-Huda,,,,,,,Tawfik Abu al-Huda,Tawfik Abu al-Huda,,,,
Q21997854,,Eteiwi Majali,,Eteiwi Majali,Eteiwi Majali,male,2015-10-24,,1950,,,,,,,,Eteiwi Majali,,,,,,,,,,,,,,,,,,,,,,,,,,,,,,,,,,,,,,,,,,,,,,,,,,,,,,,,,
Q2509606,علي أبو الراغب,Ali Abu al-Ragheb,علي أبو الراغب,Ali Abu al-Ragheb,Ali Abu al-Ragheb,male,,Ali,1946,,,Ali Abu al-Ragheb,Ali Abou Al-Ragheb,,,Ali Abu al-Ragheb,,Ali Abu ar-Raghib,Αλί Αμπού αλ-Ραγέμπ,,,,Ali Abu al-Ragheb,,,Али Абу-Рагеб,,עלי אבו א-ראע'ב,,アリ・アブ・ラーギブ,,,,,Ali Abu al-Ragheb,,,Ali Abu al-Ragheb,,Ali Abou Al-Ragheb,עלי אבו א-ראע'ב,,,,Ali Abu ar-Raghib,Али Абу-Рагеб,,,,/m/02dj3y,,,,,阿里·阿布·拉吉卜,,,阿里·阿布·拉吉卜,阿里·阿布·拉吉卜,阿里·阿布·拉吉卜,阿里·阿布·拉吉卜,Ali Abu al-Ragheb,,,,,,,,,,,,
Q307623,عبد الله الريماوي,Abdullah Rimawi,عبد الله الريماوي,Abdullah Rimawi,Abdullah Rimawi,male,1980-03-05,Abdullah,1920,172798533,,Abdallah ar-Rimawi,Abdullah Rimawi,,,Abdullah Rimawi,,,,,,,Abdullah Rimawi,,,,,עבדאללה רימאוי,,,,,,,Abdallah ar-Rimawi,,,,,,עבדאללה רימאוי,,,,,,,,https://upload.wikimedia.org/wikipedia/commons/f/fa/Ar-Rimawi.jpg,,,001441868,,,,,,,,,,Abdullah Rimawi,,,,,,,,,,,,
Q34426,عبد الله النسور,Abdullah Ensour,عبد الله النسور,Abdullah Ensour,Abdullah Ensour,male,,Abdullah,1939-01-20,,,Abdullah Ensour,Abdullah Ensour,Abdullah Ensour,,Abdullah Ensour,,Abdullah Ensur,Αμπντάλα Ενσούρ,Abdullah Ensour,Abdullah Ensour,Abdullah Ensour,Abdullah Ensour,Abdullah Ensour,Abdullah Ensour,Абдалла Энсур,‘Abd Allāh an-Nsour,עבדאללה א-נסור,압둘라 엔수르,アブドゥッラー・アン＝ヌスール,Abdullah Ensour,Abdullah Ensour,Abdullah Ensour,Abdullah Ensour,Abdullah Ensour,Αμπντάλα Ενσούρ,Abdullah Ensour,Abdullah Ensour,‘Abd Allāh an-Nusūr,Abdullah Ensour,עבדאללה א-נסור,Abdullah Ensour,アブドゥッラー・アン＝ヌスール,압둘라 엔수르,Abd Allah an-Nusur,Абдалла Энсур,Abdullah Ensour,Abdullah Ensour,https://upload.wikimedia.org/wikipedia/commons/5/5e/FM_Urmas_Paet_met_with_the_Prime_Minister_of_Jordan_Abdullah_Ensour_in_Amman._9.01.2013_(8364907805).jpg,/m/02p_hlt,1455893,,,,阿卜杜拉·恩蘇爾,,,,,,,Abdullah Ensour,,,abdullah_ensour,Abdullah Ensour,Abdullah Ensour,,,,,阿卜杜拉·恩苏尔,عبدالله النسور,عبدالله النسور
Q3532868,توجان الفيصل,Toujan al-Faisal,توجان الفيصل,Toujan al-Faisal,Toujan al-Faisal,female,,,1948,,,,Toujan al-Faisal,,,Toujan al-Faisal,,Tudżan al-Fajsal,,,,,Toujan al-Faisal,,,,,,,,,,,,,,,,,Toujan al-Faisal,,,,,Tudżan al-Fajsal,,,,,,,,,,,,,,,,,Toujan al-Faisal,,,,,,,,,,,,
Q4072991,أحمد اللوزي,Ahmad Lozi,أحمد اللوزي,Ahmad Lozi,Ahmad Lozi,male,2014-11-18,Ahmad,1925,,,Ahmad Lozi,Ahmad Lozi,,Ahmad Lozi,Ahmad Lozi,,Ahmad al-Lauzi,,,,,Ahmad Lozi,,,Ахмад аль-Лавзи,,אחמד א-לווזי,,,,,,,,,,,,,אחמד א-לווזי,,,,Ahmad al-Lauzi,Ахмад аль-Лавзи,,,,,,,,,,,,,,,,Ahmad Lozi,,,,,,,,,Ahmad Lozi,,,
Q4119846,قاسم الريماوي,Kassim al-Rimawi,قاسم الريماوي,Kassim al-Rimawi,Kassim al-Rimawi,male,1982,Kassim,1918,,,,Kassim al-Rimawi,,,Kassim al-Rimawi,,,,,,,,,,Кассим аль-Римави,,קאסם א-רימאווי,,,,,,,,,,,,,קאסם א-רימאווי,,,,,Кассим аль-Римави,,,https://upload.wikimedia.org/wikipedia/commons/d/d3/Dr_kasam_rimawi.jpg,/m/0bm9k11,,,,,,,,,,,,,,,,,,,,,,,,
Q4166555,هزاع المجالي,Hazza' al-Majali,هزاع المجالي,Hazza' al-Majali,Hazza' al-Majali,male,1960-08-29,,1919,50792933,,,Hazza' al-Majali,,,Hazza' al-Majali,,Hazza al-Madżali,,,,,Hazza' al-Majali,,,Хазза аль-Маджали,,היזאע אל-מג'אלי,,,,,,,,,,,,,היזאע אל-מג'אלי,,,,Hazza al-Madżali,Хазза аль-Маджали,,,,/m/0806rlg,262253,,,,,,,,,,,Hazza' al-Majali,,,,,,,,,,,,
Q4664651,عبد الله الجازي,Abdallah Al-Jazi,عبد الله الجازي,Abdallah Al-Jazi,Abdallah Al-Jazi,male,,Abdullah,1954,,,,Abdallah Al-Jazi,Abdallah Al Jazi,,Abdallah Al-Jazi,,,,,,,Abdallah Al-Jazi,,,,,,,,,,,,,,,,,,,,,,,,,,,,,,,,,,,,,,,Abdallah Al-Jazi,,,,,,,,,,,,
Q4818087,,Attallah Suheimat,,Attallah Suheimat,Attallah Suheimat,male,1965-07-28,,1875,,,Attallah Suheimat,,Attallah Suheimat,,Attallah Suheimat,,,,,,,,,,,,,,,,,,,,,,,,,,,,,,,,,,,,,,,,,,,,,,,,,,,,,,,,,,
Q4831460,,Ayman Hazza' al-Majali,,Ayman Hazza' al-Majali,Ayman Hazza' al-Majali,male,,Ayman,1949-02-20,,,,Ayman Hazza' al-Majali,,,Ayman Hazza' al-Majali,,,,,,,,,,,,,,,,,,,,,,,,,,,,,,,,,,,,,,,,,,,,,,,,,,,,,,,,,,
Q4860843,,Barjas al-Hadid,,Barjas al-Hadid,Barjas al-Hadid,male,,,1936,73805250,nr2004018897,,Barjas al-Hadid,,,Barjas al-Hadid,,,,,,,,,,,,,,,,,,,,,,,,,,,,,,,,,,,,,,,,,,,,,,,0000 0000 5010 1038,,,,,,,,,,,
Q5437137,فتحي أبو طالب,Fat'hi Abu Taleb,فتحي أبو طالب,Fat'hi Abu Taleb,Fat'hi Abu Taleb,male,,,1933,,,Fat'hi Abu Taleb,Fat'hi Abu Taleb,,,Fat'hi Abu Taleb,,,,,,,,,,,,,,,,,,,,,,,,,,,,,,,,,,,,,,,,,,,,,,,,,,,,,,,,,,
Q613191,أنور نسيبة,Anwar Nusseibeh,أنور نسيبة,Anwar Nusseibeh,Anwar Nusseibeh,male,1986-11-24,Anwar,1913,,,Anwar Nusseibeh,Anwar Nusseibeh,,,Anwar Nusseibeh,,,,,,,Anwar Nusseibeh,,,,,אנוואר נוסייבה,,,,,,,Anwar Nusseibeh,,,,,,אנוואר נוסייבה,,,,,,,,https://upload.wikimedia.org/wikipedia/commons/e/ea/Anwar_Nusseibeh.jpg,,,,,,,,,,,,,Anwar Nusseibeh,,,,,,,,,,,,
Q6356584,,Kamel Arekat,,Kamel Arekat,Kamel Arekat,male,1984-07-17,,1901-03-26,,,Kamel Arekat,Kamel Arekat,,,Kamel Arekat,,,,,,,,,,,,,,,,,,,,,,,,,,,,,,,,,,,,,,,,,,,,,,,,,,,,,,,,,,
Q6532269,ابراهيم المشوخي,,إبراهيم المشوخي,,,male,,Ibrahim,,,,,,,,,,,,,,,,,,,,,,,,,,,,,,,,,,,,,,,,,,,,,,,,,,,,,,,,,,,,,,,,,,
Q6754063,توفيق كريشان,Tawfiq Kreishan,توفيق كريشان,Tawfiq Kreishan,Tawfiq Kreishan,male,,,1947,,,Tawfiq Kreishan,Tawfiq Kreishan,,,Tawfiq Kreishan,,,,,,,Tawfiq Kreishan,,,,,,,,,,,,,,,,,,,,,,,,,,,,,,,,,,,,,,,Tawfiq Kreishan,,,,,,,,,,,,
Q6771479,ذوقان الهنداوي,,ذوقان الهنداوي,,,male,2005-07-02,,,,,,,,,,,,,,,,,,,,,,,,,,,,,,,,,,,,,,,,,,,,,,,,,,,,,,,,,,,,,,,,,,,
Q6819754,عوض خليفات,,عوض خليفات,,,male,,,,,,,,,,,,,,,,,,,,,,,,,,,,,,,,,,,,,,,,,,,,,,,,,,,,,,,,,,,,,,,,,,,,
Q6853456,محمد الداودية,,محمد الداودية,,,male,,,,,,,,,,,,,,,,,,,,,,,,,,,,,,,,,,,,,,,,,,,,,,,,,,,,,,,,,,,,,,,,,,,,
Q6868732,ممدوح العبادي,,ممدوح العبادي,,,male,,,,,,,,,,,,,,,,,,,,,,,,,,,,,,,,,,,,,,,,,,,,,,,,,,,,,,,,,,,,,,,,,,,,
Q6898352,يعقوب زيادين,Yaʿqūb Ziyādin,يعقوب زيادين,Yaʿqūb Ziyādin,Yacoub Zaiadeen,male,2015-03-31,,1922,304940431,,Yaʿqūb Ziyādin,Yaʿqūb Ziyādin,,Yaʿqūb Ziyādin,Yacoub Zaiadeen,,,,,,,Yaʿqūb Ziyādin,,,,,,,,,,,,,,,,,,,,,,,,,,,,,,,,,,,,,,,,0000 0004 1647 4032,,,,,1037447735,,,,,,
Q7403448,,Salah Suheimat,,Salah Suheimat,Salah Suheimat,male,1966-11-30,Salah,1914,,,Salah Suheimat,Salah Suheimat,Salah Suheimat,,Salah Suheimat,,,,,,,,,,,,,,,,,,,,,,,,,,,,,,,,,,,,,,,,,,,,,,,,,,,,,,,,,,
Q7409504,,Samir Habashneh,,Samir Habashneh,Samir Habashneh,male,,Samir,1951,,,Samir Habashneh,Samir Habashneh,Samir Habashneh,,Samir Habashneh,,,,,,,Samir Habashneh,,,,,,,,,,,,,,,,,,,,,,,,,,,,,,,,,,,,,,,Samir Habashneh,,,,,,,,,,,,
Q979812,سعيد المفتي,Sa`id al-Mufti,سعيد المفتي,Sa`id al-Mufti,Sa`id al-Mufti,male,1989-03-25,,1898,11711056,,Saʿid al-Mufti,,,,Sa`id al-Mufti,,Sa’id al-Mufti,,,Said el Müfti,,Sa`id al-Mufti,,,Саид аль-Муфти,,סעיד אל-מופתי,,,,,,,Saʿid al-Mufti,,,,,,סעיד אל-מופתי,,,,Sa’id al-Mufti,Саид аль-Муфти,Said el Müfti,,https://upload.wikimedia.org/wikipedia/commons/c/c9/Said-al-mufti.jpg,/m/03h6jr,,,Sa`id al-Mufti,Sa`id al-Mufti,,,,,,,,Sa`id al-Mufti,,,,,,,,,,,,
