id,name,sort_name,email,twitter,facebook,group,group_id,area_id,area,chamber,term,start_date,end_date,image,gender
3e406fb7-efd7-49dc-b75c-eb0bd9e8ac64,Adama TIENDREBEOGO,"TIENDREBEOGO, Adama",,,,unknown,unknown,,,Assemblée Nationale,2,,,,
7dadb4e9-0ad1-42f6-9e02-2626b295ff70,Alassane DERM,"DERM, Alassane",,,,unknown,unknown,,,Assemblée Nationale,2,,,,
ac0dd580-7cd6-4685-9706-7e930df3efc7,Albert SANOU,"SANOU, Albert",,,,unknown,unknown,,,Assemblée Nationale,2,,,,
6f6ad406-ecc4-478f-85f2-c8d3d47c27ba,Alice TIENDREBEOGO/K,"TIENDREBEOGO/K, Alice",,,,unknown,unknown,,,Assemblée Nationale,2,,,,
61b4cf32-6dcb-4fe2-ae2b-6582bb6d6ca9,Amadou HAMA,"HAMA, Amadou",,,,unknown,unknown,,,Assemblée Nationale,2,,,,
48b4bcd1-3aaf-4916-b572-0ad90e0a503e,Amadou SERI,"SERI, Amadou",,,,unknown,unknown,,,Assemblée Nationale,2,,,,
fc25ec94-6ac0-4507-893a-4256bab14ce8,Amadou YAYA,"YAYA, Amadou",,,,unknown,unknown,,,Assemblée Nationale,2,,,,
fc2e16f0-9aed-4178-b336-d263ec8448f2,B. Lvis OUDRAOGO,"OUDRAOGO, B. Lvis",,,,unknown,unknown,,,Assemblée Nationale,2,,,,
24366a8c-6ead-4502-95b7-80679574c678,Bana OUANDAOGO/MAGA,"OUANDAOGO/MAGA, Bana",,,,unknown,unknown,,,Assemblée Nationale,2,,,,
c9abef46-7e40-43d0-9ac2-1b2a0e81853f,Barthlmy KABOR,"KABOR, Barthlmy",,,,unknown,unknown,,,Assemblée Nationale,2,,,,
92199c41-0bf8-4227-bbbc-ae3632566ab3,Bassih HEMA,"HEMA, Bassih",,,,unknown,unknown,,,Assemblée Nationale,2,,,,
a16eb278-ee4f-48cc-beda-1d7c1974073b,Benot Louis KAMBIR,"KAMBIR, Benot Louis",,,,unknown,unknown,,,Assemblée Nationale,2,,,,
c77f3941-9d23-48c1-8f2e-2d452f849f9d,Bila Ignace SAWADOGO,"SAWADOGO, Bila Ignace",,,,unknown,unknown,,,Assemblée Nationale,2,,,,
3499da7a-be24-4445-b5e2-aa642f102ce5,Bli Etienne GUE,"GUE, Bli Etienne",,,,unknown,unknown,,,Assemblée Nationale,2,,,,
8a104545-a14e-4ffa-b4dd-9cc43ab2e061,Boureima ZOROM,"ZOROM, Boureima",,,,unknown,unknown,,,Assemblée Nationale,2,,,,
da71c166-e991-4f04-9f5d-1ee04e4b9f75,Charles Etienne ZAN,"ZAN, Charles Etienne",,,,unknown,unknown,,,Assemblée Nationale,2,,,,
6cea3898-6d60-4805-b1c3-0c48ea52f2f7,D. Grard KARAMBIRI,"KARAMBIRI, D. Grard",,,,unknown,unknown,,,Assemblée Nationale,2,,,,
0209bc07-bdf1-4eef-88d0-2c96884e3247,D. Thodore SAWADOGO,"SAWADOGO, D. Thodore",,,,unknown,unknown,,,Assemblée Nationale,2,,,,
8c3dd965-50fb-4a39-b21e-0d18d24217a7,Daouda BAYILI,"BAYILI, Daouda",,,,unknown,unknown,,,Assemblée Nationale,2,,,,
5716d465-ffba-4ef6-982e-06c4587be84e,Dihit PALENFO,"PALENFO, Dihit",,,,unknown,unknown,,,Assemblée Nationale,2,,,,
3a9925c7-91f6-4be3-88d5-52f77fc3a26e,Dimfangodo SAWADOGO,"SAWADOGO, Dimfangodo",,,,unknown,unknown,,,Assemblée Nationale,2,,,,
8e160fd3-a2e4-49a9-a078-e6751a31e603,Doussoum Paul MILLOGO,"MILLOGO, Doussoum Paul",,,,unknown,unknown,,,Assemblée Nationale,2,,,,
24320e20-6549-4326-bef1-8fb3c5ea87c3,F. Odette COULIBALY /S,"COULIBALY /S, F. Odette",,,,unknown,unknown,,,Assemblée Nationale,2,,,,
b58e687b-9933-4f81-b2ed-43f022494a04,Fidle OUI,"OUI, Fidle",,,,unknown,unknown,,,Assemblée Nationale,2,,,,
d556cb04-fb3f-407d-aab9-ef8977a16365,Gnihan LIEHOUN,"LIEHOUN, Gnihan",,,,unknown,unknown,,,Assemblée Nationale,2,,,,
6e7f4f46-7e9f-42eb-8d7c-99fe672d7e15,H. Boukary DICKO,"DICKO, H. Boukary",,,,unknown,unknown,,,Assemblée Nationale,2,,,,
694caf15-ea10-48ec-9e4a-31b4379d691c,Halidou SOR,"SOR, Halidou",,,,unknown,unknown,,,Assemblée Nationale,2,,,,
131f70c9-9ba7-474c-8130-6d0fd9005e75,Hamidou Gulo MAGA,"MAGA, Hamidou Gulo",,,,unknown,unknown,,,Assemblée Nationale,2,,,,
22529e45-632a-4fd3-862a-1a4f0a29f601,Hermann YAMEOGO,"YAMEOGO, Hermann",,,,unknown,unknown,,,Assemblée Nationale,2,,,,
89b8c69f-90eb-4218-9fa9-40f7c7a36fc9,Idima Vronique KANDO,"KANDO, Idima Vronique",,,,unknown,unknown,,,Assemblée Nationale,2,,,,
f7edb54b-572e-4bd9-b8eb-b9fcc5727200,Idrissa Alfred SEKON,"SEKON, Idrissa Alfred",,,,unknown,unknown,,,Assemblée Nationale,2,,,,
70c70cad-7522-4aae-909b-dda70f199554,Idrissa Dominique BARRY,"BARRY, Idrissa Dominique",,,,unknown,unknown,,,Assemblée Nationale,2,,,,
aae55e43-756c-45ac-a8c8-017669932738,Issiaka Isaac DRABO,"DRABO, Issiaka Isaac",,,,unknown,unknown,,,Assemblée Nationale,2,,,,
bace0637-fdde-4459-9c6c-111e941c6bcf,Joanny Blaise TAPSOBA,"TAPSOBA, Joanny Blaise",,,,unknown,unknown,,,Assemblée Nationale,2,,,,
241fae15-d676-4882-b713-d942d58a1b67,Joseph KABORE,"KABORE, Joseph",,,,unknown,unknown,,,Assemblée Nationale,2,,,,
d68831c8-8483-45d6-92f2-d75510002b96,K. Barthlmy OUOBA,"OUOBA, K. Barthlmy",,,,unknown,unknown,,,Assemblée Nationale,2,,,,
da6c2459-7aaa-4e5d-b2a3-3cb5c1ee1c9f,K. Jean Louis BAMOGO,"BAMOGO, K. Jean Louis",,,,unknown,unknown,,,Assemblée Nationale,2,,,,
396dba8d-e044-4363-9bd4-4a2f03276be9,K. Ren LOMPO,"LOMPO, K. Ren",,,,unknown,unknown,,,Assemblée Nationale,2,,,,
40cc8f5e-7dcd-46ca-9072-d8ea67ff1a55,Karim CONGO,"CONGO, Karim",,,,unknown,unknown,,,Assemblée Nationale,2,,,,
9d2c08c3-6660-44b9-b2b1-bb9a550e3d03,Kassoum DAO,"DAO, Kassoum",,,,unknown,unknown,,,Assemblée Nationale,2,,,,
dfff26d6-615b-4057-8f84-6f9ab30b782f,Larba Prosper YAMEOGO,"YAMEOGO, Larba Prosper",,,,unknown,unknown,,,Assemblée Nationale,2,,,,
f8035d12-0503-473a-9267-1de391a1f3bf,Larba YARGA,"YARGA, Larba",,,,unknown,unknown,,,Assemblée Nationale,2,,,,
3a905f8e-f8cb-4034-87e2-026e56fe1102,Lassan YAGO,"YAGO, Lassan",,,,unknown,unknown,,,Assemblée Nationale,2,,,,
3c9531c2-5b98-44fc-a838-078d714c4506,Lbend SIONN,"SIONN, Lbend",,,,unknown,unknown,,,Assemblée Nationale,2,,,,
335dc558-a52e-4999-965b-99cb6d038b83,Lbend SORGHO,"SORGHO, Lbend",,,,unknown,unknown,,,Assemblée Nationale,2,,,,
8f11888c-eeef-4a6b-8472-ddb1856f0333,Louoron Blaise PAR,"PAR, Louoron Blaise",,,,unknown,unknown,,,Assemblée Nationale,2,,,,
d6b2b5de-4627-4a72-84a2-01c96057cc4a,M. Jean Paul SANGLI,"SANGLI, M. Jean Paul",,,,unknown,unknown,,,Assemblée Nationale,2,,,,
f18eda26-d60f-4d56-a686-f5b58d0d3537,M. OUATTARA,"OUATTARA, M.",,,,unknown,unknown,,,Assemblée Nationale,2,,,,
c3929be9-aa5c-45ac-8299-f80a4e4ca296,M. OUEDRAOGO Michel,"OUEDRAOGO, Michel",,,,unknown,unknown,,,Assemblée Nationale,2,,,http://nosdeputes.assembleenationale.bf/deputes/photos/depute_190.jpg,male
947f0e31-1778-4e2a-bd0a-4d9eaca9f560,M. SAWADOGO Windyellé,"SAWADOGO, Windyll",,,,unknown,unknown,,,Assemblée Nationale,2,,,http://nosdeputes.assembleenationale.bf/deputes/photos/depute_218.jpg,male
faafa1b4-2d30-462b-8e11-6c2b3dcc016b,M. Thrse SANDWIDI/Y,"SANDWIDI/Y, M. Thrse",,,,unknown,unknown,,,Assemblée Nationale,2,,,,
c55ff014-83cb-406f-a802-496e18b58e8a,Mahama SAWADOGO,"SAWADOGO, Mahama",,,,unknown,unknown,,,Assemblée Nationale,2,,,,
619c5dc5-a3cf-41ba-8e8c-783aa534feba,Mahamadi KOUANDA,"KOUANDA, Mahamadi",,,,unknown,unknown,,,Assemblée Nationale,2,,,,
0b1f47a6-002e-457f-957d-261a4dd29153,Mahamane MYAMPO,"MYAMPO, Mahamane",,,,unknown,unknown,,,Assemblée Nationale,2,,,,
3c12608e-956a-4b85-a885-d58b3f43550a,Mamadou KON,"KON, Mamadou",,,,unknown,unknown,,,Assemblée Nationale,2,,,,
d3120ddd-7f33-4562-b907-f42f29469af5,Marie M. OUDRAOGO/C,"OUDRAOGO/C, Marie M.",,,,unknown,unknown,,,Assemblée Nationale,2,,,,
47f3a5a7-3a20-462a-8f36-1212310db070,Mathieu COULIBALY,"COULIBALY, Mathieu",,,,unknown,unknown,,,Assemblée Nationale,2,,,,
671b59e6-c2a6-4103-8985-c8624152adc2,Michel KOUTABA,"KOUTABA, Michel",,,,unknown,unknown,,,Assemblée Nationale,2,,,,
c9f066ef-1c30-4d73-baab-0e0be69f55a4,Mikal KINOU,"KINOU, Mikal",,,,unknown,unknown,,,Assemblée Nationale,2,,,,
fd588ad1-0cf4-4a1f-9062-86bce32f84b4,Mme DIENDERE/DIALLO FATOUMATA,"DIENDERE/DIALLO, Fatoumata",fatoudiak@yahoo.fr,,,unknown,unknown,,,Assemblée Nationale,2,,,http://nosdeputes.assembleenationale.bf/deputes/photos/depute_130.jpg,female
eaa8901e-0e41-4147-8655-61478df99c34,Mme ILBOUDO/ZIDA ROSE,"ILBOUDO/ZIDA, Rose",rosezida@yahoo.fr,,,unknown,unknown,,,Assemblée Nationale,2,,,http://nosdeputes.assembleenationale.bf/deputes/photos/depute_45.jpg,female
78c7c04b-9825-4e83-b878-f90961b0b869,Moussa BOLY,"BOLY, Moussa",,,,unknown,unknown,,,Assemblée Nationale,2,,,,
f30bf6ba-4e8e-45c3-b091-4038b5b57703,Mr BENON MAMADOU,"BENON, Mamadou",sergebenao@yahoo.fr,,,unknown,unknown,,,Assemblée Nationale,2,,,http://nosdeputes.assembleenationale.bf/deputes/photos/depute_16.jpg,male
e19c0f45-4c52-4004-8ee8-b9a9c0c13113,Mr BOUDA CHRISTIAN GUSTAVE,"BOUDA, C. Gustave",christbouda@yahoo.fr,,,unknown,unknown,,,Assemblée Nationale,2,,,http://nosdeputes.assembleenationale.bf/deputes/photos/depute_26.jpg,male
9cbc8786-34e7-4fcc-9bdc-f5e2a993c88b,Mr NABOHO KANIDOUA,"NABOHO, Kanidoua",heera@fasonet.bf,,,unknown,unknown,,,Assemblée Nationale,2,,,http://nosdeputes.assembleenationale.bf/deputes/photos/depute_43.jpg,male
538ded51-05eb-477d-8a6c-22ba0add6612,Mr OUEDRAOGO AMADOU,"OUDRAOGO, Mamadou",,,,unknown,unknown,,,Assemblée Nationale,2,,,http://nosdeputes.assembleenationale.bf/deputes/photos/depute_109.jpg,male
940b135f-7adf-462a-b38b-afdfabcdef79,Mr OUEDRAOGO SALFO THEODORE,"OUEDRAOGO, Salfo Thodore",,,,unknown,unknown,,,Assemblée Nationale,2,,,http://nosdeputes.assembleenationale.bf/deputes/photos/depute_65.jpg,male
efb72ac7-7057-4192-a591-dadb67b1911b,Mr SAWADOGO ZAMBENDE THEODORE,"SAWADOGO, D. Thodore",winninolasawadogo@yahoo.com,,,unknown,unknown,,,Assemblée Nationale,2,,,http://nosdeputes.assembleenationale.bf/deputes/photos/depute_119.jpg,male
a5f61e57-a059-4ea1-b14b-d07793827219,Mr TIENDREBEOGO VICTOR,"TIENDREBEOGO, Victor",larlenaba@yahoo.fr,,,unknown,unknown,,,Assemblée Nationale,2,,,http://nosdeputes.assembleenationale.bf/deputes/photos/depute_84.jpg,male
50901e3d-7427-4391-928b-3edc8c77fbd1,Mutan HIEN,"HIEN, Mutan",,,,unknown,unknown,,,Assemblée Nationale,2,,,,
4408acf2-e454-47e6-8b00-89f846dd43e8,N'Pre Adle TRAOR,"TRAOR, N'Pre Adle",,,,unknown,unknown,,,Assemblée Nationale,2,,,,
10e0182f-292d-49d7-acbe-db6dc5415cf0,N. Luc Cyrille KABOR,"KABOR, N. Luc Cyrille",,,,unknown,unknown,,,Assemblée Nationale,2,,,,
33d182bf-be93-4654-aa65-7dd6a2fdf430,N. Robert LOUE,"LOUE, N. Robert",,,,unknown,unknown,,,Assemblée Nationale,2,,,,
b53d0b05-8e92-419e-8071-84884ff064b8,Nazaire HIEN,"HIEN, Nazaire",,,,unknown,unknown,,,Assemblée Nationale,2,,,,
1bfa2e3e-07df-4216-a1b3-8d2e048ea139,Nbama KR,"KR, Nbama",,,,unknown,unknown,,,Assemblée Nationale,2,,,,
4d845ef0-39bf-4c51-93ea-e94fbf1be13a,Nongoma Samuel ZOMA,"ZOMA, Nongoma Samuel",,,,unknown,unknown,,,Assemblée Nationale,2,,,,
85b545b7-a494-4bc4-93c8-677b1faf3564,Oumarou SAWADOGO,"SAWADOGO, Oumarou",,,,unknown,unknown,,,Assemblée Nationale,2,,,,
1455abdd-9d31-42d4-a939-7341243ea8b5,P.Clment SAWADOGO,"SAWADOGO, P.Clment",,,,unknown,unknown,,,Assemblée Nationale,2,,,,
a4964eda-05bb-41aa-be22-48cd6f4328eb,Pargui Emile PAR,"PAR, Pargui Emile",,,,unknown,unknown,,,Assemblée Nationale,2,,,,
95b7547f-4083-4d68-8796-940346406e8a,Pascal Temai BENON,"BENON, Pascal Temai",,,,unknown,unknown,,,Assemblée Nationale,2,,,,
e3275298-cb03-4c84-9dc2-30577520d779,Rasman GANEMTOR,"GANEMTOR, Rasman",,,,unknown,unknown,,,Assemblée Nationale,2,,,,
01839a69-1df8-4e31-9f1d-c6706a422190,Roch Marc Christian KABORE,"KABORE, Roch Marc Christian",,,,unknown,unknown,,,Assemblée Nationale,2,,,,
191558aa-082e-4cad-aa75-913b92aebbeb,S. Omar TRAOR,"TRAOR, S. Omar",,,,unknown,unknown,,,Assemblée Nationale,2,,,,
bdd908e0-92f2-4c8f-ae88-2fd3ca1b74b0,Sadou OUDRAOGO,"OUDRAOGO, Sadou",,,,unknown,unknown,,,Assemblée Nationale,2,,,,
6f821460-b836-47ce-bca0-c415a673af4a,Salia SANON,"SANON, Salia",,,,unknown,unknown,,,Assemblée Nationale,2,,,,
651d6ce1-43c9-409a-ac39-bee28e722410,Sambo OUDRAOGO,"OUDRAOGO, Sambo",,,,unknown,unknown,,,Assemblée Nationale,2,,,,
bc9b1430-bc9c-4ee8-bbce-0f7c1c0e29ae,Seydou KONAT,"KONAT, Seydou",,,,unknown,unknown,,,Assemblée Nationale,2,,,,
3cedc22e-c1f2-4b32-9335-c4b9a53942b2,Si Pascal KAMBOU,"KAMBOU, Si Pascal",,,,unknown,unknown,,,Assemblée Nationale,2,,,,
72293aba-20a0-4bb2-8e5c-beb039de3f96,Simon SAWADOGO,"SAWADOGO, Simon",,,,unknown,unknown,,,Assemblée Nationale,2,,,,
f8db1474-244a-4596-8e82-a68aaf3742d3,Sina SR,"SR, Sina",,,,unknown,unknown,,,Assemblée Nationale,2,,,,
1b9d49c5-5270-40ac-9c56-d18e634cea7c,Somlassida RAMD,"RAMD, Somlassida",,,,unknown,unknown,,,Assemblée Nationale,2,,,,
e97a57a7-d972-4f3b-9abe-6c3919e4e854,Souleymane DIALLO,"DIALLO, Souleymane",,,,unknown,unknown,,,Assemblée Nationale,2,,,,
ecf709c6-fae6-4a23-a1e3-a392055819bb,T. Abel LOMPO,"LOMPO, T. Abel",,,,unknown,unknown,,,Assemblée Nationale,2,,,,
d9e77ff9-769d-439d-b98b-e05d6d4c1400,T. Patrice DIESSONGO,"DIESSONGO, T. Patrice",,,,unknown,unknown,,,Assemblée Nationale,2,,,,
cd25c6a2-b382-4ab4-b5fa-ab36f6bb2653,Tahr OUEDRAOGO,"OUEDRAOGO, Tahr",,,,unknown,unknown,,,Assemblée Nationale,2,,,,
537f384d-9b0f-4209-a373-f6b577e1c3e7,Talata KAFANDO,"KAFANDO, Talata",,,,unknown,unknown,,,Assemblée Nationale,2,,,,
2fec178b-85aa-45e6-9733-fbf6045747c2,Tampouraogo KAGON,"KAGON, Tampouraogo",,,,unknown,unknown,,,Assemblée Nationale,2,,,,
51adea23-7780-4018-b7a2-a3abbee2c681,Tenga SAWADOGO,"SAWADOGO, Tenga",,,,unknown,unknown,,,Assemblée Nationale,2,,,,
42e81225-3683-47eb-ad6c-30400005d24c,Tibo Michel OUDRAOGO,"OUDRAOGO, Tibo Michel",,,,unknown,unknown,,,Assemblée Nationale,2,,,,
ca6c5f7a-d4aa-4529-8a92-50d37b06820d,Tyba KOUENOU,"KOUENOU, Tyba",,,,unknown,unknown,,,Assemblée Nationale,2,,,,
de7a1ea1-9ad2-4b27-a096-12eed2f0641f,V. Yolande COMPAORE,"COMPAORE, V. Yolande",,,,unknown,unknown,,,Assemblée Nationale,2,,,,
addc7145-c00e-4bea-bf5a-20c2c67be0be,Xavier NIODOGO,"NIODOGO, Xavier",,,,unknown,unknown,,,Assemblée Nationale,2,,,,
83e250c0-6a77-4ac2-93a2-9d619cffaed4,Y. Emile BONKOUNGOU,"BONKOUNGOU, Y. Emile",,,,unknown,unknown,,,Assemblée Nationale,2,,,,
6bb60022-cdea-4c70-adc2-4a7a3058941c,Y. Rigobert TINDANO,"TINDANO, Y. Rigobert",,,,unknown,unknown,,,Assemblée Nationale,2,,,,
faf85b18-6207-4d73-a144-127b4990a36f,Yamba Patrice IDANI,"IDANI, Yamba Patrice",,,,unknown,unknown,,,Assemblée Nationale,2,,,,
87f616d2-3ba9-4224-9295-6caf7037b45b,Youssouf SANGAR,"SANGAR, Youssouf",,,,unknown,unknown,,,Assemblée Nationale,2,,,,
501eef0c-a31f-49ef-8b18-d6f79331afae,Zourkaleyni KARIMOUN,"KARIMOUN, Zourkaleyni",,,,unknown,unknown,,,Assemblée Nationale,2,,,,
4ef24edb-cb68-4725-8c5b-85a5a4e0f673,souleymane ZIBAR,"ZIBAR, souleymane",,,,unknown,unknown,,,Assemblée Nationale,2,,,,
