id,name__fr,name__de,name__nb,name__da,name__nn,name__sv,name__en,name,wikipedia__de,wikipedia__fr,gender,birth_date,given_name,name__it,original_wikiname,name__hu,last_seen,family_name,name__pl,wikipedia__pl,twitter
Q16666634,Nivaleta Iloai,,,,,,Nivaleta Iloai,Nivaleta Iloai,,Nivaleta Iloai,female,,,Nivaleta Iloai,Nivaleta Iloai,,,,,,
Q16677532,Sosefo Suve,,,,,,Sosefo Suve,Sosefo Suve,,Sosefo Suve,male,,,Sosefo Suve,Sosefo Suve,,,,,,
Q3018926,David Vergé,David Vergé,David Vergé,David Vergé,David Vergé,David Vergé,David Vergé,David Vergé,David Vergé,David Vergé,male,1972-01-10,David,,David Vergé,David Vergé,,,,,
Q16669591,Petelo Hanisi,,,,,,Petelo Hanisi,Petelo Hanisi,,Petelo Hanisi,male,,Petelo,Petelo Hanisi,Petelo Hanisi,,,,,,
Q3556407,Vetelino Nau,,,,,,Vetelino Nau,Vetelino Nau,,Vetelino Nau,male,,,Vetelino Nau,Vetelino Nau,,,,,,
Q20029497,Mikaele Kulimoetoke,,,,,,,Mikaele Kulimoetoke,,Mikaele Kulimoetoke,male,,,,Mikaele Kulimoetoke,,,,Mikaele Kulimoetoke,Mikaele Kulimoetoke,
