id,name__en,name__ar,name__es,name__de,name__fr,name__nl,name,wikipedia__ar,wikipedia__en,gender,original_wikiname,name__pl,wikipedia__de,wikipedia__fr,wikipedia__pl,birth_date,identifier__freebase,given_name,name__it,name__ja,wikipedia__ja,image,identifier__VIAF,name__he,wikipedia__he,death_date,name__mg,wikipedia__mg,name__zh_hans,name__zh_hant,name__zh_hk,name__zh_cn,name__zh_sg,name__zh_tw,name__yo,name__ms,name__id,name__el,name__sv,name__pt,name__ru,name__tr,name__ca,name__fi,name__nn,name__frp,name__bg,name__nb,name__zh,name__pam,name__scn,wikipedia__bg,wikipedia__ca,wikipedia__commons,wikipedia__el,wikipedia__es,wikipedia__fi,wikipedia__frp,wikipedia__id,wikipedia__it,wikipedia__itwikiquote,wikipedia__ms,wikipedia__nl,wikipedia__nn,wikipedia__no,wikipedia__pam,wikipedia__pt,wikipedia__ru,wikipedia__scn,wikipedia__simple,wikipedia__sv,wikipedia__tr,wikipedia__yo,wikipedia__zh,identifier__SUDOC,identifier__Munzinger,name__yi,name__hy,name__la,name__sl,name__fa,wikipedia__fa,wikipedia__hy,wikipedia__la,wikipedia__sl,wikipedia__yi,identifier__ISNI,identifier__GND,identifier__LCAuth,identifier__BNF,identifier__NLI,name__arz,name__cs,wikipedia__arz,name__oc,name__gl,name__io,name__sh,name__hu,name__et,name__pt_br,wikipedia__cs,wikipedia__et,wikipedia__gl,wikipedia__hu,wikipedia__io,wikipedia__oc,wikipedia__sh,website,name__eu,name__eo,name__th,wikipedia__eo,wikipedia__eu,wikipedia__th,name__cy,wikipedia__cy,wikipedia__enwikiquote,identifier__IMDB,name__br,wikipedia__br,family_name,name__en_ca,name__en_gb,name__ko,name__vi,name__uk,name__ie,wikipedia__ie,wikipedia__ko,wikipedia__uk,wikipedia__vi,identifier__NNDB,wikipedia__ro,wikipedia__trwikiquote,name__ro,wikipedia__frwikinews,wikipedia__arwikiquote,wikipedia__fawikiquote,name__da,identifier__FAST,identifier__GTAA,facebook,last_seen,identifier__Britannica,name__lt,wikipedia__mzn,name__mzn,name__ast,name__my,wikipedia__ast,wikipedia__my,name__ga,name__hi,name__jv,wikipedia__da,wikipedia__ga,wikipedia__hi,wikipedia__jv,wikipedia__plwikiquote,name__ps,name__ckb,wikipedia__ckb,wikipedia__ps,name__af,name__ka,wikipedia__af,wikipedia__ka,identifier__NTA,identifier__NLAtrove,name__sco,wikipedia__sco,name__tg_latn,name__tg,wikipedia__tg,identifier__OLID,identifier__GNC,identifier__BAV,identifier__CTHS,wikipedia__ptwikiquote,identifier__NUKAT,wikipedia__be_x_old,name__be_tarask
Q3349997,Okab Sakr,عقاب صقر,Okab Sakr,Okab Sakr,Okab Sakr,Okab Sakr,Okab Sakr,عقاب صقر,Okab Sakr,male,عقاب صقر,,,Okab Sakr,,1975-10-02,,,Okab Sakr or Oakab Saker,,,https://upload.wikimedia.org/wikipedia/commons/e/e2/Okab_Sakr.JPG,,,,,,,,,,,,,,,,,,,,,,,,,,,,,,,,,,,,,,,,,,,,,,,,,,,,,,,,,,,,,,,,,,,,,,,,,,,,,Okab Sakr,,,,,,,,,,,,,,,,,,,,,,,,,,,,,,,,,,,,,,,,,,,,,,,,,,,,,,,,,,,,,,,,,,,,,,,,,,,,,,,,,,,,
Q3420579,Raya Haffar Al Hassan,ريا الحفار الحسن,Raya Haffar Al Hassan,Raya Haffar Al Hassan,Raya Haffar al-Hassan,Raya Haffar Al Hassan,Raya Haffar Al Hassan,ريا الحفار الحسن,Raya Haffar Al Hassan,female,Raya Haffar Al Hassan,Raja Haffar al-Hassan,,Raya Haffar al-Hassan,Raja Haffar al-Hassan,1967-01,/m/0b6ml4r,,,,,,,,,,,,,,,,,,,,,,,,,,,,,,,,,,,,,,,,,,,,,,,,,,,,,,,,,,,,,,,,,,,,,,,,,,,,,,,,,,,,,,,,,,,,,,,,,,,,,,,,,,,,,,,,,,,,,,,,,,,,,,,,,,,,,,,,,,,,,,,,,,,,,,,,,,,,,,,,,,,,,,
Q363392,Michel Aoun,ميشال عون,Michel Aoun,Michel Aoun,Michel Aoun,Michel Aoun,Michel Aoun,ميشال عون,Michel Aoun,male,ميشال عون,Michel Aoun,Michel Aoun,Michel Aoun,Michel Aoun,1933-09-30,/m/03dz1z,Michel,Michel Aoun,ミシェル・アウン,,https://upload.wikimedia.org/wikipedia/commons/2/25/Aoun.jpg,97057508,מישל עאון,מישל עאון,,,,,,,,,,Michel Aoun,,,,Michel Aoun,Michel Aoun,Мишель Наим Аун,,,Michel Aoun,,,,Michel Aoun,,,,,,Category:Michel Aoun,,Michel Aoun,Michel Aoun,,,Michel Aoun,,,Michel Aoun,,Michel Aoun,,Michel Aoun,"Аун, Мишель Наим",,,Michel Aoun,,Michel Aoun,,034488863,00000019233,מישעל אאון,Միշել Աուն,Michael Aoun,Michel Aun,میشل عون,میشل عون,Միշել Աուն,Michael Aoun,Michel Aun,מישעל אאון,0000 0000 6936 4276,119042843,n2006028505,125240209,000256432,,,,,,,,Michel Aoun,,,,,,,,,,,,,,,,,,,,,,,,,,,,,,,,,,,,,,Catégorie:Michel Aoun,,,,,,,,,,,,,,,,,,,,,,,,,,,,,,,,,,,,,,,,,,,,,,
Q16012442,Adnan al-Hakim,عدنان الحكيم,,,,,Adnan al-Hakim,عدنان الحكيم,Adnan al-Hakim,male,Adnan al-Hakim,,,,,,,Adnan,,,,,,,,1990-05-26,,,,,,,,,,,,,,,,,,,,,,,,,,,,,,,,,,,,,,,,,,,,,,,,,,,,,,,,,,,,,,,,,,,,,,,,,,,,,,,,,,,,,,,,,,,,,,,,,,,,,,,,,,,,,,,,,,,,,,,,,,,,,,,,,,,,,,,,,,,,,,,,,,,,,,,,,,,,,
Q2856820,Antoine Zahra,أنطوان زهرا,Antoine Zahra,Antoine Zahra,Antoine Zahra,Antoine Zahra,Antoine Zahra,أنطوان زهرا,Antoine Zahra (legislator),male,أنطوان زهرا,,,Antoine Zahra,,1956,/m/026_32m,Antoine,Antoine Zahra,,,,,,,,,,,,,,,,,,,,,,,,,,,,,,,,,,,,,,,,,,,,,,,,,,,,,,,,,,,,,,,,,,,,,,,,,,,,,,,,,,,,,,,,,,,,,,,,,,,,,,,,,,,,,,,,,,,,,,,,,,,,,,,,,,,,,,,,,,,,,,,,,,,,,,,,,,,,,,,,,,,,
Q4695381,Ahmad Karami,أحمد كرامي,Ahmad Karami,Ahmad Karami,Ahmad Karami,Ahmad Karami,Ahmad Karami,أحمد كرامي,Ahmad Karami,male,أحمد كرامي,Ahmad Karami,,,Ahmad Karami,1944-08-29,,Ahmad,,,,,,,,,,,,,,,,,,,,,,,,,,,,,,,,,,,,,,,,,,,,,,,,,,,,,,,,,,,,,,,,,,,,,,,,,,,,,,,,,,,,,,,,,,,,,,,,,,,,,,,,,,,,,,,,,,,,,,,,,,,,,,,,,,,,,,,,,,,,,,,,,,,,,,,,,,,,,,,,,,,,,
Q443943,Hamid Beik Frangieh,حميد فرنجيّة,Hamid Beik Frangieh,Hamid Frangieh,Hamid Frangié,Hamid Beik Frangieh,Hamid Beik Frangieh,حميد فرنجية,Hamid Beik Frangieh,male,Hamid Beik Frangieh,,Hamid Frangieh,Hamid Frangié,,1907-08-06,/m/0842rr,Hamid,,,,,68811586,,,1981-09-05,,,,,,,,,,,,,,,,,,,,,,,,,,,,,,,,,,,,,,,,,,,,,,,,,,,,,,,,,,,,,,,,124516362,,,,,,,,,Hamid Beik Frangieh,,,,,,,,,,,,,,,,,,,,,,,,,,,,,,,,,,,,,,,,,,,,,,,,,,,,,,,,,,,,,,,,,,,,,,,,,,,,,,,,,,,,
Q12249076,Nawwaf Moussawi,نواف الموسوي,,Nawwaf Moussawi,,,Nawwaf Moussawi,نواف الموسوي,Nawwaf Moussawi,male,نواف الموسوي,,,,,,,,,,,,,,,,,,,,,,,,,,,,,,,,,,,,,,,,,,,,,,,,,,,,,,,,,,,,,,,,,,,,,,,,,,,,,,,,,,,,,,,,,,,,,,,,,,,,,,,,,,,,,,,,,,,,,,,,,,,,,,,,,,,,,,,,,,,,,,,,,,,,,,,,,,,,,,,,,,,,,,,,,,,,
Q20411433,,جان أوغاسبيان,,,,,جان أوغاسبيان,جان أوغاسبيان,,male,جان أوغاسبيان,,,,,,,,,,,,,,,,,,,,,,,,,,,,,,,,,,,,,,,,,,,,,,,,,,,,,,,,,,,,,,,,,,,,,,,,,,,,,,,,,,,,,,,,,,,,,,,,,,,,,,,,,,,,,,,,,,,,,,,,,,,,,,,,,,,,,,,,,,,,,,,,,,,,,,,,,,,,,,,,,,,,,,,,,,,,
Q527870,Gebran Tueni,جبران غسان تويني,Gibran Tueni,Gebran Tueni,Gébrane Tuéni,Gebran Tueni,Gebran Tueni,جبران غسان تويني,Gebran Tueni,male,Gebran Tueni,Gebran Tueni,Gebran Tueni,Gébrane Tuéni,Gebran Tueni,1957-09-17,/m/099b3l,,Gebran Tueni,,,,7509806,ג'בראן תוויני,ג'בראן תוויני,2005-12-12,,,,,,,,,,,,,,,,,,,,,,,,Gibran Tueni,,,,,,Gibran Tueni,,,,,,,Gebran Tueni,,,Gibran Tueni,,,,,,,,,094326517,,,,,,جبران توینی,جبران توینی,,,,,,,,12643230h,,,,,,,,,Gibran Tueni,,,,,,,,,,,,,,,,,Gebran Tueni,,Gebran Tueni,,,,,,,,,,,,,,,,,,,,,,,,,,,,,,,,,,,,,,,,,,,,,,,,,,,,,,,,,,,,,,,,,
Q378415,Arthur Nazarian,أرثور نزاريان,,Arthur Nazarian,Arthur Nazarian,Arthur Nazarian,Arthur Nazarian,أرثور نزاريان,Arthur Nazarian,male,أرثور نزاريان,Artur Nazarian,,Arthur Nazarian,Artur Nazarian,1951,/m/064k2_y,Arthur,,,,,,,,,,,,,,,,,,,,,,,,,,,,,,,,,,,,,,,,,,,,,,,,,,,,,,,,,,,,,,,,,,,,,,,,,,,,,,,,,,,,,,,,,,,,,,,,,,,,,,,,,,,,,,,,,,,,,,,,,,,,,,,,,,,,,,,,,,,,,,,,,,,,,,,,,,,,,,,,,,,,,
Q2912332,Abdelmajid Saleh,عبد المجيد صالح,Abdelmajid Saleh,Abdelmajid Saleh,Abdelmajid Saleh,Abdelmajid Saleh,Abdelmajid Saleh,عبد المجيد صالح,Abdelmajid Saleh,male,عبد المجيد صالح,,,,,1948,,Abdul Majid,,,,,,,,,,,,,,,,,,,,,,,,,,,,,,,,,,,,,,,,,,,,,,,,,,,,,,,,,,,,,,,,,,,,,,,,,,,,,,,,,Abdelmajid Saleh,,,,,,,,,,,,,,,,,,,,,,,,,,,,,,,,,,,,,,,,,,,,,,,,,,,,,,,,,,,,,,,,,,,,,,,,,,,,,,,,,,,,
Q7404568,Salim Lahoud,سليم لحود,,Salim Lahoud,,Salim Lahoud,Salim Lahoud,سليم لحود,Salim Lahoud,male,Salim Lahoud,,,,,,,Salim,,,,,,,,,,,,,,,,,,,,,,,,,,,,,,,,,,,,,,,,,,,,,,,,,,,,,,,,,,,,,,,,,,,,,,,,,,,,,,,,,,,,,,,,,,,,,,,,,,,,,,,,,,,,,,,,,,,,,,,,,,,,,,,,,,,,,,,,,,,,,,,,,,,,,,,,,,,,,,,,,,,,,
Q3066903,Farid Makari,فريد مكاري,,Farid Makari,Farid Makari,Farid Makari,Farid Makari,فريد مكاري,Farid Makari,male,فريد مكاري,Farid Makari,,Farid Makari,Farid Makari,1947,/m/0glsmfn,Farid,,,,,,,,,Farid Makari,Farid Makari,,,,,,,,,,,,,,,,,,,,,,,,,,,,,,,,,,,,,,,,,,,,,,,,,,,,,,,,,,,,,,,,,,,,,,,,,,,,,,,,,,,,,,,,,,,,,,,,,,,,,,,,,,,,,,,,,,,,,,,,,,,,,,,,,,,,,,,,,,,,,,,,,,,,,,,,,,,
Q16125550,Ghassan Moukheiber,غسان مخيبر,,,Ghassan Moukheiber,Ghassan Moukheiber,Ghassan Moukheiber,غسان مخيبر,,male,غسان مخيبر,Ghassan Muchajber,,Ghassan Moukheiber,Ghassan Muchajber,1958-12-08,,Ghassan,,,,,305213373,,,,,,,,,,,,,,,,,,Гассан Мухейбир,,,,,,,,,,,,,,,,,,,,,,,,,,,Гассан Мухейбир,,,,,,,,,,,,,,,,,,,,,,,,,,,,,,,,,,,,,,,,,,,,,,,,,,,,,,,,,,,,,,,,,,,,,,,,,,,,,,,,,,,,,,,,,,,,,,,,,,,,,,,,,,,,,,,,,,,
Q16123722,,عمار حوري,,,,,عمار حوري,عمار حوري,,male,عمار حوري,,,,,,,,,,,,,,,,,,,,,,,,,,,,,,,,,,,,,,,,,,,,,,,,,,,,,,,,,,,,,,,,,,,,,,,,,,,,,,,,,,,,,,,,,,,,,,,,,,,,,,,,,,,,,,,,,,,,,,,,,,,,,,,,,,,,,,,,,,,,,,,,,,,,,,,,,,,,,,,,,,,,,,,,,,,,
Q2829137,Akram Chehayeb,أكرم شهيب,Akram Chehayeb,Akram Chehayeb,Akram Chehayeb,Akram Chehayeb,Akram Chehayeb,أكرم شهيب,Akram Chehayeb,male,أكرم شهيب,Akram Szihajeb,,Akram Chehayeb,Akram Szihajeb,1947-10-17,/m/0qfv34l,,,,,,,,,,,,,,,,,,,,,,,,,,,,,,,,,,,,,,,,,,,,,,,,,,,,,,,,,,,,,,,,,,,,,,,,,,,,,,,,,,,,,,,,,,,,,,,,,,,,,,,,,,,,,,,,,,,,,,,,,,,,,,,,,,,,,,,,,,,,,,,,,,,,,,,,,,,,,,,,,,,,,,
Q2912345,Yassine Jaber,ياسين جابر,Yassine Jaber,Yassine Jaber,Yassine Jaber,Yassine Jaber,Yassine Jaber,ياسين جابر,Yassine Jaber,male,ياسين جابر,,,Yassine Jaber,,1951,,Yassine,,,,,,,,,,,,,,,,,,,,,,,,,,,,,,,,,,,,,,,,,,,,,,,,,,,,,,,,,,,,,,,,,,,,,,,,,,,,,,,,,Yassine Jaber,,,,,,,,,,,,,,,,,,,,,,,,,,,,,,,,,,,,,,,,,,,,,,,,,,,,,,,,,,,,,,,,,,,,,,,,,,,,,,,,,,,,
Q3196103,Khatchig Babikian,,Khatchig Babikian,Khatchig Babikian,Khatchig Babikian,Khatchig Babikian,Khatchig Babikian,,Khatchig Babikian,male,Khatchig Babikian,,,Khatchig Babikian,,1924,,,,,,,,,,1999,,,,,,,,,,,,,,,,,,,,,,,,,,,,,,,,,,,,,,,,,,,,,,,,,,,,,,,,,,,,,,,,,,,,,,,,,Khatchig Babikian,,,,,,,,,,,,,,,,,,,,,,,,,,,,,,,,,,,,,,,,,,,,,,,,,,,,,,,,,,,,,,,,,,,,,,,,,,,,,,,,,,,,
Q12231993,Kassem Hachem,قاسم هاشم,,Kassem Hachem,Kassem Hachem,Kassem Hachem,Kassem Hachem,قاسم هاشم,,male,قاسم هاشم,,,Kassem Hachem,,1960,,,,,,,,,,,,,,,,,,,,,,,,,,,,,,,,,,,,,,,,,,,,,,,,,,,,,,,,,,,,,,,,,,,,,,,,,,,,,,,,,,,,,,,,,,,,,,,,,,,,,,,,,,,,,,,,,,,,,,,,,,,,,,,,,,,,,,,,,,,,,,,,,,,,,,,,,,,,,,,,,,,,,,,
Q12252104,,يوسف خليل,,,,,يوسف خليل,يوسف خليل,,male,يوسف خليل,,,,,1977-07-25,,,,,,,,,,,,,,,,,,,,,,,,,,,,,,,,,,,,,,,,,,,,,,,,,,,,,,,,,,,,,,,,,,,,,,,,,,,,,,,,,,,,,,,,,,,,,,,,,,,,,,,,,,,,,,,,,,,,,,,,,,,,,,,,,,,,,,,,,,,,,,,,,,,,,,,,,,,,,,,,,,,,,,,
Q7678838,Talal El Merhebi,,,Talal El Merhebi,Talal El Merhebi,,Talal El Merhebi,,Talal El Merhebi,male,Talal El Merhebi,,,,,1946,,,Talal El Merhebi,,,https://upload.wikimedia.org/wikipedia/commons/f/f4/Talal_El_Merhebi.jpg,,,,,,,,,,,,,,,,,,,,,,,,,,,,,,,,,,,,,,,,,,,,,,,,,,,,,,,,,,,,,,,,,,,,,,,,,,,,,,,,,,,,,,,,,,,,,,,,,,,,,,,,,,,,,,,,,,,,,,,,,,,,,,,,,,,,,,,,,,,,,,,,,,,,,,,,,,,,,,,,,
Q2943715,Hussein Moussawi,حسين الموسوي,Hussein Moussawi,Hussein Moussawi,,Hussein Moussawi,Hussein Moussawi,حسين الموسوي (نائب),Hussein Moussawi,male,Hussein Moussawi,,,,,1943,,Hussein,,,,,,,,,,,,,,,,,,,,,,,,,,,,,,,,,,,,,,,,,,,,,,,,,,,,,,,,,,,,,,,,,,,,,,,,,,,,,,,,,,,,,,,,,,,,,,,,,,,,,,,,,,,,,,,,,,,,,,,,,,,,,,,,,,,,,,,,,,,,,,,,,,,,,,,,,,,,,,,,,,,,,
Q5360703,Elie Frizli,,,Elie Frizli,Elie Frizli,Elie Frizli,Elie Frizli,,Elie Ferzli,male,Elie Ferzli,,,,,,,Elie,Elie Frizli,,,,,,,,,,,,,,,,,,,,,,,,,,,,,,,,,,,,,,,,,,,,,,,,,,,,,,,,,,,,,,,,,,,,,,,,,,,,,,,,,,,,,,,,,,,,,,,,,,,,,,,,,,,,,,,,,,,,,,,,,,,,,,,,,,,,,,,,,,,,,,,,,,,,,,,,,,,,,,,,,,,,
Q314263,Fouad Siniora,فؤاد السنيورة,Fuad Siniora,Fuad Siniora,Fouad Siniora,Fouad Siniora,Fouad Siniora,فؤاد السنيورة,Fouad Siniora,male,فؤاد السنيورة,Fouad Siniora,Fuad Siniora,Fouad Siniora,Fouad Siniora,1943-04-14,/m/06v1zk,Fouad,Fouad Siniora,フアード・シニオラ,フアード・シニオラ,https://upload.wikimedia.org/wikipedia/commons/9/94/Fouad_Sinora.jpg,205003269,פואד סניורה,פואד סניורה,,,,福阿德·西尼乌拉,福阿德·西尼烏拉,福阿德·西尼烏拉,福阿德·西尼乌拉,福阿德·西尼乌拉,福阿德·西尼烏拉,Fouad Siniora,Fouad Siniora,Fouad Siniora,Φουάτ Σινιόρα,Fouad Siniora,Fuad Siniora,"Синьора, Фуад",Fuad Sinyora,Fouad Siniora,Fuad Siniora,Fouad Siniora,Fouad Siniora,Фуад Синиора,Fouad Siniora,福阿德·西尼乌拉,Fouad Siniora,Fuad Siniora,Фуад Синиора,Fouad Siniora,Fouad Siniora,Φουάτ Σινιόρα,Fuad Siniora,Fuad Siniora,Fouad Siniora,Fouad Siniora,Fouad Siniora,Fouad Siniora,Fouad Siniora,Fouad Siniora,Fouad Siniora,Fouad Siniora,Fouad Siniora,Fuad Siniora,"Синьора, Фуад",Fuad Siniora,Fouad Siniora,Fouad Siniora,Fuad Sinyora,Fouad Siniora,福阿德·西尼乌拉,136682219,00000025815,,,,,فواد سنيوره,فؤاد سنیوره,,,,,,,,,,,,,,,,,Fuad Siniora,,,,,,,,,,http://www.fuadsiniora.com,,,,,,,,,,,,,,,,,,,,,,,,,,,,,فؤاد السنيورة,,,,,,,,Fuʼād al-Sinyūra,,,,,,,,,,,,,,,,,,,,,,,,,,,,,,,,,,,,,
Q6836399,Michel Georges Sassine,,Michel Georges Sassine,Michel Georges Sassine,Michel Georges Sassine,Michel Georges Sassine,Michel Georges Sassine,,Michel Georges Sassine,male,Michel Georges Sassine,,,,,1927-02-27,,Michel,Michel Georges Sassine,,,,,,,2014-08-02,,,,,,,,,,,,,,,,,,,,,,,,,,,,,,,,,,,,,,,,,,,,,,,,,,,,,,,,,,,,,,,,,,,,,,,,,Michel Georges Sassine,,,,,,,,,,,,,,,,,Michel Georges Sassine,,,,,,,,,,,,,,,,,,,,,,,,,,,,,,,,,,,,,,,,,,,,,,,,,,,,,,,,,,,,,,,,,,,
Q1250858,Dory Chamoun,دوري شمعون,Dory Chamoun,Dory Chamoun,Dory Chamoun,Dory Chamoun,Dory Chamoun,دوري شمعون,Dory Chamoun,male,دوري شمعون,Dory Szamun,Dory Chamoun,Dory Chamoun,Dory Szamun,1931-11-08,/m/05hf67,,,,,,,דורי שמעון,דורי שמעון,,,,,,,,,,,,,,,,Дори Шамун,,,,,,,,,,,,,,,,,,,,,,,,,,,,,,,,,,,,,,,,,,,,,,,,,,,,,,,,,,,,,,,,,,,,,Dory Chamoun,,,,,,,,,,,,,,,,,,,,,,,,,,,,,,,,,,,,,,,,,,,,,,,,,,,,,,,,,,,,,,,,,,,,,,,,,
Q984668,Amin al-Hafez,أمين الحافظ,Amin al-Hafiz,Amin al-Hafez,Amine Hafez,Amin al-Hafez,Amin al-Hafez,أمين الحافظ (لبنان),Amin al-Hafez (Lebanon),male,Amin al-Hafez (Lebanon),Amin Hafez,Amin al-Hafez,Amine Hafez,Amin al-Hafiz,1926-01-28,/m/06zlcxb,,,アミーン・アル＝ハーフィズ,,,289439149,,,2009-07-13,,,,,,,,,,,,,,,"Аль-Хафез, Амин",,,,,,,,,,,,,,,,,,,,,,,,,,,"Аль-Хафез, Амин (премьер-министр Ливана)",,,,,,,,,,,,,امین الحافظ,امین الحافظ (لبنان),,,,,,,,,,,,,,,,,Amin al-Hafiz,Amīn al-Ḩāfiz̧,,,Amīn al-Ḩāfiz̧ (Liibanoni poliitik),,,,,,,,,,,,,Amin al-Hafez,,,,,,,,,,,,,,,,,,,,,,,,,,,,,,,,,,,,,,,,,,,,,,,,,,,,,,,,,,,,,,,,,,,
Q19559894,Abdallah Ishak,عبد الله إسحق,,,,,Abdallah Ishak,عبد الله إسحق,Abdallah Ishak,male,Abdallah Ishak,,,,,,,Abdullah,,,,,,,,,,,,,,,,,,,,,,,,,,,,,,,,,,,,,,,,,,,,,,,,,,,,,,,,,,,,,,,,,,,,,,,,,,,,,,,,,,,,,,,,,,,,,,,,,,,,,,,,,,,,,,,,,,,,,,,,,,,,,,,,,,,,,,,,,,,,,,,,,,,,,,,,,,,,,,,,,,,,,
Q468909,Bahia Hariri,بهية الحريري,Bahia Hariri,Bahiya al-Hariri,Bahia Hariri,Bahia Hariri,Bahia Hariri,بهية الحريري,Bahia Hariri,female,بهية الحريري,Bahija Hariri,Bahiya al-Hariri,Bahia Hariri,Bahijja al-Hariri,1952-06-23,/m/031z9m,,,バヒーヤ・ハリーリー,バヒーヤ・ハリーリー,https://upload.wikimedia.org/wikipedia/commons/7/7f/BahiaHariri2.jpg,,,,,,,,,,,,,,,,,,,,,,,,,,,,,,,,,,,,,,,,,,,,,,,,,,,,,,,,,,,,,,,,,,,,,,,,,,,,,Bahia Hariri,,,,,,,,,,,,,,,,,,,,,,,,,,,,,,,,,,,,,,,,,,,,,,,,,,,,,,,,,,,,,,,,,,,,,,,,,,,,,,,,,,,,
Q467100,Pierre Gemayel,بيار الجميّل,Pierre Gemayel,Pierre Gemayel,Pierre Gemayel,Pierre Gemayel,Pierre Gemayel,بيار الجميل,Pierre Gemayel,male,Pierre Gemayel,Pierre Dżemajel,Pierre Gemayel,Pierre Gemayel,Pierre Dżumajjil,1905-11-06,/m/04sxtv,Pierre,Pierre Gemayel,,,,22953342,פייר ג'ומאייל,פייר ג'ומאייל,1984-08-29,,,,,,,,,,,,,Pierre Gemayel,Pierre Gemayel,"Жмайель, Пьер",Piyer Cemayel,Pierre Gemayel,Pierre Gemayel,,,,Pierre Gemayel,,Pierre Gemayel,,,Pierre Gemayel,,,Pierre Gemayel,Pierre Gemayel,,,Pierre Gemayel,,,Pierre Gemayel,,Pierre Gemayel,Pierre Gemayel,Pierre Gemayel,,,,Pierre Gemayel,Piyer Cemayil,,,028171594,00000014464,פיער זשומייעל,Պիեր Ժմայել,,,,,,,,פיער זשומייעל,,11951964X,n83153846,12006035j,,,Pierre Džamáíl,,,,,,Pierre Gemayel,,,,,,,,,,,,,,,,,,,,,,,,,,,,,,,,,,082/000111746,,,,,,,,116469,,,,,,,,Pierre Gemayel,ဂျာမားယယ်ပျဲ,Pierre Gemayel,ဂျာမားယယ်ပျဲ,,,,,,,,,,,,,,,,,,,,,,,,,,,,,,,
Q20423212,,محمد قباني,,,,,محمد قباني,محمد قباني,,male,محمد قباني,,,,,,,,,,,,,,,,,,,,,,,,,,,,,,,,,,,,,,,,,,,,,,,,,,,,,,,,,,,,,,,,,,,,,,,,,,,,,,,,,,,,,,,,,,,,,,,,,,,,,,,,,,,,,,,,,,,,,,,,,,,,,,,,,,,,,,,,,,,,,,,,,,,,,,,,,,,,,,,,,,,,,,,,,,,,
Q20409433,,عاطف مجدلاني,,,,,عاطف مجدلاني,عاطف مجدلاني,,male,عاطف مجدلاني,,,,,,,,,,,,,,,,,,,,,,,,,,,,,,,,,,,,,,,,,,,,,,,,,,,,,,,,,,,,,,,,,,,,,,,,,,,,,,,,,,,,,,,,,,,,,,,,,,,,,,,,,,,,,,,,,,,,,,,,,,,,,,,,,,,,,,,,,,,,,,,,,,,,,,,,,,,,,,,,,,,,,,,,,,,,
Q2853595,Antoine Andraos,أنطوان أندراوس,,Antoine Andraos,Antoine Andraos,Antoine Andraos,Antoine Andraos,أنطوان أندراوس,Antoine Andraos,male,Antoine Andraos,Antoine Andraos,,Antoine Andraos,Antoine Andraos,1950,,Antoine,,,,,,,,,Antoine Andraos,Antoine Andraos,,,,,,,,,,,,,,,,,,,,,,,,,,,,,,,,,,,,,,,,,,,,,,,,,,,,,,,,,,,,,,,,,,,,,,,,,,,,,,,,,,,,,,,,,,,,,,,,,,,,,,,,,,,,,,,,,,,,,,,,,,,,,,,,,,,,,,,,,,,,,,,,,,,,,,,,,,,
Q657217,Issam Abu Jamra,عصام أبو جمرا,Issam Abu Jamra,Issam Abu Jamra,Issam Abou Jamra,Issam Abu Jamra,Issam Abu Jamra,عصام أبو جمرا,Issam Abu Jamra,male,Issam Abu Jamra,Issam Abu Dżamra,,Issam Abou Jamra,Issam Abu Dżamra,1937-02-06,,Issam,,,,,,,,,,,,,,,,,,,,,,,,,,,,,,,,,,,,,,,,,,,,,,,,,,,,,,,,,,,,,,,,,,,,,,,,,,,,,,,,,Issam Abu Jamra,,,,,,,,,,,,,,,,,,,,,,,,,,,,,,,,,,,,,,,,,,,,,,,,,,,,,,,,,,,,,,,,,,,,,,,,,,,,,,,,,,,,
Q1605972,Henri Philippe Pharaoun,,Henri Philippe Pharaoun,Henri Pharaon,Henri Pharaon,Henri Philippe Pharaoun,Henri Philippe Pharaoun,,Henri Philippe Pharaoun,male,Henri Philippe Pharaoun,,Henri Pharaon,Henri Pharaon,,1901,/m/0911zs,Henri,,,,,2314940,,,1993-08-06,,,,,,,,,,,,,,,"Фараун, Анри-Филипп",,,,,,,,,,,,,,,,,,,,,,,,,,,"Фараун, Анри-Филипп",,,,,,,,,,,,,,,,,,,,,nr89012388,,,,,,,,,,,,,,,,,,,,,,,,,,,,,,,,,,,,,,,,,,,,,,,,,,,,,,,,,,,,,,,,,,,,,,,,,,,,,,,,,,,,,,,,,,,,,,
Q296771,Saad Hariri,سعد الدين الحريري,Saad Hariri,Saad Hariri,Saad Hariri,Saad Hariri,Saad Hariri,سعد الدين الحريري,Saad Hariri,male,سعد الدين الحريري,Saad Hariri,Saad Hariri,Saad Hariri,Sad al-Hariri,1970-04-18,/m/06fn7z,,Saad Hariri,サード・ハリーリー,サード・ハリーリー,https://upload.wikimedia.org/wikipedia/commons/b/b2/Hariri_in_April_2009.jpg,263267832,סעד אל-חרירי,סעד אל-חרירי,,,,萨阿德·哈里里,薩德·哈里里,薩德·哈里里,萨阿德·哈里里,萨阿德·哈里里,薩德·哈里里,Saad Hariri,Saad Hariri,Saad Hariri,Σαάντ Χαρίρι,Saad Hariri,,"Харири, Саад",Saad Hariri,,Saad Hariri,,,Саад Харири,Saad Hariri,萨阿德·哈里里,Saad Hariri,,Саад Харири,,,Σαάντ Χαρίρι,Saad Hariri,Saad Hariri,,Saad Hariri,Saad Hariri,,Saad Hariri,Saad Hariri,,Saad Hariri,Saad Hariri,,"Харири, Саад",,,Saad Hariri,Saad Hariri,Saad Hariri,萨阿德·哈里里,,00000026212,,Սաադ Հարիրի,,,سعد حریری,سعد حریری,,,,,,1020821612,no2008039236,,,,,,Saad Hariri,,Saad Hariri,,Saad Hariri,Sa‘d al-Ḩarīrī,,,Sa‘d al-Ḩarīrī,,,Saad Hariri,Saad Hariri,,,Saad Hariri,Saad Hariri,ซาอัด ฮาริรี,Saad Hariri,Saad Hariri,ซาอัด ฮาริรี,,,,,,,,,,,,,,,,,,,,,,,سعد الدين الحريري,سعد حریری,,,,,,,,سعدالدین حریری,سعدالدین حریری,,,,,,,,,,,,,,,,,,,,,,,,,,,,,,,,,,,
Q3536369,Trad Hamadeh,طراد حمادة,,Trad Hamadeh,Trad Hamadé,Trad Hamadeh,Trad Hamadeh,طراد حمادة,Trad Hamadeh,male,Trad Hamadeh,,,Trad Hamadé,,1950,/m/0fwqxf,,,,,,,,,,,,,,,,,,,,,,,,,,,,,,,,,,,,,,,,,,,,,,,,,,,,,,,,,,,,,,,,,,,,,,,,,,,,,,,,,,,,,,,,,,,,,,,,,,,,,,,,,,,,,,,,,,,,,,,,,,,,,,,,,,,,,,,,,,,,,,,,,,,,,,,,,,,,,,,,,,,,,,
Q16123912,Nohad Machnouk,نهاد المشنوق,,,,,Nohad Machnouk,نهاد المشنوق,Nohad Machnouk,male,نهاد المشنوق,,,,,,,,,,,,,,,,,,,努赫德·馬什努克,,努赫德·马什努克,,,,,,,,,,,,,,,,,,,,,,,,,,,,,,,,,,,,,,,,,,,,,,,,,,,,,,,,,,,,,,,,,,,,,,,,,,,,,,,,,,,,,,,,,,,,,,,,,,,,,,,,,,,,,,,,,,,,,,,,,,,,,,,,,,,,,,,,,,,,,,,,,,,,,,,
Q12198964,,بلال فرحات,,,,,بلال فرحات,بلال فرحات,,male,بلال فرحات,,,,,,,,,,,,,,,,,,,,,,,,,,,,,,,,,,,,,,,,,,,,,,,,,,,,,,,,,,,,,,,,,,,,,,,,,,,,,,,,,,,,,,,,,,,,,,,,,,,,,,,,,,,,,,,,,,,,,,,,,,,,,,,,,,,,,,,,,,,,,,,,,,,,,,,,,,,,,,,,,,,,,,,,,,,,
Q2094707,Selim al-Hoss,سليم الحص,Selim Hoss,Selim al-Hoss,Salim el-Hoss,Selim Ahmed al-Hoss,Selim al-Hoss,سليم الحص,Selim Hoss,male,Selim Hoss,Selim al-Hoss,Selim al-Hoss,Salim el-Hoss,Salim al-Huss,1929-12-20,/m/03_mq3,Selim,Selim al-Hoss,サリーム・アル＝ホス,,https://upload.wikimedia.org/wikipedia/commons/8/8b/Salim_el-Hoss_Axis_for_Peace_2005-11-17.jpg,54400130,סלים אל-חוס,סלים אל-חוס,,,,,,,,,,,,,,,Selim Hoss,"Хосс, Селим",,,,,,,,,,,,,Category:Salim el-Hoss,,,,,,Selim al-Hoss,,,Selim Ahmed al-Hoss,,,,Selim Hoss,"Хосс, Селим",,,,,,,168714825,,,,,,سلیم الحص,سلیم الحص,,,,,,,n82032514,14613541n,,,,,,,,,,,,,,,,,,,,,,,,,,,,,,,,,,,,,,,,,,,,,,,,,,,,,,,,,,,,,,,,,,,,,,,,,,,,,,,,,,,,,,,,,,,,,
Q2943744,Hani Kobeissy,هاني قبيسي,Hani Kobeissy,Hani Kobeissy,,Hani Kobeissy,Hani Kobeissy,هاني قبيسي,Hani Kobeissy,male,هاني قبيسي,,,,,1959,,Hani,,,,,,,,,,,,,,,,,,,,,,,,,,,,,,,,,,,,,,,,,,,,,,,,,,,,,,,,,,,,,,,,,,,,,,,,,,,,,,,,,,,,,,,,,,,,,,,,,,,,,,,,,,,,,,,,,,,,,,,,,,,,,,,,,,,,,,,,,,,,,,,,,,,,,,,,,,,,,,,,,,,,,
Q3335282,Najah Wakim,نجاح واكيم,Najah Wakim,Najah Wakim,Najah Wakim,Najah Wakim,Najah Wakim,نجاح واكيم,Najah Wakim,male,Najah Wakim,,,Najah Wakim,,1946,,,,,,,118512592,,,,,,,,,,,,,,,,,,,,,,,,,,,,,,,,,,,,,,,,,,,,,,,,,,,,,,,,,,,,,,,,,,,,,,,,,,,,Najah Wakim,,,,,,,,,,,,,,,,,,,,,,,,,,,,,,,,,,,,,,,,,,,,,,,,,,,,,,,,,,,,,,,,,,,,,,,,,,,,,,,,,,,,
Q3340312,Nicolas Fattouche,نقولا فتوش,,,Nicolas Fattouche,Nicolas Fattouche,Nicolas Fattouche,نقولا فتوش,,male,نقولا فتوش,Nicolas Fattusz,,Nicolas Fattouche,Nicolas Fattusz,1943,,Nicolas,,,,,,,,,,,,,,,,,,,,,,,,,,,,,,,,,,,,,,,,,,,,,,,,,,,,,,,,,,,,,,,,,,,,,,,,,,,,,,,,,,,,,,,,,,,,,,,,,,,,,,,,,,,,,,,,,,,,,,,,,,,,,,,,,,,,,,,,,,,,,,,,,,,,,,,,,,,,,,,,,,,,,
Q3318951,Mohammad Raad,محمد رعد,,Mohammad Raad,Mohammad Raad,Mohammad Raad,Mohammad Raad,محمد رعد,Mohammad Raad,male,محمد رعد,Mohammad Raad,,Mohammad Raad,Mohammad Raad,1955-01-01,/m/080njhy,Mohammad,,,,,,,,,,,,,,,,,,,,,,,,,,,,,,,,,,,,,,,,,,,,,,,,,,,,,,,,,,,,,,,,,,,,,,,,,,,,,,,,,,,,,,,,,,,,,,,,,,,,,,,,,,,,,,,,,,,,,,,,,,,,,,,,,,,,,,,,,,,,,,,,,,,,,,,,,,,,,,,,,,,,,
Q2915518,Suleiman Frangieh,سليمان طوني فرنجيّة,"Suleiman Frangieh, Jr.",Suleiman Frangieh,Soleimane Frangié Jr,"Suleiman Frangieh, Jr.",Suleiman Frangieh,سليمان طوني فرنجية,Suleiman Frangieh Jr.,male,سليمان طوني فرنجيّة,Sulajman Tony Farandżijja,,Soleimane Frangié Jr,Sulajman Tony Farandżijja,1965-10-18,/m/0b42j6,,,,,https://upload.wikimedia.org/wikipedia/commons/6/6f/Sleiman_Frangieh_2.jpg,,סולימאן פרנג'יה הבן,סולימאן פרנג'יה הבן,,,,,,,,,,,,,,,,,,,,,,,,,,,,,,,,,,,,,,,,,,,,,,,,,,,,,,Suleiman Frangieh,,,,,Suleiman Frangieh (iunior),,,,,,,,,,,,,,,,,,,,,,,,,,,,,,,,,,,,,,,,,,,,,,,,,,,,,,,,,,,,,,,,,,,,,,,,,,,,,,,,,,,,,,,,,,,,,,,,,,,
Q2836246,Ali Hassan Khalil,علي حسن خليل,,Ali Hassan Khalil,Ali Hassan Khalil,Ali Hassan Khalil,Ali Hassan Khalil,علي حسن خليل,Ali Hassan Khalil,male,علي حسن خليل,Ali Hassan Chalil,,Ali Hassan Khalil,Ali Hassan Chalil,1964,/m/080dqmc,Ali,,,,,,,,,,,,,,,,,,,,,,,,,,,,,,,,,,,,,,,,,,,,,,,,,,,,,,,,,,,,,,,,,,,,,,,,,,,,,,,,,,,,,,,,,,,,,,,,,,,,,,,,,,,,,,,,,,,,,,,,,,,,,,,,,,,,,,,,,,,,,,,,,,,,,,,,,,,,,,,,,,,,,
Q3066881,Farid Elias Khazen,فريد إلياس الخازن,,,Farid Elias Khazen,Farid Elias Khazen,Farid Elias Khazen,فريد إلياس الخازن,Farid Elias Khazen,male,فريد إلياس الخازن,Farid Elias al-Khazen,,Farid Elias Khazen,Farid Elias al-Khazen,,,Farid,,,,,,,,,,,,,,,,,,,,,,,,,,,,,,,,,,,,,,,,,,,,,,,,,,,,,,,,,,,,,,,,,,,,,,,,,,,,,,,,,,,,,,,,,,,,,,,,,,,,,,,,,,,,,,,,,,,,,,,,,,,,,,,,,,,,,,,,,,,,,,,,,,,,,,,,,,,,,,,,,,,,,
Q2655676,Majid Arslan,مجيد أرسلان,Majid Arslan,Madschid Arslan,Magid Arslane,,Majid Arslan,مجيد أرسلان,Majid Arslan,male,Majid Arslan,,Madschid Arslan,Magid Arslane,,1908-02,/m/0bpdh2,,,,,,238828565,מג'יד ארסלן,מג'יד ארסלן,1983-09-18,,,,,,,,,,,,,,,,,,,,,,,,,,,,Category:Majid Arslan,,,,,,,,,,,,,,,,,,,,,,,,,,,,,,,,,,,,16250941f,,,,,,,,,,,,,,,,,,,,,,,,,,,,,,,,,,,,,,,,,,,,,,,,,,,,,,,,,,,,,,,,,,,,,,,,,,,,,,,,,,,,,,,,,,,,,
Q12214805,,زياد أسود,,,,,زياد أسود,زياد أسود,,male,زياد أسود,,,,,1968,,,,,,,,,,,,,,,,,,,,,,,,,,,,,,,,,,,,,,,,,,,,,,,,,,,,,,,,,,,,,,,,,,,,,,,,,,,,,,,,,,,,,,,,,,,,,,,,,,,,,,,,,,,,,,,,,,,,,,,,,,,,,,,,,,,,,,,,,,,,,,,,,,,,,,,,,,,,,,,,,,,,,,,
Q15257863,Sobhi Mahmassani,صبحي محمصاني,,Sobhi Mahmassani,,,Sobhi Mahmassani,صبحي محمصاني,Sobhi Mahmassani,male,Sobhi Mahmassani,,,,,,,,,,,,40689504,,,1986-09-10,,,,,,,,,,,,,,,,,,,,,,,,,,,,,,,,,,,,,,,,,,,,,,,,,076511553,,,,,,,,,,,,,,n81023113,,,,,,,,,,,,,,,,,,,,,,,,,,,,,,,,,,,,,,,,,,,,,,,,,,,,,,,,,,,,,,,,,,,,,,,,,,,,,,,,,,,,,,,,,,,,,,
Q715656,Michel Pharaon,ميشال فرعون,Michel Pharaon,Michel Pharaon,Michel Pharaon,Michel Pharaon,Michel Pharaon,ميشال فرعون,Michel Pharaon,male,ميشال فرعون,Michel Faraon,Michel Pharaon,Michel Pharaon,Michel Faraon,1959,/m/0fspmb,Michel,,,,,,,,,,,,,,,,,,,,,,,,,,,,,,,,,,,,,,,,,,,,,,,,,,,,,,,,,,,,,,,,,,,,,,,,,,,,,,,,,,,,,,,,,,,,,,,,,,,,,,,,,,,,,,,,,,,,,,,,,,,,,,,,,,,,,,,,,,,,,,,,,,,,,,,,,,,,,,,,,,,,,
Q3435215,Robert Ghanem,روبير إسكندر غانم,,Robert Ghanem,Robert Ghanem,Robert Ghanem,Robert Ghanem,روبير إسكندر غانم,Robert Ghanem,male,روبير إسكندر غانم,Robert Ghanem,,Robert Ghanem,Robert Ghanem,1942,,Robert,,,,,,,,,,,,,,,,,,,,,,,,,,,,,,,,,,,,,,,,,,,,,,,,,,,,,,,,,,,,,,,,,,,,,,,,,,,,,,,,,,,,,,,,,,,,,,,,,,,,,,,,,,,,,,,,,,,,,,,,,,,,,,,,,,,,,,,,,,,,,,,,,,,,,,,,,,,,,,,,,,,,,
Q2943507,Hassan Fadlallah,حسن فضل الله,Hassan Fadlallah,Hassan Fadlallah,Hassan Fadlallah,Hassan Fadlallah,Hassan Fadlallah,حسن فضل الله,Hassan Fadlallah,male,حسن فضل الله,,,Hassan Fadlallah,,1967,/m/0808dzl,Hassan,,,,,44199474,,,,,,,,,,,,,,,,,,,,,,,,,,,,,,,,,,,,,,,,,,,,,,,,,,,,,,,,,,,,,,,,,,,,,,,,,,,,,,,,,,,,,,,,,,,,,,,,,,,,,,,,,,,,,,,,,,,,,,,,,,,,,,,,,,,,,,,,,,,,,,,,,,,,,,,,,,,,,,,,
Q318493,Najib Mikati,نجيب ميقاتي,Najib Mikati,Nadschib Miqati,Najib Mikati,Najib Mikati,Najib Mikati,نجيب ميقاتي,Najib Mikati,male,نجيب ميقاتي,Nadżib Mikati,Nadschib Miqati,Najib Mikati,Nadżib Mikati,1955-11-24,/m/05sstd,,Najib Mikati,ナジーブ・ミーカーティー,ナジーブ・ミーカーティー,https://upload.wikimedia.org/wikipedia/commons/2/23/Miktai.jpg,,נג'יב מיקאתי,נג'יב מיקאתי,,,,纳吉布·米卡提,納吉布·米卡提,納吉布·米卡提,纳吉布·米卡提,纳吉布·米卡提,納吉布·米卡提,,Najib Mikati,Najib Mikati,,,Najib Mikati,"Микати, Наджиб",Necip Mikati,Najib Mikati,Najib Mikati,,,,,納吉布·米卡提,Najib Mikati,,,Najib Mikati,,,Najib Mikati,Najib Mikati,,Najib Mikati,Najib Mikati,,Najib Mikati,Najib Mikati,,,Najib Mikati,,"Микати, Наджиб",,,,Necip Mikati,,納吉布·米卡提,,,,,,,نجیب میقاتی,نجیب میقاتی,,,,,,,,,,,Nadžíb Míkátí,,Najib Mikati,Najib Mikati,Najib Azmi Mikati,Najib Mikati,Nádzsib Mikati,Najīb Mīqātī,Najib Mikati,Nadžíb Míkátí,Najīb Mīqātī,Naxib Miqati,Nadzsíb Míkáti,Najib Azmi Mikati,Najib Mikati,Najib Mikati,http://www.najib-mikati.net/indexArabic.aspx,,,,,,,,,,,,,,,,,,,,,,,,,,,,,,,,,,,,biography/Najib-Mikati,,نجیب میقاتی,نجیب میقاتی,,,,,,,,,,,,,,,,,,,,,,,,,,,,,,,,,,,
Q764478,Issam Fares,عصام فارس,Issam Fares,Issam Fares,Issam Fares,Issam Fares,Issam Fares,عصام فارس,Issam Fares,male,Issam Fares,Issam Fares,Issam Fares,Issam Fares,Issam Fares,1937,/m/06jmq3,Issam,,,,,305237442,,,,,,,,,,,,,,,,,,,,,,,,,,,,,,,,,,,,,,,,,,,,,,,,,,,,,,,,,,,,,,,,,,,,,,,,,,,,Issam Fares,,,,,,,,,,,,,,,,,,,,,,,,,,,,,,,,,,,,,,,,,,,,,,,,,,,,,,,,,,,,,,,,,,,,,,,,,,,,,,,,,,,,
Q3125718,Hagop Kassarjian,هاغوب قصارجيان,,Hagop Kassarjian,Hagop Kassarjian,Hagop Kassarjian,Hagop Kassarjian,هاغوب قصارجيان,Hagop Kassarjian,male,Hagop Kassarjian,,,Hagop Kassarjian,,1946,,,,,,,,,,,,,,,,,,,,,,,,,,,,,,,,,,,,,,,,,,,,,,,,,,,,,,,,,,,,,,,,,,,,,,,,,,,,,,,,,,,,,,,,,,,,,,,,,,,,,,,,,,,,,,,,,,,,,,,,,,,,,,,,,,,,,,,,,,,,,,,,,,,,,,,,,,,,,,,,,,,,,,,
Q2821159,Abdel Latif El Zein,عبد اللطيف الزين,Abdel Latif El Zein,Abdel Latif El Zein,Abdellatif Zein,Abdel Latif El Zein,Abdel Latif El Zein,عبد اللطيف الزين,Abdel Latif El Zein,male,عبد اللطيف الزين,,,Abdellatif Zein,,1932-11-23,,Abdel,,,,https://upload.wikimedia.org/wikipedia/commons/1/15/Abdel_Latif_El_Zein.jpg,,,,,,,,,,,,,,,,,,,,,,,,,,,,,,,,,,,,,,,,,,,,,,,,,,,,,,,,,,,,,,,,,,,,,,,,,,,,,Abdel Latif El Zein,,,,,,,,,,,,,,,,,,,,,,,,,,,,,,,,,,,,,,,,,,,,,,,,,,,,,,,,,,,,,,,,,,,,,,,,,,,,,,,,,,,,
Q16119754,,سليم سلهب,,,,,سليم سلهب,سليم سلهب,,male,سليم سلهب,,,,,,,,,,,,,,,,,,,,,,,,,,,,,,,,,,,,,,,,,,,,,,,,,,,,,,,,,,,,,,,,,,,,,,,,,,,,,,,,,,,,,,,,,,,,,,,,,,,,,,,,,,,,,,,,,,,,,,,,,,,,,,,,,,,,,,,,,,,,,,,,,,,,,,,,,,,,,,,,,,,,,,,,,,,,
Q118272,Elias Hrawi,إلياس الهراوي,Elias Hrawi,Élias Hrawi,Elias Hraoui,Elias Hrawi,Elias Hrawi,إلياس الهراوي,Elias Hrawi,male,Elias Hrawi,Elias Hrawi,Élias Hrawi,Elias Hraoui,Elias Hrawi,1926-09-04,/m/032q_p,Elias,Elias Hrawi,イリヤース・ハラーウィー,,https://upload.wikimedia.org/wikipedia/commons/e/ea/Elias_Hraoui_President.jpg,84253631,אליאס הראווי,אליאס הראווי,2006-07-07,,,埃利亚斯·赫拉维,埃利亞斯·赫拉維,埃利亞斯·赫拉維,埃利亚斯·赫拉维,埃利亚斯·赫拉维,埃利亞斯·赫拉維,Elias Hrawi,,,Ελίας Χράουι,Elias Hrawi,Elias Hrawi,"Храуи, Ильяс",,Elias Hrawi,,,,,,埃利亚斯·赫拉维,,,,,,Ελίας Χράουι,Elias Hrawi,,,,Elias Hrawi,,,Elias Hrawi,,,,Elias Hrawi,"Храуи, Ильяс",,,Elias Hrawi,,Elias Hrawi,埃利亚斯·赫拉维,,,,,Elias Hraoui,,الیاس هراوی,الیاس هراوی,,Elias Hraoui,,,,,,,,إلياس الهراوى,,الياس الهراوى,Elias Hrawi,Elias Hrawi,Elias Hrawi,,Elias Hrawi,Elias Hrawi,,,Elias Hrawi,Ilias Hrawi,,Elias Hrawi,Elias Hrawi,,,,,,,,,Elias Hrawi,,,,,,,,,,,,,,,,,,,,,,,,,,,,,,,,,,,,,,,,,,,,,,,,,,,,,,,,,,,,,,,,,,,
Q2379068,Talal Arslan,طلال أرسلان,Talal Arslan,Talal Arslan,Talal Arslane,Talal Arslan,Talal Arslan,طلال أرسلان,Talal Arslan,male,طلال أرسلان,Talal Arslan,Talal Arslan,Talal Arslane,Talal Arslan,1965-06-12,/m/047nxtn,,,,,,,טלאל ארסלן,טלאל ארסלן,,,,,,,,,,,,,,,,,,,,,,,,,,,,,,,,,,,,,,,,,,,,,,,,,,,,,,,,,,,,,,,,,,,,,,,,,,Talal Arslan,,,,,,,,,,,,,,,,,,,,,,,,,,,,,,,,,,,,,,,,,,,,,,,,,,,,,,,,,,,,,,,,,,,,,,,,,,,,,,,,,,,,
Q2829473,Alaeddine Terro,علاء الدين ترو,,Alaaeddine Terro,Alaeddine Terro,Alaeddine Terro,Alaeddine Terro,علاء الدين ترو,Alaaeddine Terro,male,علاء الدين ترو,,,Alaeddine Terro,,1953,,,Alaaeddine Terro,,,,,,,,,,,,,,,,,,,,,,,,,,,,,,,,,,,,,,,,,,,,,,,,,,,,,,,,,,,,,,,,,,,,,,,,,,,,,,,,,,,,,,,,,,,,,,,,,,,,,,,,,,,,,,,,,,,,,,,,,,,,,,,,,,,,,,,,,,,,,,,,,,,,,,,,,,,,,,,,,,,,
Q913585,Nassib Lahoud,نسيب لحود,Nassib Lahoud,Nassib Lahoud,Nassib Lahoud,Nassib Lahoud,Nassib Lahoud,نسيب لحود,Nassib Lahoud,male,Nassib Lahoud,Nassib Lahoud,Nassib Lahoud,Nassib Lahoud,Nassib Lahoud,1944-11-23,/m/0d6mmt,,,,,https://upload.wikimedia.org/wikipedia/commons/2/24/Nassib_Lahoud.jpg,123944973,,,2012-02-01,,,,,,,,,,,,,,Nassib Lahoud,,,,,,,,,,,,,,,,,,,,,,,,,,,Nassib Lahoud,,,,,,,,,,,,Nassib Lahoud,,,,,Nassib Lahoud,,,,142669075,,,,,,,,,,,Nassib Lahoud,,,,,,,,,,,,,,,,,,,,,,,,,,,,,,,,,,,,,,,,,,,,,,,,,,,,,,,,,,,,,,,,,,,,,,,,,,,,,,,,,,,,
Q330933,Michel Chiha,ميشال شيحا,Michel Chiha,Michel Chiha,Michel Chiha,Michel Chiha,Michel Chiha,ميشال شيحا,Michel Chiha,male,Michel Chiha,,Michel Chiha,Michel Chiha,,1891,/m/02qyr1m,Michel,,,,,79130113,,,1954-12-29,,,,,,,,,,,,,,,,,,,,,,,,,,,,,,,,,,,,,,,,,,,,,,,,,03230210X,,,,,,,,,,,,0000 0001 1030 0806,11906202X,n88642102,127723650,,,,,,,,,Michel Chiha,,,,,,,,,,,,,,,,,,,,,,,,,,,,,,,,,,,,,,,,,,273643,,,,,,,,,,,,,,,,,,,,,,,,,,,,,,,,,,,,,,,,,,
Q3067198,Fathi Yakan,فتحي يكن,Fathi Yakan,Fathi Yakan,Fathi Yakan,Fathi Yakan,Fathi Yakan,فتحي يكن,Fathi Yakan,male,Fathi Yakan,,,Fathi Yakan,,1933-02-09,/m/02q9309,Fathi,,,,,10651692,,,2009-06-13,,,,,,,,,,,,,,,,,,,,,,,,,,,,,,,,,,,,,,,,,,,,,,,,,080780598,,,,,,,,,,,,0000 0001 2099 0791,,,123692180,,,,,,,,,,,,,,,,,,,,,,,,,,Fathi Yakan,,Fathi Yakan,,,,,,,,,,,,,,,,,,,,,,,78489,,,,,,,,,,,,,,,,,,,,فتحي يکن,فەتحی یەکن,فەتحی یەکن,فتحي يکن,,,,,,,,,,,,,,,,,,,
Q3296101,Marwan Fares,مروان فارس,,Marwan Fares,Marwan Fares,Marwan Fares,Marwan Fares,مروان فارس,Marwan Fares,male,مروان فارس,Marwan Fares,,Marwan Fares,Marwan Fares,1947,/m/0glqznj,Marwan,,,,,32237786,,,,,,,,,,,,,,,,,,,,,,,,,,,,,,,,,,,,,,,,,,,,,,,,,,,,,,,,,,,,,,,,,,,14554788r,,,,,,,,,,,,,,,,,,,,,,,,,,,,,,,,,,,,,,,,,,,,,,,,,,,,,,,,,,,,,,,,,,,,,,,,,,,,,,,,,,,,,,,,,,,,,
Q3479565,Serge Torsarkissian,سيرج طورسركيسيان,,Serge Torsarkissian,Serge Tour-Sarkissian,Serge Torsarkissian,Serge Torsarkissian,سيرج طورسركيسيان,Serge Torsarkissian,male,سيرج طورسركيسيان,Serż Torsarkisjan,,Serge Tour-Sarkissian,Serż Torsarkisjan,1965,/m/08067kz,Serge,,,,,,,,,,,,,,,,,,,,,,,,,,,,,,,,,,,,,,,,,,,,,,,,,,,,,,,,,,,,,,,,,,,,,,,,,,,,,,,,,,,,,,,,,,,,,,,,,,,,,,,,,,,,,,,,,,,,,,,,,,,,,,,,,,,,,,,,,,,,,,,,,,,,,,,,,,,,,,,,,,,,,
Q3344911,Nureddine Rifai,نور الدين الرفاعي,,Noureddine Rifaï,Noureddine Rifaï,Noureddine Rifaï,Nureddine Rifai,نور الدين الرفاعي,Nureddine Rifai,male,Nureddine Rifai,Nur ad-Din Rifaï,Noureddine Rifaï,Noureddine Rifaï,Nur ad-Din Rifaï,1899,/m/0czdvw5,Noureddine,,ヌールッディーン・アッ＝リファーイー,,,,,,"",,,,,,,,,,,,,,,"Рифаи, Нуреддин",,,,,,,,,,,,,,,,,,,,,,,,,,,"Рифаи, Нуреддин",,,,,,,,,,,,,,,,,,,,,,,,,,,,,,,,,,,,,,,,,,,,,,,,,,,,,,,,,,,,,,,,,,,,,,,,,,,,,,,,,,,,,,,,,,,,,,,,,,,,,,,,,,,,,,,,,,,
Q3173769,Jean Obeid,جان عبيد,Jean Obeid,Jean Obeid,Jean Obeid,Jean Obeid,Jean Obeid,جان عبيد,Jean Obeid,male,Jean Obeid,Jean Obeid,Jean Obeid,Jean Obeid,Jean Obeid,1939-05-08,/m/0rf8glz,Jean,,,,,,,,,,,,,,,,,,,,,,,,,,,,,,,,,,,,,,,,,,,,,,,,,,,,,,,,,,,,,,,,,,,,,,,,,,,,,,,,,,,,,,,,,,,,,,,,,,,,,,,,,,,,,,,,,,,,,,,,,,,,,,,,,,,,,,,,,,,,,,,,,,,,,,,,,,,,,,,,,,,,,
Q537224,Charles Helou,شارل حلو,Charles Helou,Charles Helou,Charles Helou,Charles Hélou,Charles Helou,شارل حلو,Charles Helou,male,Charles Helou,Charles Hélou,Charles Helou,Charles Helou,Charles Hélou,1913-09-25,/m/03rt4m,Charles,Charles Helou,シャールル・ヘロー,,https://upload.wikimedia.org/wikipedia/commons/0/0d/Charles_Helou_and_Nasser_in_1964.jpg,100270757,שארל חילו,שארל חילו,2001-01-07,,,,,,,,,Charles Helou,,,,,Charles Helou,"Элу, Шарль",Şarl Helu,,,,,,,,,,,,Category:Charles Helou,,Charles Helou,,,,Charles Helou,,,Charles Hélou,,,,Charles Helou,"Хелу, Шарль",,,,Şarl Helu,Charles Helou,,028156366,00000010764,,,Carolus Helou,,شارل حلو,شارل حلو,,Carolus Helou,,,0000 0001 1453 3279,118978888,n82005108,120047459,000385308,شارل حلو,,شارل حلو,,,,,Charles Helou,,,,,,,,,,,,,,,,,Charles Helou,,,,,,,,,,,,,,,,,,,,,,,,,1451247,108427,,,,,,,,,,,,,,,,,,,,,,,,,,,07332647X,,,,,,,,,ADV10000238,104208,,,,
Q396606,Omar Karami,عمر كرامي,Omar Karami,Omar Karami,Omar Karamé,Omar Karami,Omar Karami,عمر كرامي,Omar Karami,male,Omar Karami,Umar Karami,Omar Karami,Omar Karamé,Umar Karami,1934-09-07,/m/0453zf,Omar,Omar Karami,ウマル・カラーミー,ウマル・カラーミー,,,עמר כראמי,עמר כראמי,2015-01-01,,,奥马尔·卡拉米,奧馬爾·卡拉米,奧馬爾·卡拉米,奥马尔·卡拉米,奥马尔·卡拉米,奧馬爾·卡拉米,,,Omar Karami,,Omar Karami,,"Караме, Омар",Ömer Karami,Omar Karami,,,,Омар Карами,Omar Karami,奧馬爾·卡拉米,,,Омар Карами,Omar Karami,,,Omar Karami,,,Omar Karami,Omar Karami,,,Omar Karami,,Omar Karami,,,"Караме, Омар",,Omar Karami,Omar Karami,Ömer Karami,,奧馬爾·卡拉米,,,,,,,عمر کرامی,عمر کرامی,,,,,,,,,,,Omar Karámí,,,,Omar Karami,,Omar Karami,,,Omar Karámí,,,,Omar Karami,,,,Omar Karami,,,,Omar Karami,,Omar Karami,,,,,,,,,오마르 카라미,,,,,오마르 카라미,,,,,,,,,,Omar Karami,,,,,,,,,,,,,Omar Karami,उमर करामी,Omar Karami,Omar Karami,Omar Karami,उमर करामी,Omar Karami,,,,,,,,,,,,,,,,,,,,,,,,
Q2429767,Ali La Pointe,علي لابوانت,Ali La Pointe,Ali La Pointe,Ali la Pointe,Ali La Pointe,Ali La Pointe,علي لابوانت,Ali La Pointe,male,Ali Ammar,,,Ali la Pointe,,1930-05-14,/m/08qtt9,Ali,Ali Ammar,,,https://upload.wikimedia.org/wikipedia/commons/7/70/Ali_la_pointe.jpg,,,,1957-10-09,,,,,,,,,,,,,,,,,,,,,,,,,,,,,,,,,,Ali Ammar,,,,,,,,,,,,,,,,,,,,,,,,,,,,,,,,,,,,,,,,,,,,,,,,,,,,,,,,,,,,Ali La Pointe,Ali La Pointe,Ammar,,,,,,,,,,,,,,,,,,,,,,,,,,,,,,,,,,,,,,,,,,,,,,,,,,,,,,,,,,,,,
Q8059070,Youssef Salim Bey Karam,يوسف سليم بك كرم,,Youssef Bey Karam,Youssef Salim Bey Karam,,Youssef Salim Bey Karam,يوسف سليم كرم,Youssef Salim Karam,male,Youssef Salim Karam,,,Youssef Salim Karam,,1910-04-05,,Youssef,,,,,,,,1972-02-03,,,,,,,,,,,,,,,,,,,,,,,,,,,,,,,,,,,,,,,,,,,,,,,,,,,,,,,,,,,,,,,,,,,,,,,,,,,,,,,,,,,,,,,,,,,,,,,,,,,,,,,,,,,,,,,,,,,,,,,,,,,,,,,,,,,,,,,,,,,,,,,,,,,,,,,,,,,,,
Q3125537,Hadi Hobeich,هادي حبيش,Hadi Hobeich,Hadi Hobeich,Hadi Hobeich,Hadi Hobeich,Hadi Hobeich,هادي حبيش,Hadi Hobeich,male,هادي حبيش,,,Hadi Hobeich,,1974-07-01,,Hadi,Hadi Hobeich,,,,,,,,,,,,,,,,,,,,,,,,,,,,,,,,,,,,,,,,,,,,,,,,,,,,,,,,,,,,,,,,,,,,,,,,,,,,,,,,,,,,,,,,,,,,,,,,,,,,,,,,,,,,,,,,,,,,,,,,,,,,,,,,,,,,,,,,,,,,,,,,,,,,,,,,,,,,,,,,,,,,
Q751195,Issam Naaman,عصام نعمان,,Issam Naaman,Issam Naaman,Issam Naaman,Issam Naaman,عصام نعمان,Issam Naaman,male,Issam Naaman,Issam Naaman,,Issam Naaman,Issam Naaman,1937,,Issam,Issam Naaman,,,,,,,,,,,,,,,,,,,,,,,,,,,,,,,,,,,,,,,,,,,,,,,,,,,,,,,,,,,,,,,,,,,,,,,,,,,,,,,,,,,,,,,,,,,,,,,,,,,,,,,,,,,,,,,,,,,,,,,,,,,,,,,,,,,,,,,,,,,,,,,,,,,,,,,,,,,,,,,,,,,,
Q380437,Walid Jumblatt,وليد جنبلاط,Walid Jumblatt,Walid Dschumblat,Walid Joumblatt,Walid Jumblatt,Walid Jumblatt,وليد جنبلاط,Walid Jumblatt,male,وليد جنبلاط,Walid Dżumblatt,Walid Dschumblat,Walid Joumblatt,Walid Dżumblatt,1949-08-07,/m/028fct,Walid,Walid Jumblatt,ワリード・ジュンブラート,,https://upload.wikimedia.org/wikipedia/commons/3/37/Jumblatt.jpg,72205766,וליד ג'ונבלאט,וליד ג'ונבלאט,,,,,,,,,,,,,,Walid Jumblatt,Walid Jumblatt,"Джумблат, Валид",Velid Canbolat,,,,,,,,,,,,,,Walid Jumblatt,,,,Walid Jumblatt,,,Walid Jumblatt,,,,Walid Jumblatt,"Джумблат, Валид",,,Walid Jumblatt,Velid Canbolat,,,,,וואליד זשומבלאט,,,Valid Džumblat,ولید جنبلاط,ولید جنبلاط,,,Valid Džumblat,וואליד זשומבלאט,,119516292,,,,,,,,,,,Valid Dzsumblatt,,,,,,,,,,,,Walid Jumblatt,,Walid Jumblatt,,,Walid Jumblatt,Walid Jumblatt,Walid Jumblatt,nm2674607,,,,,,,,,,,,,,602/000101299,,Velid Canbolat,,,,,,,,,,,,,,,,,,,,,,,,,,,,,,,,,,,,,,,,,,,,,,,,
Q7404582,Salim Saade,سليم سعادة,Salim Saade,Salim Saade,Salim Saade,,Salim Saade,سليم سعادة,Salim Saade,male,Salim Saade,,,,,1949,,Salim,Salim Saade,,,,,,,,,,,,,,,,,,,,,,,,,,,,,,,,,,,,,,,,,,,,,,,,,,,,,,,,,,,,,,,,,,,,,,,,,,,,,,,,,,,,,,,,,,,,,,,,,,,,,,,,,,,,,,,,,,,,,,,,,,,,,,,,,,,,,,,,,,,,,,,,,,,,,,,,,,,,,,,,,,,,
Q3125719,Hagop Pakradounian,هاغوب بقرادونيان,,Hagop Pakradounian,Hagop Pakradounian,Hagop Pakradounian,Hagop Pakradounian,هاغوب بقرادونيان,Hagop Pakradounian,male,Hagop Pakradounian,Hagop Pakradonian,,Hagop Pakradounian,Hagop Pakradonian,1956,,,,,,,,,,,,,,,,,,,,,,,,,,,,,,,,,,,,,,,,,,,,,,,,,,,,,,,,,,,,,,,,,,,,,,,,,,,,,,,,,,,,,,,,,,,,,,,,,,,,,,,,,,,,,,,,,,,,,,,,,,,,,,,,,,,,,,,,,,,,,,,,,,,,,,,,,,,,,,,,,,,,,,,
Q2922636,Boutros Harb,بطرس حرب,Boutros Harb,Boutros Harb,Boutros Harb,Boutros Harb,Boutros Harb,بطرس حرب,Boutros Harb,male,بطرس حرب,Butrus Harb,,Boutros Harb,Butrus Harb,1944,/m/03cbr7q,,,,,,136816326,,,,,,,,,,,,,,,,,,,,,,,,,,,,,,,,,,,,,,,,,,,,,,,,,,,,,,,,,,,,,,,,,,,,,,,,,,,,,,,,,,,,,,,,,,,,,,,,,,,,,,,,,,,,,,,,,,,,,,,,,,,,,,,,,,,,,,,,,,,,,,,,,,,,,,,,,,,,,,,,
Q1395651,Nayla Moawad,نائلة معوض,Nayla Moawad,Nayla Moawad,Nayla Moawad,Nayla Moawad,Nayla Moawad,نائلة معوض,Nayla Moawad,female,Nayla Moawad,Najla Moawad,Nayla Moawad,Nayla Moawad,Najla Moawad,1940-07-03,/m/05k2jz,Nayla,,,,https://upload.wikimedia.org/wikipedia/commons/a/a3/Presidente_nayla.jpg,133302980,נאילה מעווד,נאילה מעווד,,,,,,,,,,,,,,,,Найла Моавад,,,,,,,Nayla Moawad,,,,,,Category:Nayla Moawad,,,,,,,,,,,,,,,,,,,,,,,,,,,,,,,,,,142669237,,,,,,,,,,,,,,,,,,,,,,,,,,,,,,Nayla Moawad,,,,,,,,,,,,,,,,,,,,,,,,,,,,,,,,,,,,,,,,,,,,,,,,,,,,,,,,,,,,,,,,,
Q3455975,Fayez Ghosn,فايز غصن,,Fayez Ghosn,Fayez Ghosn,Fayez Ghosn,Fayez Ghosn,فايز غصن,Fayez Ghosn,male,Fayez Ghosn,,,,,1950-06-28,,,,,,,,,,,,,,,,,,,,,,,,,,,,,,,,,,,,,,,,,,,,,,,,,,,,,,,,,,,,,,,,,,,,,,,,,,,,,,,,,,,,,,,,,,,,,,,,,,,,,,,,,,,,,,,,,,,,,,,,,,,,,,,,,,,,,,,,,,,,,,,,,,,,,,,,,,,,,,,,,,,,,,,
Q586247,Antoine Ghanem,أنطوان غانم,Antoine Ghanem,Antoine Ghanem,Antoine Ghanem,Antoine Ghanem,Antoine Ghanem,أنطوان غانم,Antoine Ghanem,male,Antoine Ghanem,Antoine Ghanem,Antoine Ghanem,Antoine Ghanem,Antoine Ghanem,1943-08-10,/m/03c28q_,Antoine,,,,,,אנטואן ע'אנם,אנטואן ע'אנם,2007-09-19,,,,,,,,,,,,,Antoine Ghanem,,,,,,,,,,,,,,,,,Antoine Ghanem,,,,,,,,,,,,,,,Antoine Ghanem,,,,,,,,,,,,,,,,,,,,,,,,,,,,Antoine Ghanem,,,,,,,,,,,,,,,,,Antoine Ghanem,,,,,,,,,,,,,,,,,,,,,,,,,,,,,,,,,,,,,,,,,,,,,,,,,,,,,,,,,,,,,,,,,,,
Q6897704,Mona Ofeich,منى عفيش,,Mona Ofeich,Mona Ofeich,Mona Ofeich,Mona Ofeich,منى عفيش,Mona Ofeich,female,Mona Ofeich,Mona Ofeisz,,,Mona Ofeisz,1943,,Mona,,,,,,,,,,,,,,,,,,,,,,,,,,,,,,,,,,,,,,,,,,,,,,,,,,,,,,,,,,,,,,,,,,,,,,,,,,,,,,,,,,,,,,,,,,,,,,,,,,,,,,,,,,,,,,,,,,,,,,,,,,,,,,,,,,,,,,,,,,,,,,,,,,,,,,,,,,,,,,,,,,,,,
Q2934976,Camille Khoury,كميل خوري,Camille Khoury,Camille Khoury,Camille Khoury,Camille Khoury,Camille Khoury,كميل خوري,Camille Khoury,male,Camille Khoury,,,Camille Khoury,,1961,,Camille,,,,,,,,,,,,,,,,,,,,,,,,,,,,,,,,,,,,,,,,,,,,,,,,,,,,,,,,,,,,,,,,,,,,,,,,,,,,,,,,,,,,,,,,,,,,,,,,,,,,,,,,,,,,,,,,,,,,,,,,,,,,,,,,,,,,,,,,,,,,,,,,,,,,,,,,,Camille Khoury,Camille Khoury,,,,,,,,,,,
Q3310429,Michel Moussa,ميشال موسى,Michel Moussa,Michel Moussa,Michel Moussa,Michel Moussa,Michel Moussa,ميشال موسى,Michel Moussa,male,ميشال موسى,Michel Musa,,Michel Moussa,Michel Musa,1949,/m/0809xhz,Michel,,,,,,,,,,,,,,,,,,,,,,,,,,,,,,,,,,,,,,,,,,,,,,,,,,,,,,,,,,,,,,,,,,,,,,,,,,,,,,,,,Michel Moussa,,,,,,,,,,,,,,,,,,,,,,,,,,,,,,,,,,,,,,,,,,,,,,,,,,,,,,,,,,,,,,,,,,,,,,,,,,,,,,,,,,,,
Q2866926,Assaad Hardan,أسعد حردان,Assaad Hardan,Assaad Hardan,Assaad Hardan,Assaad Hardan,Assaad Hardan,أسعد حردان,Assaad Hardan,male,أسعد حردان,Assad Hardan,Assaad Hardan,Assaad Hardan,Assad Hardan,1951-07-31,/m/0gfds0c,,,,,https://upload.wikimedia.org/wikipedia/commons/f/f2/Assaad_Hardan.JPG,,,,,,,,,,,,,,,,,,,Асаад Хардан,,,,,,Асад Хардан,,,,,Асад Хардан,,,,,,,,,,,,,,,,,,,,,,,,,,,,,,,,,,,,,,,,,,,,,,,Assaad Hardan,,,,,,,,,,,,,,,,,,,,,,,,,,,,,,,,,,,,,,,,,,,,,,,,,,,,,,,,,,,,,,,,,,,,,,,,,,,,,,,,,,,,
Q3273711,Maarouf Saad,معروف سعد,,Maarouf Saad,Maarouf Saad,Maarouf Saad,Maarouf Saad,معروف سعد,Maarouf Saad,male,Maarouf Saad,,,Maarouf Saad,,1914,,,,,,https://upload.wikimedia.org/wikipedia/commons/4/4f/Maarouf_Saad_portrait.jpg,,,,1975-03-06,,,,,,,,,,,,,,,,,,,,,,,,,,,,Category:Maarouf Saad,,,,,,,,,,,,,,,,,,,,,,,,,,,,,,,,,,,,,,,,,,,,,,,,,,,,,,,,,,,,,,,,,,,,,,,,,,,,,,,,,,,,,,,,,,,,,,,,,,,,,,,,,,,,,,,,,,,,,,,,,,,,,,,,,
Q3277775,Mahmoud Abdel Khalek,محمود عبد الخالق,Mahmoud Abdel Khalek,Mahmoud Abdel Khalek,Mahmoud Abdel Khalek,Mahmoud Abdel Khalek,Mahmoud Abdel Khalek,محمود عبد الخالق,Mahmoud Abdel Khalek,male,Mahmoud Abdel Khalek,,,Mahmoud Abdel Khalek,,1938,,Mahmoud,,,,,,,,,,,,,,,,,,,,,,,,,,,,,,,,,,,,,,,,,,,,,,,,,,,,,,,,,,,,,,,,,,,,,,,,,,,,,,,,,Mahmoud Abdel Khalek,,,,,,,,,,,,,,,,,,,,,,,,,,,,,,,,,,,,,,,,,,,,,,,,,,,,,,,,,,,,,,,,,,,,,,,,,,,,,,,,,,,,
Q2875006,Ayoub Hmayed,أيوب حميد,Ayoub Hmayed,Ayoub Hmayed,Ayoub Hmayed,Ayoub Hmayed,Ayoub Hmayed,أيوب حميد,Ayoub Hmayed,male,أيوب حميد,Ajub Hmajed,,Ayoub Hmayed,Ajub Hmajed,1954,/m/0808_8q,,,,,,,,,,,,,,,,,,,,,,,,,,,,,,,,,,,,,,,,,,,,,,,,,,,,,,,,,,,,,,,,,,,,,,,,,,,,,,,,,,Ayoub Hmayed,,,,,,,,,,,,,,,,,,,,,,,,,,,,,,,,,,,,,,,,,,,,,,,,,,,,,,,,,,,,,,,,,,,,,,,,,,,,,,,,,,,,
Q4724565,Ali Ahmad Bazzi,علي أحمد بزي,,Ali Ahmad Bazzi,Ali Bazzi,Ali Ahmad Bazzi,Ali Ahmad Bazzi,علي أحمد بزي,Ali Ahmad Bazzi,male,علي بزي,,,Ali Bazzi,,1958,,Ali,,,,,,,,,,,,,,,,,,,,,,,,,,,,,,,,,,,,,,,,,,,,,,,,,,,,,,,,,,,,,,,,,,,,,,,,,,,,,,,,,,,,,,,,,,,,,,,,,,,,,,,,,,,,,,,,,,,,,,,,,,,,,,,,,,,,,,,,,,,,,,,,,,,,,,,,,,,,,,,,,,,,,
Q16122381,,نبيل نقولا,,,,,نبيل نقولا,نبيل نقولا,,male,نبيل نقولا,,,,,,,,,,,,,,,,,,,,,,,,,,,,,,,,,,,,,,,,,,,,,,,,,,,,,,,,,,,,,,,,,,,,,,,,,,,,,,,,,,,,,,,,,,,,,,,,,,,,,,,,,,,,,,,,,,,,,,,,,,,,,,,,,,,,,,,,,,,,,,,,,,,,,,,,,,,,,,,,,,,,,,,,,,,,
Q729703,Elias Skaff,إلياس سكاف,Elias Skaff,Elias Skaff,Elias Skaff,Elias Skaff,Elias Skaff,إلياس سكاف,Elias Skaff,male,Elias Skaff,Elias Skaff,,Elias Skaff,Elias Skaff,1948-10-11,/m/0cp0skr,Elias,,,,,,,,2015-10-10,,,,,,,,,,,,,,,,,,,,,,,埃利亞斯·斯卡夫,,,,,,,,,,,,,,,,,,,,,,,,,,,,,,,,,,,,,,,,,,,,,,,,,,Elias Skaff,,,,,,,,,,,,,,,,,Elias Skaff,,,,,,,,,,,,,,,,,,,,,,,,,,,,,,,,,,,,,,,,,,,,,,,,,,,,,,,,,,,,,,,,,,,
Q3122868,Gebran Areiji,جبران عريجي,Gebran Areiji,Gebran Areiji,Gébrane Oreiji,Gebran Araiji,Gebran Areiji,جبران عريجي,Gebran Araiji,male,Gebran Araiji,,,Gébrane Oreiji,,1951,,,,,,,,,,,,,,,,,,,,,,,,,,,,,,,,,,,,,,,,,,,,,,,,,,,,,,,,,,,,,,,,,,,,,,,,,,,,,,,,,,,Gebran Areiji,,,,,,,,,,,,,,,,,,,,,,,,,,,,,,,,,,,,,,,,,,,,,,,,,,,,,,,,,,,,,,,,,,,,,,,,,,,,,,,,,,,,
Q3460415,Saadi Al Munla,سعدي المنلا,,Saadi Mounla,Saadi Mounla,Saadi Mounla,Saadi Al Munla,سعدي المنلا,Saadi Al Munla,male,Saadi Al Munla,Saadi Mounla,Saadi Mounla,Saadi Mounla,Saadi Mounla,,/m/0nb48y2,,,サアディー・アル＝ムンラー,,,,,,1975,,,,,,,,,,,,,,,,,Saadi al-Munla,,,,,,,,,,Saadi al-Munla,,,,,,,,,,,,,,,,,,,,,,,,,,,,سعدی المنلا,سعدی المنلا,,,,,,,,,,,,,,,,,,,,,,,,,,,,,,,,,,,,,,,,,,,,,,,,,,,,,,,,,,,,,,,,,,,,,,,,,,,,,,,,,,,,,,,,,,,,,,,,,,,,,
Q12229362,,غازي يوسف,,,,,غازي يوسف,غازي يوسف,,,غازي يوسف,,,,,1954,,,,,,,,,,,,,,,,,,,,,,,,,,,,,,,,,,,,,,,,,,,,,,,,,,,,,,,,,,,,,,,,,,,,,,,,,,,,,,,,,,,,,,,,,,,,,,,,,,,,,,,,,,,,,,,,,,,,,,,,,,,,,,,,,,,,,,,,,,,,,,,,,,,,,,,,,,,,,,,,,,,,,,,
Q2943729,Nawar al-Sahili,نوار الساحلي,Nawar al-Sahili,,,Nawar al-Sahili,Nawar al-Sahili,نوار الساحلي,Nawar al-Sahili,male,نوار الساحلي,,,,,1967,,,,,,,,,,,,,,,,,,,,,,,,,,,,,,,,,,,,,,,,,,,,,,,,,,,,,,,,,,,,,,,,,,,,,,,,,,,,,,,,,,,Nawar al-Sahili,,,,,,,,,,,,,,,,,,,,,,,,,,,,,,,,,,,,,,,,,,,,,,,,,,,,,,,,,,,,,,,,,,,,,,,,,,,,,,,,,,,,
Q460686,Nayla Tueni,نايلة تويني,Nayla Tueni,Nayla Tueni,Nayla Tueni,Nayla Tueni,Nayla Tueni,نايلة تويني,Nayla Tueni,female,نايلة تويني,Najla Tueni,Nayla Tueni,,Najla Tueni,1982-08-31,/m/076zm2v,Nayla,Nayla Tueni,,,,,נאילה תוויני,נאילה תוויני,,,,,,,,,,,,,,,,,,,,,,,,,,,,,,,,,,,,,,,,,,,,,,,,,,,,,,,,,,,,,,,,,,,,,,,,,,,,,,,,,,,,,,,,,,,,,,,,,,,,,,,,,,,,,,,,,,,,,,,,,,,,,,,,,,,,,,,,,,,,,,,,,,,,,,,,,,,,,,
Q6919176,Mounir Abou Fadel,منير أبو فاضل,,Mounir Abou Fadel,Mounir Abou Fadel,,Mounir Abou Fadel,منير أبو فاضل,Mounir Abou Fadel,male,Mounir Abou Fadel,,,,,1912-06-05,,Mounir,Mounir Abou Fadel,,,https://upload.wikimedia.org/wikipedia/commons/5/52/Dad_Photo_Officielle_Apparat_1982.jpg,,,,1987-01-29,,,,,,,,,,,,,,,,,,,,,,,,,,,,,,,,,,,,,,,,,,,,,,,,,,,,,,,,,,,,,,,,,,,,,,,,,,,,,,,,,,,,,,,,,,,,,,,,,,,,,,,,,,,,,,,,,,,,,,,,,,,,,,,,,,,,,,,,,,,,,,,,,,,,,,,,,,,,,
Q715453,Bassel Fleihan,باسل فليحان,Bassel Fleihan,Bassel Fleihan,Bassel Fleihan,Bassel Fleihan,Bassel Fleihan,باسل فليحان,Bassel Fleihan,male,Bassel Fleihan,Bassel Fleihan,Bassel Fleihan,Bassel Fleihan,Bassel Fleihan,1963-09-10,/m/05xgbn,,Bassel Fleihan,,,,305211742,,,2005-04-18,,,,,,,,,,,,,,,,,,,,,,,,,,,,,,,,,,,,,,,,,,,,,,,,,,,,,,,,,,,,,,,,,,,,,,,,,Bassel Fleihan,,,,,,,,,,,,,,,,,Bassel Fleihan,,,,,,,,,,,,,,,,,,,,,,,,,,,,,,,,,,,,,,,,,,,,,,,,,,,,,,,,,,,,,,,,,,,
Q20392616,,إبراهيم كنعان,,,,,إبراهيم كنعان,إبراهيم كنعان,,male,إبراهيم كنعان,,,,,,,Ibrahim,,,,,,,,,,,,,,,,,,,,,,,,,,,,,,,,,,,,,,,,,,,,,,,,,,,,,,,,,,,,,,,,,,,,,,,,,,,,,,,,,,,,,,,,,,,,,,,,,,,,,,,,,,,,,,,,,,,,,,,,,,,,,,,,,,,,,,,,,,,,,,,,,,,,,,,,,,,,,,,,,,,,,
Q2836318,Ali Osseiran,علي عسيران,,Ali Osseiran,Ali Osseiran,Ali Osseiran,Ali Osseiran,علي عسيران,Ali Osseiran,male,علي عسيران,,,Ali Osseiran,,1947,,Ali,,,,,,,,,,,,,,,,,,,,,,,,,,,,,,,,,,,,,,,,,,,,,,,,,,,,,,,,,,,,,,,,,,,,,,,,,,,,,,,,,,,,,,,,,,,,,,,,,,,,,,,,,,,,,,,,,,,,,,,,,,,,,,,,,,,,,,,,,,,,,,,,,,,,,,,,,,,,,,,,,,,,,
Q1391193,Ghassan Tueni,غسان تويني,Ghassan Tueni,Ghassan Tueni,Ghassan Tuéni,Ghassan Tueni,Ghassan Tueni,غسان تويني,Ghassan Tueni,male,Ghassan Tueni,Ghassan Tueni,Ghassan Tueni,Ghassan Tuéni,Ghassan Tueni,1926-01-05,/m/02qdxyl,Ghassan,,,,,265969583,ע'סאן תוויני,ע'סאן תוויני,2012-06-08,,,,,,,,,,,,,,,,,,,,,,,,,,,,,,,,,,,,,,,,,,,,,,,,,028273885,,,,,,غسان توینی,غسان توینی,,,,,0000 0000 8186 5911,119310910,n79151448,12014371z,,غسان توينى,,غسان توينى,,,,,Ghassan Tueni,,,,,,,,,,,,,,,,,,,,,,,,,,,,,,,,,,,,,,,,,,1800119,,,,biography/Ghassan-Tueni,,,,,,,,,,,,,,,,,,,,,,,,,,,,,,,,,,,,,,
Q2836294,Ali Mekdad,علي المقداد,,Ali Mekdad,Ali Mekdad,Ali Mekdad,Ali Mekdad,علي المقداد (نائب),Ali Mekdad,male,علي المقداد (سياسي لبناني),,,Ali Mekdad,,1961,,Ali,,,,,,,,,,,,,,,,,,,,,,,,,,,,,,,,,,,,,,,,,,,,,,,,,,,,,,,,,,,,,,,,,,,,,,,,,,,,,,,,,,,,,,,,,,,,,,,,,,,,,,,,,,,,,,,,,,,,,,,,,,,,,,,,,,,,,,,,,,,,,,,,,,,,,,,,,,,,,,,,,,,,,
Q3066825,Farès Boueiz,فارس بويز,Farès Boueiz,Farès Boueiz,Fares Boueiz,Farès Boueiz,Farès Boueiz,فارس بويز,Farès Boueiz,male,Farès Boueiz,Fares Boueiz,Farès Boueiz,Fares Boueiz,Fares Boueiz,1955-01-15,/m/0rpg_vk,Fares,,,,,,,,,,,,,,,,,,,,,,,,,,,,,,,,,,,,,,,,,,,,,,,,,,,,,,,,,,,,,,,,,,,,,,,,,,,,,,,,,,,,,,,,,,,http://www.fares-bouez.com/,,,,,,,,,,,,,,,,,,,,,,,,,,,,,,,,,,,,,,,,,,,,,,,,,,,,,,,,,,,,,,,,,,,,,,,,,,
Q3143487,Hussein Hajj Hassan,حسين الحاج حسن,Hussein Hajj Hassan,Hussein Hajj Hassan,Hussein Hajj Hassan,Hussein Hajj Hassan,Hussein Hajj Hassan,حسين الحاج حسن,Hussein Hajj Hassan,male,حسين الحاج حسن,Hussein Hadżdż Hassan,,Hussein Hajj Hassan,Hussein Hadżdż Hassan,1960,/m/080n3sb,Hussein,,,,,,,,,,,,,,,,,,,,,,,,,,,,,,,,,,,,,,,,,,,,,,,,,,,,,,,,,,,,,,,,,,,,,,,,,,,,,,,,,Hussein Hajj Hassan,,,,,,,,,,,,,,,,,,,,,,,,,,후세인 하지 하산,,,,,후세인 하지 하산,,,,,,,,,,,,,,,,,,,,,,,,,,,,,,,,,,,,,,,,,,,,,,,,,,,,,
Q3514836,Tammam Salam,تمام سلام,Tamam Salam,Tammam Salam,Tammam Salam,Tammam Salam,Tammam Salam,تمام سلام,Tammam Salam,male,تمام سلام,Tammam Salam,Tammam Salam,Tammam Salam,Tammam Salam,1945-05-13,/m/0s8xz0q,,Tammam Salam,タンマーム・サラーム,タンマーム・サラーム,https://upload.wikimedia.org/wikipedia/commons/8/8a/Tammam_Salam.jpg,,תמאם סלאם,תמאם סלאם,,,,,,,,,,,,Tammam Salam,Ταμάμ Σαλάμ,Tammam Salam,,"Салам, Таммам",Tammam Salam,,Tammam Salam,Tammam Salam,,,Tammam Salam,塔馬姆·薩拉姆,,,,,Category:Tammam Salam,Ταμάμ Σαλάμ,Tamam Salam,Tammam Salam,,Tammam Salam,Tammam Salam,,,Tammam Salam,,,,,"Салам, Таммам",,Tammam Salam,,Tamam Selam,,塔馬姆·薩拉姆,,,,Սալամ Տամմամ,,,تمام سلام,تمام سلام,Սալամ Թամմամ,,,,,,,,,,Tammám Salám,,Tammam Salam,,,,Tammám Szalám,Tammām Salām,,Tammám Salám,Tammām Salām,,Tammám Szalám,,Tammam Salam,,,,,,,,,,,,,,,,Tammam Salam,Tammam Salam,탐맘 살람,Tammam Salam,Таммам Салам,Tammam Salam,Tammam Salam,탐맘 살람,Таммам Салам,Tammam Salam,,Tammam Salam,,Tammam Salam,,,,Tammam Salam,,,,,,,,,,,,,,,,,,,,,,,,,,,,,,,,,,,,,,,,,,Тамам Салям,Тамам Салям
Q2943512,Ali Khreis,علي خريس,Ali Khreis,Ali Khreis,Ali Khreiss,Ali Khreis,Ali Khreis,علي خريس,Ali Khreis,male,علي خريس,,,Ali Khreiss,,1957,,Ali,,,,,,,,,,,,,,,,,,,,,,,,,,,,,,,,,,,,,,,,,,,,,,,,,,,,,,,,,,,,,,,,,,,,,,,,,,,,,,,,,,,,,,,,,,,,,,,,,,,,,,,,,,,,,,,,,,,,,,,,,,,,,,,,,,,,,,,,,,,,,,,,,,,,,,,,,,,,,,,,,,,,,
Q4352658,Nicholas Nahas,نقولا نحاس,Nicholas Nahas,Nicholas Nahas,Nicolas Nahas,Nicholas Nahas,Nicholas Nahas,نقولا نحاس,Nicholas Nahas,male,Nicholas Nahas,,,Nicolas Nahas,,1946-11-28,/m/0nb3fyg,Nicolas,,,,"https://upload.wikimedia.org/wikipedia/commons/3/3e/Nicolas_Nahas,_Minister_of_Economy_&_Trade,_Lebanon,_speaking_about_the_world’s_dyslexia,_at_the_2011_Horasis_Global_Arab_Business_Meeting_-_Flickr_-_Horasis.jpg",,,,,Nicolas Nahas,Nicolas Nahas,,,,,,,,,,,,,,,,,,,,,,,,,,Category:Nicolas Nahas,,,,,,,,,,,,,,,,,,,,,,,,,,,,,,,,,,,,,,,,,,,,,,,,,,,,,,,,,,,,,,,,,,,,,,,,,,,,,,,,,,,,,,,,,,,,,,,,,,,,,,,,,,,,,,,,,,,,,,,,,,,,,,,,,
Q2918999,Solange Gemayel,صولانج الجميّل,Solange Gemayel,Solange Gemayel,Solange Gemayel,Solange Gemayel,Solange Gemayel,صولانج الجميل,Solange Gemayel,female,Solange Gemayel,Solange Dżemajel,,Solange Gemayel,Sulandż al-Dżumajjil,1949,/m/026z13,Solange,,,,,,סולנג' ג'ומאייל,סולנג' ג'ומאייל,,,,,,,,,,,,,,,,,,,,,,,Solange Gemayel,,,,,,,,,,,,,,,,,,,,,,,,,,,,,,,,,,,,,,,,,,,,صولانج الجميل,,صولانج الجميل,,,,,Solange Gemayel,,,,,,,,,,,,,,,,,,,,,,,,,,,,,,,,,,,,,,,,,,,,,,,,,,,,,,,,,,,,,,,,,,,,,,,,,,,,,,,,,,,,
Q600769,Ghazi Aridi,غازي العريضي,Ghazi Aridi,Ghazi Aridi,Ghazi Aridi,Ghazi Aridi,Ghazi Aridi,غازي العريضي,Ghazi Aridi,male,غازي العريضي,Ghazi al-Aridi,,Ghazi Aridi,Ghazi al-Aridi,1954-09-17,/m/0n527yf,,,,,https://upload.wikimedia.org/wikipedia/commons/1/1f/Ghazi-alaridi.jpg,7257122,,,,,,,,,,,,,,,,,,,,,,,,,,,,,,,,,,,,,,,,,,,,,,,,,,,,,,,,,,,,,,,,,,,,,,,,,,,,Ghazi Aridi,,,,,,,,,,,,,,,,,,,,,,,,,,,,,,,,,,,,,,,غازي العريضي,,,,,,,,,,,,,,,,,,,,,,,,,,,,,,,,,,,,,,,,,,,,,
Q715445,Muhammad Fneish,محمد فنيّش,Muhammad Fneish,Mohammed Fneisch,Mohammad Fneich,Muhammad Fneish,Muhammad Fneish,محمد فنيش (لبناني),Muhammad Fneish,male,محمد فنيّش,Mohammed Fneisz,Mohammed Fneisch,Mohammad Fneich,Mohammed Fneisz,1953-10-02,/m/0fwqyh,Muhammad,,,,,,,,,,,,,,,,,,,,,,,,,,,,,,,,,,,,,,,,,,,,,,,,,,,,,,,,,,,,,,,,,,,,,,,,,,,,,,,,,,,,,,,,,,,,,,,,,,,,,,,,,,,,,,,,,,,,,,,,,,,,,,,,,,,,,,,,,,,,,,,,,,,,,,,,,,,,,,,,,,,,,
Q704220,Nabih Berri,نبيه بري,Nabih Berri,Nabih Berri,Nabih Berri,Nabih Berri,Nabih Berri,نبيه بري,Nabih Berri,male,نبيه بري,Nabih Berri,Nabih Berri,Nabih Berri,Nabih Berri,1938-01-28,/m/02tb0g,Nabih,Nabih Berri,ナビーフ・ビッリー,,https://upload.wikimedia.org/wikipedia/commons/8/80/Nabih_Berri.jpg,78827217,נביה ברי,נביה ברי,,,,,,,納班·貝裏,,,,,Nabih Berri,,,,"Берри, Набих",Nebih Berri,,,,,,,納班·貝里,,,,,Category:Nabih Berri,,,,,Nabih Berri,Nabih Berri,,,Nabih Berri,,,,,"Берри, Набих",,,,Nebih Berri,,,154129534,00000017349,,,Nabih Berri,,نبیه بری,نبیه بری,,Nabih Berri,,,0000 0000 6689 2209,13417285X,n88251036,,,,,,,,,,Nabih Berri,,,,,,,,,,,,,,,,,,,,,,,,,,,,,,,,,,,,,,,,,,267940,,,,,,,,,,,,,,,,,,,,,,,,,,,,,,,,,,,,,,,,,,
Q3514340,Takieddin el-Solh,تقي الدين الصلح,Taqī-ad-Dīn aṣ-Ṣulḥ,Takieddine Solh,Takieddine Solh,Takieddine Solh,Takieddin el-Solh,تقي الدين الصلح,Takieddin el-Solh,male,Takieddin el-Solh,Taki ad-Din as-Sulh,Takieddine Solh,Takieddine Solh,Taki ad-Din as-Sulh,1908,/m/04gryxs,,,タキーッディーン・アッ＝スルフ,,https://upload.wikimedia.org/wikipedia/commons/c/cd/Foreign_Minister_Abdul_Halim_Khaddam_with_Lebanese_Prime_Minister_Takiddine_al-Sulh_in_1975.png,107851614,,,1988-11-27,,,,,,,,,,,,,,,"Ас-Сольх, Такиэддин",,,,,,,,,,,,,,,,,,,,,,,,,,,"Ас-Сольх, Такиэддин",,,,,,,,,,,,,,,,,,,,140876634,n2005063282,,,,,,,,,,Taqī-ad-Dīn aṣ-Ṣulḥ,,,,,,,,,,,,,,,,,,,,,,,,,,,,,,,,,,,,,,,,,,,,,,,,,,,,,,,,,,,,,,,,,,,,,,,,,,,,,,,,,,,,
Q3326297,Mustapha Allouch,مصطفى علوش,,Mustapha Allouch,Moustapha Allouch,Mustapha Allouch,Mustapha Allouch,مصطفى علوش,Mustapha Allouch,male,Mustapha Allouch,,,Moustapha Allouch,,1958,,Mustapha,,,,,,,,,,,,,,,,,,,,,,,,,,,,,,,,,,,,,,,,,,,,,,,,,,,,,,,,,,,,,,,,,,,,,,,,,,,,,,,,,,,,,,,,,,,,,,,,,,,,,,,,,,,,,,,,,,,,,,,,,,,,,,,,,,,,,,,,,,,,,,,,,,,,,,,,,,,,,,,,,,,,,
Q251878,Muhammad Baydoun,محمد عبد الحميد بيضون,Muhammad Baydoun,Muhammad Baydoun,Mohammad Abdel-Hamid Beydoun,Muhammad Baydoun,Muhammad Baydoun,محمد عبد الحميد بيضون,Muhammad Baydoun,male,Muhammad Baydoun,Mohammad Abdel-Hamid Bejdun,,Mohammad Abdel-Hamid Beydoun,Mohammad Abdel-Hamid Bejdun,1952-02-05,,Muhammad,,,,,,,,,,,,,,,,,,,,,,,,,,,,,,,,,,,,,,,,,,,,,,,,,,,,,,,,,,,,,,,,,,,,,,,,,,,,,,,,,Muhammad Baydoun,,,,,,,,,,,,,,,,,,,,,,,,,,,,,,,,,,,,,,,,,,,,,,,,,,,,,,,,,,,,,,,,,,,,,,,,,,,,,,,,,,,,
Q3318961,Mohammad Safadi,محمد الصفدي,Mohammad Safadi,Mohammad Safadi,Mohammad Safadi,Mohammad Safadi,Mohammad Safadi,محمد الصفدي,Mohammad Safadi,male,محمد الصفدي,Mohammad Safadi,,Mohammad Safadi,Mohammad Safadi,1944-03-28,/m/0n52czp,Mohammad,,,,,,,,,,,,,,,,,,,,,,,,,,,,,,,,,,,,,,,,,,,,,,,,,,,,,,,,,,,,,,,,,,,,,,,,,,,,,,,,,,,,,,,,,,,,,,,,,,,,,,,,,,,,,,,,,,,,,,,,,,,,,,,,,,,,,,,,,,,,,,,,,,,,,,,,,,,,,,,,,,,,,
Q467879,Elie Hobeika,إيلي حبيقة,Elie Hobeika,Elie Hobeika,Elie Hobeika,Elie Hobeika,Elie Hobeika,إيلي حبيقة,Elie Hobeika,male,Elie Hobeika,Elie Hobeika,Elie Hobeika,Elie Hobeika,Elie Hobeika,1956-09-22,/m/01sn95,Elie,Elie Hobeika,エリー・ホベイカ,,https://upload.wikimedia.org/wikipedia/commons/2/26/Lebanon_January_2014_687.JPG,25662912,אלי חובייקה,אלי חובייקה,2002-01-24,,,,,,,,,,Elie Hobeika,Elie Hobeika,,Elie Hobeika,,"Хобейка, Элие",Elias Hobeyka,Elie Hobeika,,,,,,,,,,Elie Hobeika,Category:Elie Hobeika,,Elie Hobeika,,,Elie Hobeika,Elie Hobeika,,Elie Hobeika,Elie Hobeika,,,,,"Хобейка, Элие",,,Elie Hobeika,Elias Hobeyka,,,079121276,,,,,,,,,,,,0000 0000 7870 501X,128701684,n00048552,14461825f,,ايلي حبيقه,,ايلى حبيقه,,,,,Elie Hobeika,,,,,,,,,,,,,,,,,Elie Hobeika,,,,,,,,,,,,,,,,,,,,,,,,,449975,,,,biography/Elie-Hobeika,,,,Elie Hobeika,,Elie Hobeika,,,,,,,,,,,,,,,,,,,,,,,,,,,,,,,,
Q1344225,Rashid Karami,رشيد كرامي,Rashid Karami,Rashid Karami,Rachid Karamé,Rashid Karami,Rashid Karami,رشيد كرامي,Rashid Karami,male,Rashid Karami,Raszid Karami,Rashid Karami,Rachid Karamé,Raszid Karami,1921-12-30,/m/0456k6,Rashid,Rashid Karame,ラシード・カラーミー,,https://upload.wikimedia.org/wikipedia/commons/4/4f/Rashid_Karami.jpg,69734837,רשיד כראמי,רשיד כראמי,1987-06-01,,,拉希德·卡拉米,拉希德·卡拉米,拉希德·卡拉米,,,,,,,,Rashid Karami,,"Караме, Рашид",Raşid Karami,,,,,,,拉希德·卡拉米,,,,,,,,,,,Rashid Karame,,,Rashid Karami,,,,,"Караме, Рашид",,,Rashid Karami,Raşid Karami,,拉希德·卡拉米,,,,Ռաշիդ Քարամե,,,رشید کرامی,رشید کرامی,Ռաշիդ Քարամե,,,,,119250586,n88286058,,,,,,,,,,Rashid Karami,,,,,,,,,,,,,,,,,,,,,,,,,,,,,,,,,,,,,,,,,,258165,117262,,,,,,,,,,,,,,,,,,Raszid Karami,,,,,,,,,,,,,,,,,,,,,,,
Q16123647,,عماد الحوت,,,,,عماد الحوت,عماد الحوت,,male,عماد الحوت,,,,,,,,,,,,,,,,,,,,,,,,,,,,,,,,,,,,,,,,,,,,,,,,,,,,,,,,,,,,,,,,,,,,,,,,,,,,,,,,,,,,,,,,,,,,,,,,,,,,,,,,,,,,,,,,,,,,,,,,,,,,,,,,,,,,,,,,,,,,,,,,,,,,,,,,,,,,,,,,,,,,,,,,,,,,
Q5371591,Emile Rahme,إميل رحمة,,Emile Rahme,,Emile Rahme,Emile Rahme,إميل رحمة,Emile Rahme,male,إميل رحمة,,,,,,,Emile,Emile Rahme,,,,,,,,,,,,,,,,,,,,,,,,,,,,,,,,,,,,,,,,,,,,,,,,,,,,,,,,,,,,,,,,,,,,,,,,,,,,,,,,,,,,,,,,,,,,,,,,,,,,,,,,,,,,,,,,,,,,,,,,,,,,,,,,,,,,,,,,,,,,,,,,,,,,,,,,,,,,,,,,,,,,
Q5371579,Emile Lahoud Jr.,إميل إميل لحود,Emile Lahoud Jr.,Emile Lahoud Jr.,Emile Lahoud Jr.,Emile Lahoud Jr.,Emile Lahoud Jr.,إميل إميل لحود,Emile Lahoud Jr.,male,Emile Lahoud Jr.,Émile Lahoud,,,Émile Lahoud (pływak),1975-01-21,,Emile,Emile Lahoud,,,,,,,,,,,,,,,,,,,,,,Эмиль Лахуд-младший,,,,,,,,,,,,,,,,,,,,,,,,,,,,,,,,,,,,,,,,,,,,,,,,,,,,,,,,,,,,,,,,,,,,,Emile Lahoud Jr.,,,,,,,,,,,,,,,,,,,,,,,,,,,,,,,,,,,,,,,,,,,,,,,,,,,,,,,,,,,,,,,,,,,,,,,,,
Q2919035,Nadim Gemayel,نديم الجميّل,Nadim Gemayel,Nadim Gemayel,Nadim Bachir Gemayel,Nadim Gemayel,Nadim Gemayel,نديم الجميل,Nadim Gemayel,male,نديم الجميّل,Nadim Dżemajel,,Nadim Bachir Gemayel,Nadim al-Dżumajjil,1982-05-01,/m/05mzkkl,Nadim,Nadim Bashir Gemayel,,,https://upload.wikimedia.org/wikipedia/commons/a/a1/NBG_p1.PNG,,נדים ג'ומאייל,נדים ג'ומאייל,,,,,,,,,,,,,,,,,,,,,,,Nadim Gemayel,,,,,,Category:Nadim Gemayel,,,,,,,,,,,,,,"Жмайель, Надим",,,,,,,,,,,,,,,,,,,,,,,,نديم الجميل,Nádim Džamáíl,نديم الجميل,,,,,Nadim Gemayel,,,,,,,,,,,,,,,,,,,,,,,,,,,,,,,,,,,,,,,,,,,,,,,,,,,,,,,,,,,,,,,,,,,,,,,,,,,,,,,,,,,,
Q1378193,Walid Eido,وليد عيدو,Walid Eido,Walid Eido,Walid Eido,Walid Eido,Walid Eido,وليد عيدو,Walid Eido,male,Walid Eido,Walid Eido,Walid Eido,Walid Eido,Walid Eido,1942-04-02,/m/02rr00n,Walid,,,,,,וליד עידו,וליד עידו,2007-06-13,,,,,,,,,,,,,,,,,,,,,,,,,,,,,,,,,,,,,Walid Eido,,,,,,,Walid Eido,,,,,,,,,,,,,,,,,,,,,,,,,,,,,Walid Eido,,,,,,,,,,,,,,,,,Walid Eido,,,,,,,,,,,,,,,,,,,,,,,,,,,,,,,,,,,,,,,,,,,,,,,,,,,,,,,,,,,,,,,,,,,
Q716290,Tony Frangieh,طوني فرنجيّة,Tony Frangieh,Tony Frangieh,Tony Frangié,Tony Frangieh,Tony Frangieh,طوني فرنجية,Tony Frangieh,male,Tony Frangieh,,Tony Frangieh,Tony Frangié,,1941-09-01,/m/03j5tn,Tony,,,,,,טוני פרנג'יה,טוני פרנג'יה,1978-06-13,,,,,,,,,,,,,,,,,,,,,,,,,,,,,,,,,,,,,,,,,,,,,,,,,,,,,,,,,,,,,,,,,,,,,,,,,Tony Frangieh,,,,,,,,,,,,,,,,,,,,,,,,,,,,,,,,,,,,,,,,,,,,,,,,,,,,,,,,,,,,,,,,,,,,,,,,,,,,,,,,,,,,
Q2867013,Assem Qanso,عاصم قانصوه,Assem Qanso,Assem Qanso,Assem Qanso,Assem Qanso,Assem Qanso,عاصم قانصوه,Assem Qanso,male,عاصم قانصوه,Assem Kanso,,Assem Qanso,Assem Kanso,1937,/m/07n4x3,,,,,,,,,,,,,,,,,,,,,,,,,,,,,,,,,Assem Qanso,,,,Category:Assem Qanso,,,,,,,,,,,,Assem Qanso,,,,,,,,,,,,,,,,,,,,,,,,,,,,,,,,,,,,,,,,,,,,,,,,,,,,,,,,,,,,,,,,,,,,,,,,,,,,,,,,,,,,,,,,,,,,,,,,,,,,,,,,,,,,,,,,,,,,,
Q3318932,Mohammad Kabbara,محمد كبارة,,,Mohammad Kabbara,Mohammad Kabbara,Mohammad Kabbara,محمد كبارة,,male,محمد كبارة,Mohammad Kabbara,,Mohammad Kabbara,Mohammad Kabbara,1944,,Mohammad,,,,,,,,,,,,,,,,,,,,,,,,,,,,,,,,,,,,,,,,,,,,,,,,,,,,,,,,,,,,,,,,,,,,,,,,,,,,,,,,,,,,,,,,,,,,,,,,,,,,,,,,,,,,,,,,,,,,,,,,,,,,,,,,,,,,,,,,,,,,,,,,,,,,,,,,,,,,,,,,,,,,,
Q3143491,Hussein el-Husseini,حسين الحسيني,Hussein el-Husseini,,Hussein Husseini,Hussein el-Husseini,Hussein el-Husseini,حسين الحسيني,Hussein el-Husseini,male,Hussein el-Husseini,Hussein el-Husseini,,Hussein Husseini,Hussein el-Husseini,1937-04-15,/m/0fj2kh,Hussein,,,,https://upload.wikimedia.org/wikipedia/commons/3/3d/Hussein-alhusseini.JPG,305212926,,,,,,,,,,,,,,,,,,,,,,,,,,,,,,,,,,,,,,,,,,,,,,,,,,,,,,,,,,,,,,,,,,,,,,,,,,,,,,,,,,,,,,,,,,,,,,,,,,,,,,,,,,,,,,,,,,,,,,,,,,,,,,,,,,,,,,,,,,,,,,,,,,,,,,,,,,,,,,,,
Q2919005,Samy Gemayel,سامي الجميّل,Samy Gemayel,Samy Gemayel,Samy Gemayel,Samy Gemayel,Samy Gemayel,سامي الجميل,Samy Gemayel,male,سامي الجميّل,Samy Dżemajel,,Samy Gemayel,Sami al-Dżumajjil,1980-12-03,/m/05mtg57,Samy,Samy Gemayel,,,,,סאמי ג'ומאייל,סאמי ג'ומאייל,,,,,,,,,,,,,,,,Сами Жмайель,,,,,,,,,Samy Gemayel,,,,,,,,,,,,,,,,Samy Gemayel,,,,,,,,,,,,,,,,,,,,,,,,,,سامى الجميل,Samy Džamáíl,سامى الجميل,,,,,Samy Gemayel,,,,,,,,,,,,,,,,,,,,,,,,,,,,,,,,,,,,,,,,,,,,,,,,,,,,,,,,,,,,,,,,,,,,,,,,,,,,,,,,,,,,
Q2943722,Ghazi Zaiter,غازي زعيتر,Ghazi Zaiter,Ghazi Zaiter,,Ghazi Zaiter,Ghazi Zaiter,غازي زعيتر,Ghazi Zaiter,male,غازي زعيتر,,,,,1949,,,,,,,,,,,,,,,,,,,,,,,,,,,,,,,,,,,,,,,,,,,,,,,,,,,,,,,,,,,,,,,,,,,,,,,,,,,,,,,,,,,,,,,,,,,,,,,,,,,,,,,,,,,,,,,,,,,,,,,,,,,,,,,,,,,,,,,,,,,,,,,,,,,,,,,,,,,,,,,,,,,,,,,
Q6765230,,خالد زهرمان,,,,,خالد زهرمان,خالد زهرمان,,male,خالد زهرمان,,,,,,,,,,,,,,,,,,,,,,,,,,,,,,,,,,,,,,,,,,,,,,,,,,,,,,,,,,,,,,,,,,,,,,,,,,,,,,,,,,,,,,,,,,,,,,,,,,,,,,,,,,,,,,,,,,,,,,,,,,,,,,,,,,,,,,,,,,,,,,,,,,,,,,,,,,,,,,,,,,,,,,,,,,,,
Q5368272,Elwalid Succariyeh,الوليد سكرية,,Elwalid Succariyeh,,Elwalid Succariyeh,Elwalid Succariyeh,الوليد سكرية,Elwalid Succariyeh,male,الوليد سكرية,,,,,,,,,,,,,,,,,,,,,,,,,,,,,,,,,,,,,,,,,,,,,,,,,,,,,,,,,,,,,,,,,,,,,,,,,,,,,,,,,,,,,,,,,,,,,,,,,,,,,,,,,,,,,,,,,,,,,,,,,,,,,,,,,,,,,,,,,,,,,,,,,,,,,,,,,,,,,,,,,,,,,,,,,,,,
Q12228154,Ali Ammar,علي عمار,,Ali Ammar,Ali Ammar,,Ali Ammar,علي عمار (سياسي لبناني),,male,علي عمار (سياسي لبناني),,,Ali Ammar,,1956,,Ali,,,,,,,,,,,,,,,,,,,,,,,,,,,,,,,,,,,,,,,,,,,,,,,,,,,,,,,,,,,,,,,,,,,,,,,,,,,,,,,,,,,,,,,,,,,,,,,,,,,,,,,,,,,,,,,,,,,,,,,,,,,,,,,,,,,,,,,,,,,,,,,,,,,,,,,,,,,,,,,,,,,,,
Q3566888,Wael Abou Faour,وائل أبو فاعور,Wael Abou Faour,Wael Abou Faour,Waël Abou Faour,Wael Abou Faour,Wael Abou Faour,وائل أبو فاعور,Wael Abou Faour,male,وائل أبو فاعور,Wael Abu Faour,,Waël Abou Faour,Wael Abu Faour,1972,/m/03cp1f5,,,,,https://upload.wikimedia.org/wikipedia/commons/5/50/Wael-abou_faour.jpg,,,,,,,,,,,,,,,,,,,,,,,,,,,,,,,,,,,,,,,,,,,,,,,,,,,,,,,,,,,,,,,,,,,,,,,,,,,,,,,,,,,,,,,,,,,,,,,,,,,,,,,,,,,,,,,,,,,,,,,,,,,,,,,,,,,,,,,,,,,,,,,,,,,,,,,,,,,,,,,,,
Q3334713,Nabil de Freige,نبيل دو فريج,,,Nabil de Freige,,Nabil de Freige,نبيل دو فريج,,male,نبيل دو فريج,,,Nabil de Freige,,1955,,,,,,,,,,,,,,,,,,,,,,,,,,,,,,,,,,,,,,,,,,,,,,,,,,,,,,,,,,,,,,,,,,,,,,,,,,,,,,,,,,,,,,,,,,,,,,,,,,,,,,,,,,,,,,,,,,,,,,,,,,,,,,,,,,,,,,,,,,,,,,,,,,,,,,,,,,,,,,,,,,,,,,,
Q2777828,Raymond Eddé,ريمون إده,Raymond Eddé,Raymond Eddé,Raymond Eddé,Raymond Eddé,Raymond Eddé,ريمون إده,Raymond Eddé,male,Raymond Eddé,,,Raymond Eddé,,1913-03-15,/m/05kqzv,Raymond,,,,,46760543,ריימונד אדה,ריימונד אדה,2000-05-10,,,,,,,,,,,,,,,Раймон Эдде,,,,,,,,,,,,,,,,,,,,,,,,,,,,,,,,,,026848252,,,,,,,,,,,,0000 0000 2906 2660,,,11901539h,,,,,,,,,,,,,,,,,,,,,,,,,,,,,,,,,,,,,,,,,,,,,,,,,,,,,,,,,,,,,,,,,,,,,,,,,,,,,,,,,,,,,,,,,,,,,
Q3147509,Ibrahim Najjar,إبراهيم نجار,,Ibrahim Najjar,Ibrahim Najjar,Ibrahim Najjar,Ibrahim Najjar,إبراهيم نجار,Ibrahim Najjar,male,Ibrahim Najjar,Ibrahim Nadżdżar,,Ibrahim Najjar,Ibrahim Nadżdżar,1930,,Ibrahim,,,,,,,,,,,,,,,,,,,,,,,,,,,,,,,,,,,,,,,,,,,,,,,,,,,,,,,,,,,,,,,,,,,,,,,,,,,,,,,,,,,,,,,,,,,,,,,,,,,,,,,,,,,,,,,,,,,,,,,,,,,,,,,,,,,,,,,,,,,,,,,,,,,,,,,,,,,,,,,,,,,,,
Q400641,Ahmad Fatfat,أحمد فتفت,Ahmad Fatfat,Ahmad Fatfat,Ahmad Fatfat,Ahmad Fatfat,Ahmad Fatfat,أحمد فتفت,Ahmad Fatfat,male,أحمد فتفت,Ahmad Fatfat,Ahmad Fatfat,Ahmad Fatfat,Ahmad Fatfat,1953-03-28,/m/0f2nyk,Ahmad,,,,,,,,,,,,,,,,,,,,,,,,,,,,,,,,,,,,,,,,,,,,,,,,,,,,,,,,,,,,,,,,,,,,,,,,,,,,,,,,,,,,,,,,,,,,,,,,,,,,,,,,,,,,,,,,,,,,,,,,,,,,,,,,,,,,,,,,,,,,,,,,,,,,,,,,,,,,,,,,,,,,,
Q3435074,Robert Fadel,روبير فاضل,Robert Fadel,Robert Fadel,Robert Fadel,Robert Fadel,Robert Fadel,روبير فاضل,Robert Fadel,male,روبير فاضل,,,Robert Fadel,,1970-01-12,,Robert,,,,,324180,,,,,,,,,,,,,,,,,,,,,,,,,,,,,,,,,,,,,,,,,,,,,,,,,,,,114396477,,,,,,,,,,,,,,,15556626j,,,,,,,,,Robert Fadel,,,,,,,,,,,,,,,,,,,,,,,,,,,,,,,,,,,,,,,,,,,,,,,,,,,,,,,,,,,,,,,,,,,,,,,,,,,,,,,,,,,,
Q2916218,Rachid Solh,رشيد الصلح,Rachid Solh,Rachid Solh,Rachid Solh,Rachid Solh,Rachid Solh,رشيد الصلح,Rachid Solh,male,Rachid Solh,Raszid as-Sulh,Rachid Solh,Rachid Solh,Raszid as-Sulh,1926-06-22,/m/03hnstl,Rachid,,ラシード・アッ＝スルフ,,,,רשיד א-סולח,רשיד א-סולח,2014-06-27,,,,,,,,,,,,,,,"Ас-Сольх, Рашид",,,,,,,,,,,,,,,,,,,,,,,,,,,"Ас-Сольх, Рашид",,Rachid Solh,,,,,,,,,,,رشید الصلح,رشید الصلح,,,,,,,,,,,,,,,,,Rachid Solh,,,,,,,,,,,,,,,,,Rachid Solh,,,,,,,,,,,,,,,,,,,,,,,,,,,,,,,,,,,,,,,,,,,,,,,,,,,,,,,,,,,,,,,,,,,
Q743555,Marwan Hamadeh,مروان حمادة,Marwan Hamadeh,Marwan Hamadeh,Marwan Hamadé,Marwan Hamadeh,Marwan Hamadeh,مروان حمادة,Marwan Hamadeh,male,مروان حمادة,Marwan Hamadeh,Marwan Hamadeh,Marwan Hamadé,Marwan Hamadeh,1939-09-11,/m/09br2t,Marwan,,,,,,,,,,,,,,,,,,,,,,,,,,,,,,,,,,,,,,,,,,,,,,,,,,,,,,,,,,,,,,,,,,,,,,,,,,,,,,,,,,,,,,,,,,,,,,,,,,,,,,,,,,,,,,,,,,,,,,,,,,,,,,,,,,,,,,,,,,,,,,,,,,,,,,,,,,,,,,,,,,,,,
Q3050940,Elias Saba,إلياس سابا,,Elias Saba,Elias Saba,Elias Saba,Elias Saba,إلياس سابا,Elias Saba,male,Elias Saba,Elias Saba,,Elias Saba,Elias Saba,1929,,Elias,,,,,,,,,,,,,,,,,,,,,,,,,,,,,,,,,,,,,,,,,,,,,,,,,,,,,,,,,,,,,,,,,,,,,,,,,,,,,,,,,,,,,,,,,,,,,,,,,,,,,,,,,,,,,,,,,,,,,,,,,,,,,,,,,,,,,,,,,,,,,,,,,,,,,,,,,,,,,,,,,,,,,
Q3470835,Samir Frangieh,سمير فرنجيّة,Samir Frangieh,Samir Frangieh,Samir Frangié,Samir Frangieh,Samir Frangieh,سمير فرنجية,Samir Frangieh,male,Samir Frangieh,,,Samir Frangié,,1954-04-12,,Samir,,,,https://upload.wikimedia.org/wikipedia/commons/e/e9/Paris_-_Salon_du_livre_2012_-_Samir_Frangié_-_003.jpg,250903357,,,,,,,,,,,,,,,,,,,,,,,,,,,,,,,,,,,,,,,,,,,,,,,,,,,,161278965,,,,,,,,,,,,,,,166030044,,,,,,,,,,,,,,,,,,,,,,,,,,,,,,,,,,,,,,,,,,,,,,,,,,,,,,,,,,,,,,,,,,,,,,,,,,,,,,,,,,,,,,,,,,,,,
Q317274,Abdul Hamid Karami,عبد الحميد كرامي,Abdul Hamid Karami,Abdul Hamid Karami,Abdel Hamid Karamé,Abdul Hamid Karami,Abdul Hamid Karami,عبد الحميد كرامي,Abdul Hamid Karami,male,Abdul Hamid Karami,Abdul Hamid Karami,Abdul Hamid Karami,Abdel Hamid Karamé,Abd al-Hamid Karami,1890-10-23,/m/0805s8,Abdul,Abd al-Hamid Karame,アブドルハミード・カラーミー,,,168802769,עבד אל-חמיד כראמי,עבד אל-חמיד כראמי,1950,,,,,,,,,,,,,,,"Караме, Абдул Хамид",,Abdul Hamid Karami,,,,,,,,,,Abdul Hamid Karami,,,,,,,Abd al-Hamid Karame,,,,,,,,"Караме, Абдул Хамид",,,,,,,,,,,,,,,,,,,,,,,,,,,,,,,Abdul Hamid Karami,,,,,,,,,,,,,,,,,,,,,,,,,,,,,,,,,,,,,,,,,,,,,,,,,,,,,,,,,,,,,,,,,,,,,,,,,,,,,,,,,,,,
Q542235,Sethrida Geagea,ستريدا جعجع,Sethrida Geagea,Sethrida Touk-Geagea,Sethrida Geagea,Sethrida Geagea,Sethrida Geagea,ستريدا جعجع,Sethrida Geagea,female,ستريدا جعجع,Strida Dżadża,Sethrida Touk-Geagea,Sethrida Geagea,Strida Dżadża,1967,/m/06k5kx,,,,,,,,,,,,,,,,,,,,,,,,,,,,,,,,,Sethrida Geagea,,,,,,,,,,,,,,,,Sethrida Geagea,,,,,,,,,,,,,,,,,,,,,,,,,,,,,,,,,,,,,,,,,,,,,,,,,,,,,,,,,,,,,,,,,,,,,,,,,,,,,,,,,,,,,,,,,,,,,,,,,,,,,,,,,,,,,,,,,,,,,
Q19281837,Joseph Chader,,,,Joseph Chader,,Joseph Chader,,Joseph Chader,male,Joseph Chader,,,,,1907,,Joseph,,,,,,,,1977-03-28,,,,,,,,,,,,,,,,,,,,,,,,,,,,,,,,,,,,,,,,,,,,,,,,,,,,,,,,,,,,,,,,,,,,,,,,,,,,,,,,,,,,,,,,,,,,,,,,,,,,,,,,,,,,,,,,,,,,,,,,,,,,,,,,,,,,,,,,,,,,,,,,,,,,,,,,,,,,,
Q3103444,Georges Saadeh,جورج سعادة,,Georges Saadeh,Georges Saadeh,Georges Saadeh,Georges Saadeh,جورج سعادة,Georges Saadeh,male,Georges Saadeh,,,Georges Saadeh,,1930-11-21,,Georges,,,,,,,,1998-11-17,,,,,,,,,,,,,,,,,,,,,,,,,,,,,,,,,,,,,,,,,,,,,,,,,,,,,,,,,,,,,,,,,,,,,,,,,,,,,,,,,,,,,,,,,,,,,,,,,,,,,,,,,,,,,,,,,,,,,,,,,,,,,,,,,,,,,,,,,,,,,,,,,,,,,,,,,,,,,
Q2852389,Anwar Khalil,أنور الخليل,,Anwar Khalil,Anouar el-Khalil,,Anwar Khalil,أنور الخليل,Anwar Khalil,male,أنور الخليل,Anwar al-Chalil,,Anouar el-Khalil,Anwar al-Chalil,1938,/m/080fhtv,Anwar,,,,,,,,,,,,,,,,,,,,,,,,,,,,,,,,,,,,,,,,,,,,,,,,,,,,,,,,,,,,,,,,,,,,,,,,,,,,,,,,,,,,,,,,,,,,,,,,,,,,,,,,,,,,,,,,,,,,,,,,,,,,,,,,,,,,,,,,,,,,,,,,,,,,,,,,,,,,,,,,,,,,,
Q2943737,Ali Fayyad,علي فياض,Ali Fayyad,Ali Fayyad,,Ali Fayyad,Ali Fayyad,علي فياض (نائب),Ali Fayyad,male,علي فياض (سياسي لبناني),,,,,1962,,Ali,,,,,,,,,,,,,,,,,,,,,,,,,,,,,,,,,,,,,,,,,,,,,,,,,,,,,,,,,,,,,,,,,,,,,,,,,,,,,,,,,,,,,,,,,,,,,,,,,,,,,,,,,,,,,,,,,,,,,,,,,,,,,,,,,,,,,,,,,,,,,,,,,,,,,,,,,,,,,,,,,,,,,
Q3050927,Elias Atallah,إلياس عطا الله,Elias Atallah,Elias Atallah,Elias Atallah,Elias Atallah,Elias Atallah,إلياس عطا الله,Elias Atallah,male,Elias Atallah,Elias Atallah,,Elias Atallah,Elias Atallah,1947,/m/047q728,Elias,,,,,97635161,,,,,,,,,,,,,,,,,,,,,,,,,,,,,,,,,,,,,,,,,,,,,,,,,,,,,,,,,,,,,,,,,,,15113090r,,,,,,,,,,,,,,,,,,,,,,,,,,,,,,,,,,,,,,,,,,,,,,,,,,,,,,,,,,,,,,,,,,,,,,,,,,,,,,,,,,,,,,,,,,,,,
Q318505,Pierre Amine Gemayel,بيار أمين الجميّل,Pierre Amine Gemayel,Pierre Gemayel junior,Pierre Amine Gemayel,Pierre Amine Gemayel,Pierre Amine Gemayel,بيار أمين الجميل,Pierre Amine Gemayel,male,Pierre Amine Gemayel,Pierre Amin Dżemajel,Pierre Gemayel junior,Pierre Amine Gemayel,Bijar Amin al-Dżumajjil,1972-09-23,/m/026psgb,Pierre,Pierre Amine Gemayel,ピエール・ジュマイエル,,https://upload.wikimedia.org/wikipedia/commons/2/27/Pierre_Amine_Gemayel_(cropped).jpg,,פייר אמין ג'ומאייל,פייר אמין ג'ומאייל,2006-11-21,,,,,,,,,,Pierre Amine Gemayel,Pierre Amine Gemayel,,Pierre Amine Gemayel,Pierre Amine Gemayel,"Жмайель, Пьер Амин",,Pierre Amine Gemayel,Pierre Amine Gemayel,,,,Pierre Amine Gemayel,,Pierre Amine Gemayel,,,Pierre Amine Gemayel,Category:Pierre Amine Gemayel,,Pierre Amine Gemayel,Pierre Amine Gemayel,,Pierre Amine Gemayel,Pierre Amine Gemayel,,Pierre Amine Gemayel,Pierre Amine Gemayel,,Pierre Amine Gemayel,Pierre Amine Gemayel,Pierre Amine Gemayel,"Жмайель, Пьер Амин",,,Pierre Amine Gemayel,,,,,,,,,Pierre Amine Gemayel,,,,,Pierre Amine Gemayel,,,,,,,,Pierre Amín Džamáíl,,,Pierre Amine Gemayel,,,Pierre Amine Gemayel,,,,,,,,,,,,Pierre Gemayel,,Pierre Gemayel,,,Pierre Amine Gemayel,,,,,,,,,,,,,,,,,,,,,Catégorie:Pierre Amine Gemayel,,,Pierre Amine Gemayel,,,,,,,,,,,,,,,,Pierre Amine Gemayel,,,,,,,,,Pierre Amine Gemayel,პიერ გემაიელი,Pierre Amine Gemayel,პიერ ამინ ჟმაიელი,,,,,,,,,,,,,,,
Q2797532,Maurice Gemayel,موريس الجميل,,Maurice Gemayel,Maurice Gemayel,Maurice Gemayel,Maurice Gemayel,موريس الجميل,Maurice Gemayel,male,Maurice Gemayel,,,Maurice Gemayel,,1910,/m/026rwfd,Maurice,,,,,47703860,,,1970-10-31,,,,,,,,,,,,,,,,,,,,,,,,,,,,,,,,,,,,,Maurice Gemayel,,,,,,,,,,,,,,,,,,,,,,,,,,,,,,,,,,,,,,,,,,,,,,,,,,,,,,,,,,,,,,,,,,,,,,,,,,,,,,446216,,,,,,,,,,,,,,,,,,,,,,,,,,,,,,,,,,,,,,,,,,
Q12249636,,هاشم علم الدين,,,,,هاشم علم الدين,هاشم علم الدين,,male,هاشم علم الدين,,,,,1940,,,,,,,,,,2010-04-29,,,,,,,,,,,,,,,,,,,,,,,,,,,,,,,,,,,,,,,,,,,,,,,,,,,,,,,,,,,,,,,,,,,,,,,,,,,,,,,,,,,,,,,,,,,,,,,,,,,,,,,,,,,,,,,,,,,,,,,,,,,,,,,,,,,,,,,,,,,,,,,,,,,,,,,,,,,,,
Q607841,Charles Malik,شارل مالك,Charles Malik,Charles Malik,Charles Malik,Charles Malik,Charles Malik,شارل مالك,Charles Malik,male,Charles Malik,Charles Habib Malik,Charles Malik,Charles Malik,Charles Habib Malik,1906,/m/0h2vxk,Charles,,,,https://upload.wikimedia.org/wikipedia/commons/b/b2/Malik&Hammarskjold.jpg,73981744,,,1987-12-28,,,,查爾斯·哈比卜·馬利克,,查尔斯·哈比卜·马利克,,,,,,,,,,,,,,,,,,,,,,,,,,,,,,,,,,,,,,,,,,,080903002,00000005038,,,Carolus Malik,,شارل مالک,شارل مالک,,Carolus Malik,,,0000 0001 1447 9049,17320578X,n50044329,12895496v,,,,,,,,,Charles Malik,,,,,,,,,,,,,,,,,,,,,,,,,,,,,,,,,,,,,,,,,,1731297,129187,,,,,,,,,,,,,,,,,,,,,,,,,,,072822031,911896,,,,,,,,,,,,,
Q16126039,Habib Sadek,حبيب صادق,,Habib Sadek,,Habib Sadek,Habib Sadek,حبيب صادق,Habib Sadek,male,Habib Sadek,,,,,,,Habib,,,,,,,,,,,,,,,,,,,,,,,,,,,,,,,,,,,,,,,,,,,,,,,,,,,,,,,,,,,,,,,,,,,,,,,,,,,,,,,,,,,,,,,,,,,,,,,,,,,,,,,,,,,,,,,,,,,,,,,,,,,,,,,,,,,,,,,,,,,,,,,,,,,,,,,,,,,,,,,,,,,,,
Q16122500,,باسم الشاب,,,,,باسم الشاب,باسم الشاب,,male,باسم الشاب,,,,,,,,,,,,,,,,,,,,,,,,,,,,,,,,,,,,,,,,,,,,,,,,,,,,,,,,,,,,,,,,,,,,,,,,,,,,,,,,,,,,,,,,,,,,,,,,,,,,,,,,,,,,,,,,,,,,,,,,,,,,,,,,,,,,,,,,,,,,,,,,,,,,,,,,,,,,,,,,,,,,,,,,,,,,
Q12248702,Nehmé Tohmé,نعمة طعمة,,,Nehmé Tohmé,,Nehmé Tohmé,نعمة طعمة,,male,نعمة طعمة,,,Nehmé Tohmé,,1934,,,,,,,,,,,,,,,,,,,,,,,,,,,,,,,,,,,,,,,,,,,,,,,,,,,,,,,,,,,,,,,,,,,,,,,,,,,,,,,,,,,,,,,,,,,,,,,,,,,,,,,,,,,,,,,,,,,,,,,,,,,,,,,,,,,,,,,,,,,,,,,,,,,,,,,,,,,,,,,,,,,,,,,
Q20393724,,إدغار معلوف,,,,,إدغار معلوف,إدغار معلوف,,male,إدغار معلوف,,,,,,,,,,,,,,,,,,,,,,,,,,,,,,,,,,,,,,,,,,,,,,,,,,,,,,,,,,,,,,,,,,,,,,,,,,,,,,,,,,,,,,,,,,,,,,,,,,,,,,,,,,,,,,,,,,,,,,,,,,,,,,,,,,,,,,,,,,,,,,,,,,,,,,,,,,,,,,,,,,,,,,,,,,,,
Q2916339,Khalil al-Hibri,خليل الهبري,,Chalil al-Hibri,Khaled Hibri,Khalil al-Hibri,Khalil al-Hibri,خليل الهبري,Khalil al-Hibri,male,Khalil al-Hibri,Chalid Hibri,Chalil al-Hibri,Khaled Hibri,Chalid Hibri,1904,/m/0271_k8,,,ハリール・アル＝ヒブリー,,,,ח'ליל אל-חיברי,ח'ליל אל-חיברי,1979,,,,,,,,,,,,,,,,,,,,,,,,,,,,,,,,,,,,,,,,,,,,,,,,,,,,,,,,,,,,,,,,,,,,,,,,,,,,,,,,,,,,,,,,,,,,,,,,,,,,,,,,,,,,,,,,,,,,,,,,,,,,,,,,,,,,,,,,,,,,,,,,,,,,,,,,,,,,,
Q12239670,,محمد الحجار,,,,,محمد الحجار,محمد الحجار,,male,محمد الحجار (سياسي لبناني),,,,,,,,,,,,,,,,,,,,,,,,,,,,,,,,,,,,,,,,,,,,,,,,,,,,,,,,,,,,,,,,,,,,,,,,,,,,,,,,,,,,,,,,,,,,,,,,,,,,,,,,,,,,,,,,,,,,,,,,,,,,,,,,,,,,,,,,,,,,,,,,,,,,,,,,,,,,,,,,,,,,,,,,,,,,
Q7404555,Salim Bey Karam,سليم بك يوسف بك كرم,Salim Bey Karam,Salim Bey Karam,Salim Bey Karam,Salim Bey Karam,Salim Bey Karam,سليم بك كرم,Salim Bey Karam,male,Salim Bey Karam,Salim Karam,,,Salim Karam,1946-05-21,,Salim,,,,https://upload.wikimedia.org/wikipedia/commons/b/b8/Salim_Bey_Karam.jpg,,,,,,,,,,,,,,,,,,,,,,,,,,,,,,,,,,,,,,,,,,,,,,,,,,,,,,,,,,,,,,,,,,,,,,,,,,,,,Salim Bey Karam,,,,,,,,,,,,,,,,,,,,,,,,,,,,,,,,,,,,,,,,,,,,salimbeykaram,,,,,,,,,,,,,,,,,,,,,,,,,,,,,,,,,,,,,,,,
Q183556,Nasri Maalouf,نصري معلوف,Nasri Maalouf,Nasri Maalouf,Nasri Maalouf,Nasri Maalouf,Nasri Maalouf,نصري معلوف,Nasri Maalouf,male,Nasri Maalouf,Nasri Maalouf,Nasri Maalouf,Nasri Maalouf,Nasri Maalouf,1911-02-11,/m/05whb2,,,,,,,,,2005-04-02,,,,,,,,,,,,,,,,,,,,,,,,,,,,,,,,,,,,,,,,,,,,,,,,,,,,,,,,,,,,,,,,,,,,,,Nasri Maalouf,,,Nasri Maalouf,,,,,,,,,,,,,,,,,Nasri Maalouf,,,,,,,,,,,,,,,,,,,,,,,,,,,,,,,,,,,,,,,,,,,,,,,,,,,,,,,,,,,,,,,,,,,
Q3066889,Farid Habib,فريد حبيب,Farid Habib,Farid Habib,Farid Habib,Farid Habib,Farid Habib,فريد حبيب,Farid Habib,male,فريد حبيب,,,Farid Habib,,1935,,Farid,,,,,,,,2012-05-31,,,,,,,,,,,,,,,,,,,,,,,,,,,,,,,,,,,,,,,,,,,,,,,,,,,,,,,,,,,,,,,,,,,,,,,,,Farid Habib,,,,,,,,,,,,,,,,,,,,,,,,,,,,,,,,,,,,,,,,,,,,,,,,,,,,,,,,,,,,,,,,,,,,,,,,,,,,,,,,,,,,
Q3102173,Georges Adwan,جورج عدوان,Georges Adwan,Georges Adwan,Georges Adouan,Georges Adwan,Georges Adwan,جورج عدوان,Georges Adwan,male,جورج عدوان,Georges Adwan,,Georges Adouan,Georges Adwan,1947,/m/02qzq8g,Georges,,,,,,,,,,,,,,,,,,,,,,,,,,,,,,,,,,,,,,,,,,,,,,,,,,,,,,,,,,,,,,,,,,,,,,,,,,,,,,,,,Georges Adwan,,,,,,,,,,,,,,,,,,,,,,,,,,,,,,,,,,,,,,,,,,,,,,,,,,,,,,,,,,,,,,,,,,,,,,,,,,,,,,,,,,,,
Q3093894,Gabriel Murr,غابريال المر,,Gabriel Murr,Gabriel Murr,Gabriel Murr,Gabriel Murr,غابريال المر,Gabriel Murr,male,Gabriel Murr,Gabriel Murr,,Gabriel Murr,Gabriel Murr,,,Gabriel,,,,,,,,,,,,,,,,,,,,,,,,,,,,,,,,,,,,,,,,,,,,,,,,,,,,,,,,,,,,,,,,,,,,,,,,,,,,,,,,,,,,,,,,,,,,,,,,,,,,,,,,,,,,,,,,,,,,,,,,,,,,,,,,,,,,,,,,,,,,,,,,,,,,,,,,,,,,,,,,,,,,,
Q328776,Amine Gemayel,أمين الجميل,Amin Gemayel,Amin Gemayel,Amine Gemayel,Amin Gemayel,Amine Gemayel,أمين الجميل,Amine Gemayel,male,Amine Gemayel,Amin Dżemajel,Amin Gemayel,Amine Gemayel,Amin al-Dżumajjil,1942-01-22,/m/0265bt,Amin,Amin Gemayel,アミーン・ジェマイエル,,https://upload.wikimedia.org/wikipedia/commons/e/e0/Amine_Gemayel_2007.jpg,32019474,אמין ג'ומאייל,אמין ג'ומאייל,,,,,,,,,,Amine Gemayel,,Amine Gemayel,,Amine Gemayel,Amine Gemayel,"Жмайель, Амин Пьер",Emin Cemayel,,Amine Gemayel,,,,Amin Gemayel,,Amine Gemayel,,,,,,Amin Gemayel,Amine Gemayel,,Amine Gemayel,Amin Gemayel,,,Amin Gemayel,,Amin Gemayel,Amine Gemayel,Amine Gemayel,"Жмайель, Амин Пьер",,,Amine Gemayel,Emin Cemayil,Amine Gemayel,,028969227,00000016801,אמין זשומייעל,Ամին Պիեր Ժմայել,Amine Gemayel,,امین جمیل,امین جمیل,,Amine Gemayel,,אמין זשומייעל,0000 0001 2320 1815,119519658,n83181910,12069454w,,امين الجميل,Amín Džamáíl,امين الجميل,,,,,Amin Gemayel,,,Amín Džamáíl,,,,,,,,Amin Gemayel,Amine Gemayel,,Amine Gemayel,Amin Gemayel,,,,,,,,,,,,,,,,,,,081/000111745,,,,,,,,118505,101410,,,biography/Amin-Gemayel,,,,,,,,,,,,,,,,,,,,,ამინ ჟმაიელი,,ამინ ჟმაიელი,,,,,,,,,0029622,,,Amin Gemayel,n98096408,,
Q3050973,Elie Kayrouz,إيلي كيروز,Elie Kayrouz,Elie Kayrouz,Elie Keyrouz,Elie Kayrouz,Elie Kayrouz,إيلي كيروز,Elie Kayrouz,male,إيلي كيروز,,,Elie Keyrouz,,1959,/m/02qnr1r,Elie,,,,,,,,,,,,,,,,,,,,,,,,,,,,,,,,,,,,,,,,,,,,,,,,,,,,,,,,,,,,,,,,,,,,,,,,,,,,,,,,,Elie Kayrouz,,,,,,,,,,,,,,,,,,,,,,,,,,,,,,,,,,,,,,,,,,,,,,,,,,,,,,,,,,,,,,,,,,,,,,,,,,,,,,,,,,,,
Q1738970,Michel Murr,ميشال المرّ,Michel Murr,Michel Murr,Michel Murr,Michel Murr,Michel Murr,ميشال المر,Michel Murr,male,ميشال المرّ,Michel Murr,Michel Murr,Michel Murr,Michel Murr,1932,/m/09chg_,Michel,,,,,,מישל מור,מישל מור,,,,,,,,,,,,,,,,,Michel Murr,,,,,,,米歇爾·穆爾,,,,,,,,,,,,,,Michel Murr,,,,,,,,,Michel Murr,,,,,,,,,,,,,,,,,,,,,,,,,,,Michel Murr,,,,,,,,,,,,,,,,,,,,,,,,,,,,,,,,,,,,,,,,,,,135161,,,,,,,,,,,,,,,,,,,,,,,,,,,,,,,,,,,,,,,,,
Q365971,Camille Chamoun,كميل شمعون,Camille Chamoun,Camille Chamoun,Camille Chamoun,Camille Chamoun,Camille Chamoun,كميل شمعون,Camille Chamoun,male,Camille Chamoun,Kamil Szamun,Camille Chamoun,Camille Chamoun,Kamil Szamun,1900-04-03,/m/01rzpm,Camille,Camille Chamoun,カミール・シャムーン,カミール・シャムーン,https://upload.wikimedia.org/wikipedia/commons/c/c0/Camille_chamoun.jpg,17232311,כמיל שמעון,כמיל שמעון,1987-08-07,,,卡密拉·夏蒙,卡密拉·夏蒙,卡密拉·夏蒙,卡密拉·夏蒙,卡密拉·夏蒙,卡密拉·夏蒙,Camille Chamoun,,Camille Chamoun,,,Camille Chamoun,"Шамун, Камиль Нимр",,,,,,,Camille Chamoun,卡密拉·夏蒙,,,,,,,Camille Chamoun,,,Camille Chamoun,Camille Chamoun,,,Camille Chamoun,,Camille Chamoun,,Camille Chamoun,"Шамун, Камиль Нимр",,,,,Camille Chamoun,卡密拉·夏蒙,027970477,00000004972,,,Camillus Chamoun,,کمیل شمعون,کمیل شمعون,,Camillus Chamoun,,,,118867067,n80108727,119899810,,كميل شمعون,,كميل شمعون,,,,,Camille Chamoun,,,,,,,,,,,Camille Chamoun,,,,Camille Chamoun,,,,,,,,,,,,,,,,,,,,Camille Chamoun,,Camille Chamoun,,,,Camille Chamoun,1445658,,,,,,,,,,,,,,,Camille Chamoun,,,,,,,,,,ქამილ შამუნი,,ქამილ შამუნი,071575286,1480194,,,Kamille Şamoun,Камилле Шамоун,Камилле Шамоун,OL1203031A,0017321,,,,,,
