id,name__en,name__es,name__nl,name__fr,name__de,name__nb,name__da,name__nn,name__sv,name,wikipedia__en,wikipedia__es,wikipedia__simple,image,gender,birth_date,given_name,name__it,wikipedia__fr,identifier__VIAF,identifier__SUDOC,wikipedia__nl,death_date,name__eo,name__pt,name__pl,wikipedia__commons,wikipedia__de,wikipedia__eo,wikipedia__it,wikipedia__pl,wikipedia__pt,identifier__ISNI,identifier__GND,identifier__LCAuth,identifier__freebase,name__ca,name__gl,name__hr,wikipedia__hr,wikipedia__itwikiquote,name__lmo,name__hy,wikipedia__hy,identifier__GTAA,name__nds,family_name,identifier__NTA,name__ro,name__fy,name__cs,name__el,name__ru,wikipedia__ca,wikipedia__fy,wikipedia__sv,identifier__BNF,identifier__IMDB,identifier__NLA,website,identifier__BNE,identifier__NLP,twitter,name__sco,wikipedia__sco,name__hu,name__tr,wikipedia__tr,wikipedia__no,wikipedia__ru,name__ko,name__si,name__ja,name__ne,name__az,name__ml,name__ta,name__uk,name__id,wikipedia__az,wikipedia__cs,wikipedia__hu,wikipedia__id,wikipedia__ja,wikipedia__ko,wikipedia__ml,wikipedia__ne,wikipedia__plwikiquote,wikipedia__si,wikipedia__ta,wikipedia__uk,wikipedia__enwikiquote,wikipedia__eswikiquote,name__cy,identifier__AlloCine,original_wikiname,identifier__FAST
Q6165567,Víctor Jeame Barrueto,Víctor Jeame Barrueto,,,,,,,,Víctor Jeame Barrueto,,Víctor Jeame Barrueto,,,male,1953-07-01,Víctor,,,,,,,,,,,,,,,,,,,,,,,,,,,,,,,,,,,,,,,,,,,,,,,,,,,,,,,,,,,,,,,,,,,,,,,,,,,,,,,,
Q5658359,Adriana Muñoz,Adriana Muñoz,Adriana Muñoz,Adriana Muñoz,,,,,,Adriana Muñoz,,Adriana Muñoz,,https://upload.wikimedia.org/wikipedia/commons/b/b7/Adriana_Muñoz_D'Albora.jpg,female,1948-09-25,Adriana,,,,,,,,,,,,,,,,,,,,,,,,,,,,,,,,,,,,,,,,,,,,,,,,,Adriana Muñoz,,,,,,,,,,,,,,,,,,,,,,,,,,,,,,Adriana Muñoz,
Q5663007,Alberto Espina,Alberto Espina,Alberto Espina,Alberto Espina,,,,,,Alberto Espina,,Alberto Espina,,https://upload.wikimedia.org/wikipedia/commons/0/0b/Alberto_Espina_Otero.jpg,male,1956-11-04,Alberto,Alberto Espina,,,,,,,,,,,,,,,,,,,,,,,,,,,,,,,,,,,,,,,,,,,,,,,,Alberto Espina,,,,,,,,,,,,,,,,,,,,,,,,,,,,,,Alberto Espina,
Q5664433,Aldo Cornejo,Aldo Cornejo,,Aldo Cornejo,,,,,,Aldo Cornejo,,Aldo Cornejo,,https://upload.wikimedia.org/wikipedia/commons/7/76/Aldo_Cornejo_González.jpg,male,1955-04-19,Aldo,,,,,,,,,,,,,,,,,,,,,,,,,,,,,,,,,,,,,,,,,,,,,,,,,,,,,,,,,,,,,,,,,,,,,,,,,,,,,,,Aldo Cornejo,
Q5675566,Andrés Aylwin,Andrés Aylwin,Andrés Aylwin,Andrés Aylwin,,,,,,Andrés Aylwin,,Andrés Aylwin,,https://upload.wikimedia.org/wikipedia/commons/a/af/Andrés_Aylwin_Azócar.jpg,male,1925-06-20,Andrés,,,41700912,093369255,,,,,,,,,,,,,,,,,,,,,,,,,,,,,,,,,,,,,,,,,,,,,Andrés Aylwin,,,,,,,,,,,,,,,,,,,,,,,,,,,,,,Andrés Aylwin,
Q4760169,Andrés Chadwick,Andrés Chadwick,Andrés Chadwick,Andrés Chadwick,Andrés Chadwick,Andrés Chadwick,Andrés Chadwick,Andrés Chadwick,Andrés Chadwick,Andrés Chadwick,Andrés Chadwick,Andrés Chadwick,,https://upload.wikimedia.org/wikipedia/commons/2/23/Ministro_Andrés_Chadwick.jpg,male,1956-01-02,Andrés,,,,,,,,,,Category:Andrés Chadwick,,,,,,,,,,,,,,,,,,,,,,,,,,,,,,,,,,,,,,,Andrés Chadwick,,,,,,,,,,,,,,,,,,,,,,,,,,,,,,Andrés Chadwick,
Q5676013,Andrés Palma,Andrés Palma,Andrés Palma,Andrés Palma,,,,,,Andrés Palma,,Andrés Palma,,https://upload.wikimedia.org/wikipedia/commons/c/cf/Andrés_Palma_Irarrázaval.jpg,male,1955-07-21,Andrés,,,,,,,,,,,,,,,,,,,,,,,,,,,,,,,,,,,,,,,,,,,,,,,,,,,,,,,,,,,,,,,,,,,,,,,,,,,,,,,Andrés Palma,
Q5698649,Antonio Horvath,Antonio Horvath,Antonio Horvath,Antonio Horvath,,,,,,Antonio Horvath,,Antonio Horvath,,,male,1950-01-03,Antonio,Antonio Horvath,,,,,,,,,,,,,,,,,,,,,,,,,,,,,,,,,,,,,,,,,,,,,,,,Antonio Horvath,,,,,,,,,,,,,,,,,,,,,,,,,,,,,,Antonio Horvath,
Q5707321,Arturo Longton,Arturo Longton,Arturo Longton,Arturo Longton,,,,,,Arturo Longton,Arturo Longton,Arturo Longton,,https://upload.wikimedia.org/wikipedia/commons/6/66/Arturo_Longton_Guerrero.jpg,male,1948-06-25,Arturo,Arturo Longton,,,,,2015-07-03,,,,,,,,,,,,,,,,,,,,,,,,,,,,,,,,,,,,,,,,,,,Arturo Longton,,,,,,,,,,,,,,,,,,,,,,,,,,,,Arturo Longton,,Arturo Longton,
Q4850447,Baldo Prokurica,Baldo Prokurica,Baldo Prokurica,Baldo Prokurica,Baldo Prokurica,Baldo Prokurica,Baldo Prokurica,Baldo Prokurica,Baldo Prokurica,Baldo Prokurica,Baldo Prokurica,Baldo Prokurica,,https://upload.wikimedia.org/wikipedia/commons/1/1f/Baldo_Prokurica_Prokurica.jpg,male,1958-07-02,Baldo,,,,,,,,,,Category:Baldo Prokurica Prokurica,,,,,,,,,/m/0jt8t44,,,Baldo Prokurica Prokurica,Baldo Prokurica Prokurica,,,,,,,,,,,,,,,,,,,,,,,,,,Baldo Prokurica,,,,,,,,,,,,,,,,,,,,,,,,,,,,,,Baldo Prokurica,
Q1628673,Camilo Escalona,Camilo Escalona,Camilo Escalona,Camilo Escalona,Camilo Escalona,Camilo Escalona,Camilo Escalona,Camilo Escalona,Camilo Escalona,Camilo Escalona,Camilo Escalona,Camilo Escalona,,https://upload.wikimedia.org/wikipedia/commons/9/92/Camilo_Escalona_Medina.jpg,male,1955-06-15,Camilo,Camilo Escalona,,123937056,134194756,,,,Camilo Escalona,,,,,Camilo Escalona,,Camilo Escalona,,,,/m/0jl10jf,,,,,,,,,,,,,,,,,,,,,,,,,,,,,,Camilo Escalona,,,,,,,,,,,,,,,,,,,,,,,,,,,,,,Camilo Escalona,438737
Q5749863,Carlos Bombal,Carlos Bombal,Carlos Bombal,Carlos Bombal,Carlos Bombal,Carlos Bombal,Carlos Bombal,Carlos Bombal,Carlos Bombal,Carlos Bombal,,Carlos Bombal,,https://upload.wikimedia.org/wikipedia/commons/3/36/Carlos_Bombal_Otaegui.jpg,male,1950-11-26,Carlos,Carlos Bombal,,,,,,,,,,,,,,,,,,,,,,,,Carlos Bombal,,,,,,,,,,,,,,,,,,,,,,,,Carlos Bombal,,,,,,,,,,,,,,,,,,,,,,,,,,,,,,Carlos Bombal,
Q5749950,Carlos Cantero,Carlos Cantero,Carlos Cantero,Carlos Cantero,,,,,,Carlos Cantero,,Carlos Cantero,,,male,1956-11-11,Carlos,Carlos Cantero,,,,,,,,,,,,,,,,,,,,,,,,,,,,,,,,,,,,,,,,,,,,,,,,Carlos Cantero,,,,,,,,,,,,,,,,,,,,,,,,,,,,,,Carlos Cantero,
Q5750170,Carlos Dupré,Carlos Dupré,,Carlos Dupré,,,,,,Carlos Dupré,,Carlos Dupré,,,male,1944-01-12,Carlos,,,,,,,,,,,,,,,,,,,,,,,,,,,,,,,,,,,,,,,,,,,,,,,,,,,,,,,,,,,,,,,,,,,,,,,,,,,,,,,Carlos Dupré,
Q5750685,Carlos Kuschel Silva,Carlos Kuschel Silva,Carlos Kuschel Silva,Carlos Kuschel Silva,Carlos Kuschel Silva,,,,,Carlos Kuschel Silva,,Carlos Kuschel Silva,,https://upload.wikimedia.org/wikipedia/commons/7/7b/Carlos_Kuschel.jpg,male,1953-03-16,Carlos,,,,,,,,,,,,,,,,,,,,,,,,,,,,,Carlos Kuschel Silva,,,,,,,,,,,,,,,,,,,,Carlos Kuschel Silva,,,,,,,,,,,,,,,,,,,,,,,,,,,,,,Carlos Kuschel Silva,
Q5751049,Carlos Montes Cisternas,Carlos Montes Cisternas,Carlos Montes Cisternas,Carlos Montes Cisternas,,,,,,Carlos Montes Cisternas,,Carlos Montes Cisternas,,,male,1946-05-11,Carlos,Carlos Montes Cisternas,,,,,,,,,,,,,,,,,,,,,,,,,,,,,,,,,,,,,,,,,,,,,,,,Carlos Montes Cisternas,,,,,,,,,,,,,,,,,,,,,,,,,,,,,,Carlos Montes Cisternas,
Q5751491,Carlos Recondo,Carlos Recondo,,Carlos Recondo,,,,,,Carlos Recondo,,Carlos Recondo,,,male,1954-04-27,Carlos,Carlos Recondo,,,,,,,,,,,,,,,,,,,,,,,,,,,,,,,,,,,,,,,,,,,,,,,,,,,,,,,,,,,,,,,,,,,,,,,,,,,,,,Carlos Recondo,
Q5752011,Carlos Valcarce,Carlos Valcarce,,Carlos Valcarce,,,,,,Carlos Valcarce,,Carlos Valcarce,,,male,1950-04-26,Carlos,Carlos Valcarce,,,,,,,,,,,,,,,,,,,,,,,,,,,,,,,,,,,,,,,,,,,,,,,,,,,,,,,,,,,,,,,,,,,,,,,,,,,,,,Carlos Valcarce,
Q5752094,Carlos Vilches Guzmán,Carlos Vilches Guzmán,,Carlos Vilches Guzmán,,,,,,Carlos Vilches Guzmán,,Carlos Vilches Guzmán,,https://upload.wikimedia.org/wikipedia/commons/c/cb/Carlos_Alfredo_Vilches.jpg,male,1944-10-20,Carlos,,,,,,,,,,,,,,,,,,,,,,,,,,,,,,,,,,,,,,,,,,,,,,,,,,,,,,,,,,,,,,,,,,,,,,,,,,,,,,,Carlos Vilches Guzmán,
Q2336523,Claudio Huepe,Claudio Huepe,Claudio Huepe,Claudio Huepe,Claudio Huepe,Claudio Huepe,Claudio Huepe,Claudio Huepe,Claudio Huepe,Claudio Huepe,Claudio Huepe,Claudio Huepe,,https://upload.wikimedia.org/wikipedia/commons/f/f4/Claudio_Humberto_Huepe_García.jpg,male,1939-12-25,Claudio,,,,,Claudio Huepe,2009-05-11,,,,,,,,,,,,,,,,,,,,,,,,,,,,,,,,,,,,,,,,,,,,,,,,,,,,,,,,,,,,,,,,,,,,,,,Claudio Huepe,,Claudio Huepe,
Q5818825,Edmundo Salas De La Fuente,Edmundo Salas De La Fuente,,Edmundo Salas De La Fuente,,,,,,Edmundo Salas De La Fuente,,Edmundo Salas de la Fuente,,,male,1935-09-09,Edmundo,Edmundo Salas de la Fuente,,,,,,,,,,,,,,,,,,,,,,,,,,,,,,,,,,,,,,,,,,,,,,,,,,,,,,,,,,,,,,,,,,,,,,,,,,,,,,Edmundo Salas de la Fuente,
Q5819095,Eduardo Cerda,Eduardo Cerda,,Eduardo Cerda,,,,,,Eduardo Cerda,,Eduardo Cerda,,https://upload.wikimedia.org/wikipedia/commons/9/9d/Eduardo_Antonio_Cerda_García.jpg,male,1933-01-01,Eduardo,Eduardo Cerda,,,,,,,,,,,,,,,,,,,,,,,,,,,,,,,,,,,,,,,,,,,,,,,,,,,,,,,,,,,,,,,,,,,,,,,,,,,,,,Eduardo Cerda,
Q20013782,Eliana Caraball,Eliana Caraball,,Eliana Caraball,,,,,,Eliana Caraball,,Eliana Caraball,,,female,1937-04-27,Eliana,,,,,,,,,,,,,,,,,,,,,,,,,,,,,,,,,,,,,,,,,,,,,,,,,,,,,,,,,,,,,,,,,,,,,,,,,,,,,,,Eliana Caraball,
Q5850548,Eugenio Munizaga,Eugenio Munizaga,Eugenio Munizaga,Eugenio Munizaga,,,,,,Eugenio Munizaga,,Eugenio Munizaga,,,male,1941-04-06,Eugenio,Eugenio Munizaga,,,,,,,,,,,,,,,,,,,,,,,,,,,,,,,,,,,,,,,,,,,,,,,,Eugenio Munizaga,,,,,,,,,,,,,,,,,,,,,,,,,,,,,,Eugenio Munizaga,
Q16326168,Eugenio Ortega,Eugenio Ortega,Eugenio Ortega,Eugenio Ortega,,,,,,Eugenio Ortega,,Eugenio Ortega,,https://upload.wikimedia.org/wikipedia/commons/c/c8/Eugenio_Ortega_Riquelme.jpg,male,1940-06-14,Eugenio,Eugenio Ortega,,,,,2013-09-27,,,,,,,,,,,,,,,,,,,,,,,,,,,,,,,,,,,,,,,,,,,Eugenio Ortega,,,,,,,,,,,,,,,,,,,,,,,,,,,,Eugenio Ortega,,Eugenio Ortega,
Q8846905,Evelyn Matthei,Evelyn Matthei,Evelyn Matthei,Evelyn Matthei,Evelyn Matthei,Evelyn Matthei,Evelyn Matthei,Evelyn Matthei,Evelyn Matthei,Evelyn Matthei,Evelyn Matthei,Evelyn Matthei,,https://upload.wikimedia.org/wikipedia/commons/b/b0/Evelyn_Matthei_Fornet.jpg,female,1953-11-11,Evelyn,Evelyn Matthei,Evelyn Matthei,86258796,158076699,,,Evelyn Matthei,Evelyn Matthei,Evelyn Matthei,Category:Evelyn Matthei,Evelyn Matthei,Evelyn Matthei,Evelyn Matthei,Evelyn Matthei,Evelyn Matthei,0000 0000 7891 3126,141226684,n2009024099,/m/04mzlrb,,,,,,,,,,,,,,,,,,,,,,,,,,,,,,Evelyn Matthei,,,,,,,,,,,,,,,,,,,,,,,,,,,,,,Evelyn Matthei,
Q16302203,Federico Ringeling,Federico Ringeling,,Federico Ringeling,,,,,,Federico Ringeling,,Federico Ringeling,,,male,1954-07-08,Federico,Federico Ringeling,,,,,,,,,,,,,,,,,,,,,,,,,,,,,,,,,,,,,,,,,,,,,,,,,,,,,,,,,,,,,,,,,,,,,,,,,,,,,,Federico Ringeling,
Q5865198,Francisco Bartolucci,Francisco Bartolucci,,Francisco Bartolucci,,,,,,Francisco Bartolucci,,Francisco Bartolucci,,,male,1949-12-24,Francisco,Francisco Bartolucci,,,,,,,,,,,,,,,,,,,,,,,,,,,,,,,,,,,,,,,,,,,,,,,,,,,,,,,,,,,,,,,,,,,,,,,,,,,,,,Francisco Bartolucci,
Q3081862,Francisco Huenchumilla,Francisco Huenchumilla,,Francisco Huenchumilla,,,,,,Francisco Huenchumilla,,Francisco Huenchumilla,,https://upload.wikimedia.org/wikipedia/commons/a/a2/Francisco_Huenchumilla_-_Intendente_Región_de_la_Araucanía.jpg,male,1944-03-22,Francisco,,Francisco Huenchumilla,310594873,,,,,,,,,,,,,,,,,,,,,,,,,,,,,,,,,,,,,,,,,,,,,,Francisco Huenchumilla,,,,,,,,,,,,,,,,,,,,,,,,,,,,,,Francisco Huenchumilla,
Q5889022,Guillermo Yunge,Guillermo Yunge,Guillermo Yunge,Guillermo Yunge,,,,,,Guillermo Yunge,,Guillermo Yunge,,,male,1953-09-26,Guillermo,,,,,,,,,,,,,,,,,,,,,,,,,,,,,,,,,,,,,,,,,,,,,,,,,Guillermo Yunge,,,,,,,,,,,,,,,,,,,,,,,,,,,,,,Guillermo Yunge,
Q16482703,Gustavo Alessandri Balmaceda,Gustavo Alessandri Balmaceda,Gustavo Alessandri Balmaceda,Gustavo Alessandri Balmaceda,,,,,,Gustavo Alessandri Balmaceda,,Gustavo Alessandri Balmaceda,,,male,1961-03-08,Gustavo,Gustavo Alessandri Balmaceda,,,,,,,,,,,,,,,,,,,,,,,,,,,,,,,,,,,,,,,,,,,,,,,,,,,,,,,,,,,,,,,,,,,,,,,,,,,,,,Gustavo Alessandri Balmaceda,
Q5889966,Gutenberg Martínez,Gutenberg Martínez,Gutenberg Martínez,Gutenberg Martínez,,,,,,Gutenberg Martínez,,Gutenberg Martínez,,https://upload.wikimedia.org/wikipedia/commons/8/8e/Gutenberg_Martínez_Ocamica.jpg,male,1950-08-29,,,,,,,,,,,,,,,,,,,,,,,,,,,,,,,,,,,,,,,,,,,,,,,,,,Gutenberg Martínez,,,,,,,,,,,,,,,,,,,,,,,,,,,,,,Gutenberg Martínez,
Q19632253,Hernán Rojo,Hernán Rojo,,Hernán Rojo,,,,,,Hernán Rojo,,Hernán Rojo,,,male,1930-07-30,Hernán,,,,,,2012-12-20,,,,,,,,,,,,,,,,,,,,,,,,,,,,,,,,,,,,,,,,,,,,,,,,,,,,,,,,,,,,,,,,,,,,,,,Hernán Rojo,,Hernán Rojo,
Q5576411,Hosain Sabag,Hosain Sabag,Hosain Sabag,Hosain Sabag,,,,,,Hosain Sabag,,Hosain Sabag,,,male,1937-05-05,,Hosain Sabag,,,,,,,,,,,,,,,,,,,,,,,,,,,,,,,,,,,,,,,,,,,,,,,,Hosain Sabag,,,,,,,,,,,,,,,,,,,,,,,,,,,,,,Hosain Sabag,
Q5921242,Isidoro Tohá,Isidoro Tohá,Isidoro Tohá,Isidoro Tohá,,,,,,Isidoro Tohá,,Isidoro Tohá,,https://upload.wikimedia.org/wikipedia/commons/0/0e/Isidorotoha.jpg,male,1929-01-24,Isidoro,,,,,,2007-06-16,,,,,,,,,,,,,,,,,,,,,,,,,,,,,,,,,,,,,,,,,,,,,,,,,,,,,,,,,,,,,,,,,,,,,,,,,Isidoro Tohá,
Q3160564,Jaime Campos,Jaime Campos,,Jaime Campos,,,,,,Jaime Campos,,Jaime Campos,,,male,1953-02-16,Jaime,,Jaime Campos,,,,,,,,,,,,,,,,,,,,,,,,,,,,,,,,,,,,,,,,,,,,,,,,,,,,,,,,,,,,,,,,,,,,,,,,,,,,,Jaime Campos,
Q5399541,Jaime Estévez,Jaime Estévez,,Jaime Estévez,,,,,,Jaime Estévez,,Jaime Estévez,,,male,1946-09-27,Jaime,,,111157393,082299641,,,,,,,,,,,,,,,,,,,,,,,,,,,,,,,,,,,,,,,,,,,,,,,,,,,,,,,,,,,,,,,,,,,,,,,,,,,Jaime Estévez,
Q5925233,Jaime Naranjo,Jaime Naranjo,Jaime Naranjo,Jaime Naranjo,,,,,,Jaime Naranjo,,Jaime Naranjo,,https://upload.wikimedia.org/wikipedia/commons/d/d7/Jaime_Naranjo_Ortiz.jpg,male,1951-01-12,Jaime,,,,,,,,,,,,,,,,,,,,,,,,,,,,,,,,,,,,,,,,,,,,,,,,,Jaime Naranjo,,,,,,,,,,,,,,,,,,,,,,,,,,,,,,Jaime Naranjo,
Q5925247,Jaime Orpis,Jaime Orpis,,Jaime Orpis,,,,,,Jaime Orpis,,Jaime Orpis,,,male,1956-09-16,Jaime,,,,,,,,,,,,,,,,,,,,,,,,,,,,,,,,,,,,,,,,,,,,,,,,,,,,,,,,,,,,,,,,,,,,,,,,,,,,,,,Jaime Orpis,
Q17058104,Jaime Rocha,Jaime Rocha,,Jaime Rocha,,,,,,Jaime Rocha,,Jaime Rocha,,,male,1938-11-04,Jaime,,,,,,2012-10-01,,,,,,,,,,,,,,,,,,,,,,,,,,,,,,,,,,,,,,,,,,,,,,,,,,,,,,,,,,,,,,,,,,,,,,,,,Jaime Rocha,
Q16302186,Joaquín Palma,Joaquín Palma,Joaquín Palma,Joaquín Palma,,,,,,Joaquín Palma,,Joaquín Palma,,,male,1943-02-02,Joaquín,,,,,,2013-08-17,,,,,,,,,,,,,,Joaquín Palma,Joaquín Palma,,,,,,,,,,,,,,,,,,,,,,,,,,,,Joaquín Palma,,,,,,,,,,,,,,,,,,,,,,,,,,,,Joaquín Palma,,Joaquín Palma,
Q5935636,Jorge Molina Valdivieso,Jorge Molina Valdivieso,,Jorge Molina Valdivieso,,,,,,Jorge Molina Valdivieso,,Jorge Molina Valdivieso,,,male,1932-02-16,Jorge,,,,,,,,,,,,,,,,,,,,,,,,,,,,,,,,,,,,,,,,,,,,,,,,,,,,,,,,,,,,,,,,,,,,,,,,,,,,,,,Jorge Molina Valdivieso,
Q5935666,Jorge Morales Adriasola,Jorge Morales Adriasola,,Jorge Morales Adriasola,,,,,,Jorge Morales Adriasola,,Jorge Morales Adriasola,,https://upload.wikimedia.org/wikipedia/commons/f/fd/Jorge_Morales_Adriasola.jpg,male,1931-10-02,Jorge,,,,,,,,,,,,,,,,,,,,,,,,,,,,,,,,,,,,,,,,,,,,,,,,,,,,,,,,,,,,,,,,,,,,,,,,,,,,,,,Jorge Morales Adriasola,
Q6278486,Jorge Pizarro,Jorge Pizarro,Jorge Pizarro,Jorge Pizarro,Jorge Pizarro,Jorge Pizarro,Jorge Pizarro,Jorge Pizarro,Jorge Pizarro,Jorge Pizarro,Jorge Pizarro,Jorge Pizarro,,,male,1952-04-21,Jorge,,,,,,,,,,,,,,,,,,,,,,,,,,,,,,,,,,,,,,,,,,,,,,,,,Jorge Pizarro,,,,,,,,,,,,,,,,,,,,,,,,,,,,,,Jorge Pizarro,
Q5936037,Jorge Schaulsohn,Jorge Schaulsohn,Jorge Schaulsohn,Jorge Schaulsohn,,,,,,Jorge Schaulsohn,,Jorge Schaulsohn,,https://upload.wikimedia.org/wikipedia/commons/5/56/Jorge_Schaulsohn_Brodsky.jpg,male,1952-12-22,Jorge,,,,,,,,,,,,,,,,,,,,,,,,,,,,,,,,,,,,,,,,,,,,,,,,,Jorge Schaulsohn,,,,,,,,,,,,,,,,,,,,,,,,,,,,,,Jorge Schaulsohn,
Q5936177,Jorge Ulloa,Jorge Ulloa,,Jorge Ulloa,,,,,,Jorge Ulloa,,Jorge Ulloa,,https://upload.wikimedia.org/wikipedia/commons/5/51/Jorge_Iván_Ulloa_Aguillón.jpg,male,1958-09-15,Jorge,,,,,,,,,,,,,,,,,,,,,,,,,,,,,,,,,,,,,,,,,,,,,,,,,,,,,,,,,,,,,,,,,,,,,,,,,,,,,,,Jorge Ulloa,
Q5937826,José Antonio Galilea,José Antonio Galilea,José Antonio Galilea,José Antonio Galilea,,,,,,José Antonio Galilea,,José Antonio Galilea,,https://upload.wikimedia.org/wikipedia/commons/a/a1/José_Galilea.jpg,male,1961-11-19,José,,,,,,,,,,,,,,,,,,,,,,,,,,,,,,,,,,,,,,,,,,,,,,,,,,,,,,,,,,,,,,,,,,,,,,,,,,,,,,,José Antonio Galilea,
Q3186176,José Antonio Viera-Gallo,José Antonio Viera-Gallo,José Antonio Viera-Gallo,José Antonio Viera-Gallo,,José Antonio Viera-Gallo,José Antonio Viera-Gallo,José Antonio Viera-Gallo,José Antonio Viera-Gallo,José Antonio Viera-Gallo,José Antonio Viera-Gallo,José Antonio Viera-Gallo,,https://upload.wikimedia.org/wikipedia/commons/b/b5/José_Antonio_Viera_Gallo_Quesney.jpg,male,1943,José,José Antonio Viera Gallo,José Antonio Viera-Gallo,,,,,,,,,,,,,,,,,,,,,,José Antonio Viera Gallo,,,,,,,,,,,,,,,,,,,,,,,,,,,,,,,,,,,,,,,,,,,,,,,,,,,,,,,José Antonio Viera-Gallo,
Q6454275,José García Ruminot,José García Ruminot,,José García Ruminot,,,,,,José García Ruminot,,José García Ruminot,,,male,1955-05-22,José,,,,,,,,,,,,,,,,,,,,,,,,,,,,,,,,,,,,,,,,,,,,,,,,,,,,,,,,,,,,,,,,,,,,,,,,,,,,,,,José García Ruminot,
Q5943992,José Miguel Ortiz,José Miguel Ortiz,,José Miguel Ortiz,,,,,,José Miguel Ortiz,,José Miguel Ortiz,,,male,1941-11-25,José,,,,,,,,,,,,,,,,,,,,,,,,,,,,,,,,,,,,,,,,,,,,,,,,,,,,,,,,,,,,,,,,,,,,,,,,,,,,,,,José Miguel Ortiz,
Q5947246,Juan Antonio Coloma,Juan Antonio Coloma,,Juan Antonio Coloma,,,,,,Juan Antonio Coloma,,Juan Antonio Coloma,,https://upload.wikimedia.org/wikipedia/commons/9/91/Juan_Antonio_Coloma_Correa_oficial.jpg,male,,Juan,,,,,,,,,,,,,,,,,,,,,,,,,,,,,,,,,,,,,,,,,,,,,,,,,,,,,,,,,,,,,,,,,,,,,,,,,,,,,,,Juan Antonio Coloma,
Q5662871,Alberto Cardemil,Alberto Cardemil,Alberto Cardemil,Alberto Cardemil,,,,,,Alberto Cardemil,,Alberto Cardemil,,https://upload.wikimedia.org/wikipedia/commons/9/91/Alberto_Cardemil_Herrera.jpg,male,1945-11-01,Alberto,Alberto Cardemil,,,,,,,,,,,,,,,,,,,,,,,,,,,,,,,,,,,,,,,,,,,,,,,,Alberto Cardemil,,,,,,,,,,,,,,,,,,,,,,,,,,,,,,Alberto Cardemil,
Q5665033,Alejandro García-Huidobro,Alejandro García-Huidobro,,Alejandro García-Huidobro,,,,,,Alejandro García-Huidobro,,Alejandro García-Huidobro,,,male,1952-04-19,Alejandro,,,,,,,,,,,,,,,,,,,,,,,,,,,,,,,,,,,,,,,,,,,,,,,,,,,,,,,,,,,,,,,,,,,,,,,,,,,,,,,Alejandro García-Huidobro,
Q4714618,Alejandro Navarro,Alejandro Navarro,Alejandro Navarro,Alejandro Navarro,Alejandro Navarro,Alejandro Navarro,Alejandro Navarro,Alejandro Navarro,Alejandro Navarro,Alejandro Navarro,Alejandro Navarro,Alejandro Navarro,,,male,,Alejandro,,,,,,,,,,Category:Alejandro Navarro,,,,,,,,,,,,,,,,,,,,,,,,,,,,,,,,,,,,,,,Alejandro Navarro,,,,,,,,,,,,,,,,,,,,,,,,,,,,,,Alejandro Navarro,
Q5406435,Alfonso Vargas,Alfonso Vargas,,Alfonso Vargas,,,,,,Alfonso Vargas,,Alfonso Vargas,,,male,1951-12-16,Alfonso,Alfonso Vargas,,,,,,,,,,,,,,,,,,,,,,,,,,,,,,,,,,,,,,,,,,,,,,,,,,,,,,,,,,,,,,,,,,,,,,,,,,,,,,Alfonso Vargas,
Q4760139,Andrés Allamand,Andrés Allamand,Andrés Allamand,Andrés Allamand,Andrés Allamand,Andrés Allamand,Andrés Allamand,Andrés Allamand,Andrés Allamand,Andrés Allamand,Andrés Allamand,Andrés Allamand,,,male,1956-02-07,Andrés,,,310661381,,,,,,,Category:Andrés Allamand,,,,,,,,,,,,,,,,,,,,,,,,,,,,,,,,,,,,,,,Andrés Allamand,,,,,,,,,,,,,,,,,,,,,,,,,,,,,,Andrés Allamand,
Q4778513,Aníbal Pérez,Aníbal Pérez,Aníbal Pérez,Aníbal Pérez,Aníbal Pérez,Aníbal Pérez,Aníbal Pérez,Aníbal Pérez,Aníbal Pérez,Aníbal Pérez,Aníbal Pérez,Aníbal Pérez,,https://upload.wikimedia.org/wikipedia/commons/f/f2/Aníbal_Pérez_Lobos.jpg,male,1948-01-20,Aníbal,,,,,,,,,,,,,,,,,,,,,,,,,,,,,,,,,,,,,,,,,,,,,,,,,Aníbal Pérez,,,,,,,,,,,,,,,,,,,,,,,,,,,,,,Aníbal Pérez,
Q5771849,Claudio Alvarado,Claudio Alvarado,Claudio Alvarado,Claudio Alvarado,,,,,,Claudio Alvarado,,Claudio Alvarado,,https://upload.wikimedia.org/wikipedia/commons/0/0e/Claudio_Alvarado.jpg,male,1960-02-07,Claudio,Claudio Alvarado,,,,,,,,,,,,,,,,,,,,,,,,,,,,,,,,,,,,,,,,,,,,,,,,Claudio Alvarado,,,,,,,,,,,,,,,,,,,,,,,,,,,,,,Claudio Alvarado,
Q5799538,Darío Paya,Darío Paya,,Darío Paya,,,,,,Darío Paya,,Darío Paya,,https://upload.wikimedia.org/wikipedia/commons/7/78/Darío_Paya_Mira.jpg,male,1964-07-20,Darío,,,,,,,,,,,,,,,,,,,,,,,,,,,,,,,,,,,,,,,,,,,,,,,,,,,,,,,,,,,,,,,,,,,,,,,,,,,,,,,Darío Paya,
Q17274883,Erick Villegas,Erick Villegas,,Erick Villegas,,,,,,Erick Villegas,,Erick Villegas,,,male,1953-11-11,Erick,,,,,,,,,,,,,,,,,,,,,,,,,,,,,,,,,,,,,,,,,,,,,,,,,,,,,,,,,,,,,,,,,,,,,,,,,,,,,,,Erick Villegas,
Q5850605,Eugenio Tuma,Eugenio Tuma,,Eugenio Tuma,,,,,,Eugenio Tuma,,Eugenio Tuma,,,male,1945-07-29,Eugenio,Eugenio Tuma,,,,,,,,,,,,,,,,,,,,,,,,,,,,,,,,,,,,,,,,,,,,,,,,,,,,,,,,,,,,,,,,,,,,,,,,,,,,,,Eugenio Tuma,
Q5855924,Fanny Pollarolo,Fanny Pollarolo,Fanny Pollarolo,Fanny Pollarolo,,,,,,Fanny Pollarolo,,Fanny Pollarolo,,,female,1935-03-07,Fanny,,,,,,,,,,,,,,,,,,,,,,,,,,,,,,,,,,,,,,,,,,,,,,,,,,,,,,,,,,,,,,,,,,,,,,,,,,,,,,,Fanny Pollarolo,
Q16301161,Felipe Letelier,Felipe Letelier,Felipe Letelier,Felipe Letelier,,,,,,Felipe Letelier,,Felipe Letelier,,,male,1956-05-11,Felipe,Felipe Letelier,,,,,,,,,,,,,,,,,,,,,,,,,,,,,,,,,,,,,,,,,,,,,,,,Felipe Letelier,,,,,,,,,,,,,,,,,,,,,,,,,,,,,,Felipe Letelier,
Q5865610,Francisco Encina,Francisco Encina,Francisco Encina,Francisco Encina,,,,,,Francisco Encina,,Francisco Encina,,,male,1943-12-18,Francisco,Francisco Encina,,,,,,,,,,,,,,,,,,,,,,,,,,,,,,,,,,,,,,,,,,,,,,,,,,,,,,,,,,,,,,,,,,,,,,,,,,,,,,Francisco Encina,
Q5873208,Gabriel Ascencio,Gabriel Ascencio,,Gabriel Ascencio,,,,,,Gabriel Ascencio,,Gabriel Ascencio,,,male,1953-10-25,Gabriel,Gabriel Ascencio,,,,,,,,,,,,,,,,,,,,,,,,,,,,,,,,,,,,,,,,,,,,,,,,,,,,,,,,,,,,,,,,,,,,,,,,,,,,,,Gabriel Ascencio,
Q3460282,Guido Girardi,Guido Girardi,Guido Girardi,Guido Girardi,Guido Girardi,Guido Girardi,Guido Girardi,Guido Girardi,Guido Girardi,Guido Girardi,Guido Girardi,Guido Girardi,,https://upload.wikimedia.org/wikipedia/commons/f/f6/Guido_Girardi.jpg,male,1961-01-21,Guido,,Guido Girardi,,,,,,,,,,,,,,,,,/m/0glrm2p,,,,,,,,,,,,,,,,,,,,,,,,,,,,,,Guido Girardi,,,,,,,,,,,,,,,,,,,,,,,,,,,,,,Guido Girardi,
Q16298311,Guillermo Ceroni,Guillermo Ceroni,,Guillermo Ceroni,,,,,,Guillermo Ceroni,,Guillermo Ceroni,,,male,1946-07-30,Guillermo,Guillermo Ceroni,,,,,,,,,,,,,,,,,,,,,,,,,,,,,,,,,,,,,,,,,,,,,,,,,,,,,,,,,,,,,,,,,,,,,,,,,,,,,,Guillermo Ceroni,
Q20853558,Ignacio Balbontín,Ignacio Balbontín,Ignacio Balbontín,Ignacio Balbontín,,,,,,Ignacio Balbontín,,Ignacio Balbontín,,https://upload.wikimedia.org/wikipedia/commons/4/4e/Ignacio_Balbontín_Arteaga.jpg,male,1940-06-18,Ignacio,,,,,,2015-08-18,,,,,,,,,,,,,,Ignacio Balbontín,,,,,,,,,,,,,,,,,,,,,,,,,,,,,Ignacio Balbontín,,,,,,,,,,,,,,,,,,,,,,,,,,,,Ignacio Balbontín,,Ignacio Balbontín,
Q975427,Juan Carlos Latorre,Juan Carlos Latorre,Juan Carlos Latorre,Juan Carlos Latorre,Juan Carlos Latorre,Juan Carlos Latorre,Juan Carlos Latorre,Juan Carlos Latorre,Juan Carlos Latorre,Juan Carlos Latorre,Juan Carlos Latorre,Juan Carlos Latorre,,https://upload.wikimedia.org/wikipedia/commons/4/49/Juan_Carlos_Latorre_Carmona.jpg,male,1949-03-25,Juan,Juan Carlos Latorre,,,,,,,,,,,,Juan Carlos Latorre,,,,,,,,,,,,,,,,,,,,,,,,,,,,,,,,,,,,Juan Carlos Latorre,,,,,,,,,,,,,,,,,,,,,,,,,,,,,,Juan Carlos Latorre,
Q22685411,Juan Concha Urbina,Juan Concha Urbina,,,,,,,,Juan Concha Urbina,,Juan Concha Urbina,,,male,,Juan,,,,,,2010-05-10,,,,,,,,,,,,,,,,,,,,,,,,,,,,,,,,,,,,,,,,,,,,,,,,,,,,,,,,,,,,,,,,,,,,,,,,,Juan Concha Urbina,
Q22680136,Juan Enrique Taladriz,Juan Enrique Taladriz,,,,,,,,Juan Enrique Taladriz,,Juan Enrique Taladriz,,,male,,Juan,,,,,,,,,,,,,,,,,,,,,,,,,,,,,,,,,,,,,,,,,,,,,,,,,,,,,,,,,,,,,,,,,,,,,,,,,,,,,,,Juan Enrique Taladriz,
Q5951382,Juan Masferrer,Juan Masferrer,,Juan Masferrer,,,,,,Juan Masferrer,,Juan Masferrer,,,male,1940-11-19,Juan,,,,,,,,,,,,,,,,,,,,,,,,,,,,,,,,,,,,,,,,,,,,,,,,,,,,,,,,,,,,,,,,,,,,,,,,,,,,,,,Juan Masferrer,
Q5951802,Juan Pablo Letelier,Juan Pablo Letelier,,Juan Pablo Letelier,,,,,,Juan Pablo Letelier,,Juan Pablo Letelier,,https://upload.wikimedia.org/wikipedia/commons/2/2f/Juan_Pablo_Letelier_Morel.jpg,male,1961-01-07,Juan,,,,,,,,,,,,,,,,,,,,,,,,,,,,,,,,,,,,,,,,,,,,,,,,,,,,,,,,,,,,,,,,,,,,,,,,,,,,,,,Juan Pablo Letelier,
Q6499373,Laura Rodríguez,Laura Rodríguez,Laura Rodríguez,Laura Rodríguez,Laura Rodríguez,Laura Rodríguez,Laura Rodríguez,Laura Rodríguez,Laura Rodríguez,Laura Rodríguez,Laura Rodríguez,Laura Rodríguez,,https://upload.wikimedia.org/wikipedia/commons/2/2d/Laura_Fiora_Rodríguez_Riccomini.jpg,female,1957,Laura,,,1701078,,,1992,,,,,,,,,,,,,,,,,,,,,,,,,,,,,,,,,,,,,,,,,,,Laura Rodríguez,,,,,,,,,,,,,,,,,,,,,,,,,,,,,,Laura Rodríguez,340904
Q5983758,Luis Leblanc Valenzuela,Luis Leblanc Valenzuela,,Luis Leblanc Valenzuela,,,,,,Luis Leblanc Valenzuela,,Luis Leblanc Valenzuela,,,male,1950-04-12,Luis,Luis Leblanc Valenzuela,,,,,,,,,,,,,,,,,,,,,,,,,,,,,,,,,,,,,,,,,,,,,,,,,,,,,,,,,,,,,,,,,,,,,,,,,,,,,,Luis Leblanc Valenzuela,
Q20007182,Luis Navarrete Carvacho,Luis Navarrete Carvacho,,Luis Navarrete Carvacho,,,,,,Luis Navarrete Carvacho,,Luis Navarrete Carvacho,,,male,1925-09-27,Luis,,,,,,,,,,,,,,,,,,,,,,,,,,,,,,,,,,,,,,,,,,,,,,,,,,,,,,,,,,,,,,,,,,,,,,,,,,,,,,,Luis Navarrete Carvacho,
Q16598535,Manuel Matta Aragay,Manuel Matta Aragay,Manuel Matta Aragay,Manuel Matta Aragay,,,,,,Manuel Matta Aragay,,Manuel Matta Aragay,,https://upload.wikimedia.org/wikipedia/commons/9/9d/Manuel_Matta_Aragay.jpg,male,1946-11-10,Manuel,,,,,,,,,,,,,,,,,,,,,,,,,,,,,,,,,,,,,,,,,,,,,,,,,Manuel Matta Aragay,,,,,,,,,,,,,,,,,,,,,,,,,,,,,,Manuel Matta Aragay,
Q5998739,Mario Hamuy Berr,Mario Hamuy Berr,,Mario Hamuy Berr,,,,,,Mario Hamuy Berr,,Mario Hamuy Berr,,,male,1926-08-10,Mario,,,,,,2011-03-07,,,,,,,,,,,,,,,,,,,,,,,,,,,,,,,,,,,,,,,,,,,,,,,,,,,,,,,,,,,,,,,,,,,,,,,,,Mario Hamuy Berr,
Q5854757,Mario Palestro,Mario Palestro,Mario Palestro,Mario Palestro,,,,,,Mario Palestro,,Mario Palestro,,https://upload.wikimedia.org/wikipedia/commons/9/9c/Mario_Palestro.jpg,male,1921-12-02,Mario,Mario Palestro,,7022849,,,2000-05-10,,,,,,,,,,,,,,,,,,,,,,,,,,,,,,,,,,,,,,,,,,,Mario Palestro,,,,,,,,,,,,,,,,,,,,,,,,,,,,,,Mario Palestro,
Q16601166,Martín Manterola,Martín Manterola,,Martín Manterola,,,,,,Martín Manterola,,Martín Manterola,,,male,1948-05-25,Martín,,,,,,,,,,,,,,,,,,,,,,,,,,,,,,,,,,,,,,,,,,,,,,,,,,,,,,,,,,,,,,,,,,,,,,,,,,,,,,,Martín Manterola,
Q5656484,María Angélica Cristi,María Angélica Cristi,María Angélica Cristi,María Angélica Cristi,María Angélica Cristi,María Angélica Cristi,María Angélica Cristi,María Angélica Cristi,María Angélica Cristi,María Angélica Cristi,,María Angélica Cristi,,https://upload.wikimedia.org/wikipedia/commons/5/56/María_Angélica_Cristi_Marfil.jpg,female,1941-10-13,María,,,,,,,,,,,,,,,,,,,,,,,,,,,,,,,,,,,,,,,,,,,,,,,,,María Angélica Cristi,,,,,,,,,,,,,,,,,,,,,,,,,,,,,,María Angélica Cristi,
Q6004266,María Maluenda,María Maluenda,,María Maluenda,,,,,,María Maluenda,,María Maluenda,,https://upload.wikimedia.org/wikipedia/commons/d/da/María_Adela_Maluenda_Campos.jpg,female,1920-03-06,María,,,,,,2011-08-29,,,,,,,,,,,,,,,,,,,,,,,,,,,,,,,,,,,,,,,,,,,,,,,,,,,,,,,,,,,,,,,,,,,,,,,,,María Maluenda,
Q16607550,Milenko Vilicic,Milenko Vilicic,Milenko Vilicic,Milenko Vilicic,,,,,,Milenko Vilicic,,Milenko Vilicic,,,male,1932-03-09,Milenko,,,,,,1993-07-04,,,,,,,,,,,,,,,,,,,,,,,,,,,,,,,,,,,,,,,,,,,Milenko Vilicic,,,,,,,,,,,,,,,,,,,,,,,,,,,,,,Milenko Vilicic,
Q6048653,Octavio Jara Wolff,Octavio Jara Wolff,,Octavio Jara Wolff,,,,,,Octavio Jara Wolff,,Octavio Jara Wolff,,,male,1944-07-22,Octavio,,,,,,2001-12-30,,,,,,,,,,,,,,,,,,,,,,,,,,,,,,,,,,,,,,,,,,,,,,,,,,,,,,,,,,,,,,,,,,,,,,,,,Octavio Jara Wolff,
Q7121672,Pablo Longueira,Pablo Longueira,Pablo Longueira,Pablo Longueira,Pablo Longueira,Pablo Longueira,Pablo Longueira,Pablo Longueira,Pablo Longueira,Pablo Longueira,Pablo Longueira,Pablo Longueira,Pablo Longueira,https://upload.wikimedia.org/wikipedia/commons/f/fc/Pablo_Longueira_Montes.jpg,male,1958-08-12,Pablo,,,,,,,,,,,,,,,,,,,,,,,,,,,,,,,,,,,,,,,,,,,,,,Pablo_Longueira,,,Pablo Longueira,,,,,,,,,,,,,,,,,,,,,,,,,,,,,,Pablo Longueira,
Q6066731,Patricio Melero,Patricio Melero,Patricio Melero,Patricio Melero,,,,,,Patricio Melero,,Patricio Melero,,,male,1956-06-19,Patricio,Patricio Melero,,,,,,,,,,,,,,,,,,,,,,,,,,,,,,,,,,,,,,,,,,,,,,,,,,,,,,,,,,,,,,,,,,,,,,,,,,,,,,Patricio Melero,
Q6070697,Pedro Álvarez-Salamanca Büchi,Pedro Álvarez-Salamanca Büchi,Pedro Álvarez-Salamanca Büchi,Pedro Álvarez-Salamanca Büchi,,,,,,Pedro Álvarez-Salamanca Büchi,,Pedro Álvarez-Salamanca,,,male,1948-04-10,Pedro,,,,,,2008-09-03,,,,,,,,,,,,,,Pedro Álvarez-Salamanca Büchi,Pedro Álvarez-Salamanca Büchi,,,,,,,,,,,,,,,,,,,,,,,,,,,,Pedro Álvarez-Salamanca Büchi,,,,,,,,,,,,,,,,,,,,,,,,,,,,,,Pedro Álvarez-Salamanca,
Q16298967,Ramón Elizalde,Ramón Elizalde,,Ramón Elizalde,,,,,,Ramón Elizalde,,Ramón Elizalde,,,male,1940-02-25,Ramón,,,,,,,,,,,,,,,,,,,,,,,,,,,,,,,,,,,,,,,,,,,,,,,,,,,,,,,,,,,,,,,,,,,,,,,,,,,,,,,Ramón Elizalde,
Q16624860,René Manuel García,René Manuel García,René Manuel García,René Manuel García,,,,,,René Manuel García,,René Manuel García,,,male,1950-05-24,René,,,,,,,,,,,,,,,,,,,,,,,,,,,,,,,,,,,,,,,,,,,,,,,,,René Manuel García,,,,,,,,,,,,,,,,,,,,,,,,,,,,,,René Manuel García,
Q6109888,Roberto Muñoz Barra,Roberto Muñoz Barra,Roberto Muñoz Barra,Roberto Muñoz Barra,,,,,,Roberto Muñoz Barra,,Roberto Muñoz Barra,,,male,1936-01-28,Roberto,,,,,,,,,,,,,,,,,,,,,,,,,,,,,,,,,,,,,,,,,,,,,,,,,Roberto Muñoz Barra,,,,,,,,,,,,,,,,,,,,,,,,,,,,,,Roberto Muñoz Barra,
Q6110589,Rodolfo Seguel,Rodolfo Seguel,,Rodolfo Seguel,,,,,,Rodolfo Seguel,,Rodolfo Seguel,,,male,1953-09-20,Rodolfo,Rodolfo Seguel,,160088809,,,,,,,,,,,,,,,,,,,,,,,,,152479,,,,,,,,,,,,,,,,,,,,,,,,,,,,,,,,,,,,,,,,,,,,,,,,,,,Rodolfo Seguel,
Q10891440,Sergio Aguiló,Sergio Aguiló,,Sergio Aguiló,,,,,,Sergio Aguiló,,Sergio Aguiló,,,male,1953-02-09,Sergio,,,,,,,,,,,,,,,,,,,,,,,,,,,,,,,,,,,,,,,,,,,,,,,,,,,,,,,,,,,,,,,,,,,,,,,,,,,,,,,Sergio Aguiló,
Q6125395,Sergio Correa,Sergio Correa,Sergio Correa,Sergio Correa,,,,,,Sergio Correa,,Sergio Correa,,,male,1938-05-12,Sergio,Sergio Correa,,,,,,,,,,,,,,,,,,,,,,,,,,,,,,,,,,,,,,,,,,,,,,,,Sergio Correa,,,,,,,,,,,,,,,,,,,,,,,,,,,,,,Sergio Correa,
Q6125560,Sergio Ojeda,Sergio Ojeda,Sergio Ojeda,Sergio Ojeda,,,,,,Sergio Ojeda,,Sergio Ojeda,,https://upload.wikimedia.org/wikipedia/commons/f/f1/Sergio_Ojeda_Uribe.jpg,male,1943-03-12,Sergio,,,,,,,,,,,,,,,,,,,,,,,,,,,,,,,,,,,,,,,,,,,,,,,,,Sergio Ojeda,,,,,,,,,,,,,,,,,,,,,,,,,,,,,,Sergio Ojeda,
Q11252625,Sergio Velasco,Sergio Velasco,,Sergio Velasco,,,,,,Sergio Velasco,,Sergio Velasco,,,male,1945-12-21,Sergio,Sergio Velasco,,,,,,,,,,,,,,,,,,,,,,,,,,,,,,,,,,,,,,,,,,,,,,,,,,,,,,,,,,,,,,,,,,,,,,,,,,,,,,Sergio Velasco,
Q501752,Teodoro Ribera,Teodoro Ribera,Teodoro Ribera,Teodoro Ribera,Teodoro Ribera,Teodoro Ribera,Teodoro Ribera,Teodoro Ribera,Teodoro Ribera,Teodoro Ribera,Teodoro Ribera,Teodoro Ribera,,https://upload.wikimedia.org/wikipedia/commons/e/e0/MinistroRibera11.jpg,male,1958-05-25,Teodoro,,,,,,,,,,,,,,,,,,,,,,,,,,Տեոդորո Ռիբերա,Տեոդորո Ռիբերա,,,,,,,,,,,,,,,,,,,,,,Teodoro Ribera,,,,,,,,,,,,,,,,,,,,,,,,,,,,,,Teodoro Ribera,
Q5492224,Vicente Sota,Vicente Sota,,Vicente Sota,,,,,,Vicente Sota,,Vicente Sota,,,male,1924-04-28,Vicente,Vicente Sota,,,,,,,,,,,,,,,,,,,,,,,,,,,,,,,,,,,,,,,,,,,,,,,,,,,,,,,,,,,,,,,,,,,,,,,,,,,,,,Vicente Sota,
Q6165391,Víctor Barrueto,Víctor Barrueto,,Víctor Barrueto,,,,,,Víctor Barrueto,,Víctor Barrueto,,,male,1953-07-01,Víctor,,,,,,,,,,,,,,,,,,,,,,,,,,,,,,,,,,,,,,,,,,,,,,,,,,,,,,,,,,,,,,,,,,,,,,,,,,,,,,,Víctor Barrueto,
Q6165635,Víctor Manuel Rebolledo,Víctor Manuel Rebolledo,,Víctor Manuel Rebolledo,,,,,,Víctor Manuel Rebolledo,,Víctor Manuel Rebolledo,,,male,1949-06-06,Víctor,,,,,,,,,,,,,,,,,,,,,,,,,,,,,,,,,,,,,,,,,,,,,,,,,,,,,,,,,,,,,,,,,,,,,,,,,,,,,,,Víctor Manuel Rebolledo,
Q6165698,Víctor Pérez Varela,Víctor Pérez Varela,Víctor Pérez Varela,Víctor Pérez Varela,Víctor Pérez Varela,,,,,Víctor Pérez Varela,,Víctor Pérez Varela,,https://upload.wikimedia.org/wikipedia/commons/c/c5/Víctor_Pérez_Varela_oficial.jpg,male,1954-10-18,Víctor,,,,,,,,,,,,,,,,,,,,Víctor Pérez Varela,Víctor Pérez Varela,,,,,,,,,,,,,,,,,,,,,,,,,,,,Víctor Pérez Varela,,,,,,,,,,,,,,,,,,,,,,,,,,,,,,Víctor Pérez Varela,
Q6173143,Ángel Fantuzzi,Ángel Fantuzzi,Ángel Fantuzzi,Ángel Fantuzzi,,,,,,Ángel Fantuzzi,,Ángel Fantuzzi,,https://upload.wikimedia.org/wikipedia/commons/2/20/Ángel_Fantuzzi_Hernández.jpg,male,1940-06-12,Ángel,,,,,,2002-12-06,,,,,,,,,,,,,,,,,,,,,,,,,,,,,,,,,,,,,,,,,,,,,,,,,,,,,,,,,,,,,,,,,,,,,,,,,Ángel Fantuzzi,
Q5663493,Alberto Robles,Alberto Robles,Alberto Robles,Alberto Robles,,,,,,Alberto Robles,,Alberto Robles,,,male,1956-10-04,Alberto,Alberto Robles,,,,,,,,,,,,,,,,,,,,,,,,,,,,,,,,,,,,,,,,,,,,,,,,Alberto Robles,,,,,,,,,,,,,,,,,,,,,,,,,,,,,,Alberto Robles,
Q5698786,Antonio Leal Labrín,Antonio Leal Labrín,Antonio Leal Labrín,Antonio Leal,,,,,,Antonio Leal Labrín,,Antonio Leal Labrín,,https://upload.wikimedia.org/wikipedia/commons/3/37/Antonio_Leal_Labrín.jpg,male,1950-01-10,Antonio,Antonio Leal,,,,,,,,,,,,,,,,,,,Antonio Leal Labrín,Antonio Leal Labrín,,,,,,,,,,,,,,,,,,,,,,,,,,,,Antonio Leal Labrín,,,,,,,,,,,,,,,,,,,,,,,,,,,,,,Antonio Leal Labrín,
Q16543081,Carlos Abel Jarpa,Carlos Abel Jarpa,Carlos Abel Jarpa,Carlos Abel Jarpa,,,,,,Carlos Abel Jarpa,,Carlos Abel Jarpa,,https://upload.wikimedia.org/wikipedia/commons/7/78/Carlos_Abel_Jarpa_Wevar.jpg,male,1944-11-14,Carlos,,,,,,,,,,,,,,,,,,,,,,,,,,,,,,,,,,,,,,,,,,,,,,,,,,,,,,,,,,,,,,,,,,,,,,,,,,,,,,,Carlos Abel Jarpa,
Q16559029,Edgardo Riveros,Edgardo Riveros,,Edgardo Riveros,,,,,,Edgardo Riveros,,Edgardo Riveros,,,male,1949-09-03,Edgardo,Edgardo Riveros,,,,,,,,,,,,,,,,,,,,,,,,,,,,,,,,,,,,,,,,,,,,,,,,,,,,,,,,,,,,,,,,,,,,,,,,,,,,,,Edgardo Riveros,
Q14614551,Eduardo Díaz del Río,Eduardo Díaz del Río,Eduardo Díaz del Río,Eduardo Díaz del Río,,,,,,Eduardo Díaz del Río,,Eduardo Díaz del Río,,https://upload.wikimedia.org/wikipedia/commons/0/0e/Eduardo_Díaz_del_Río.jpg,male,1973-12-17,Eduardo,,,,,,,,,,,,,,,,,,,,,,,,,,,,,,,,,,,,,,,,,,,,,,,,,Eduardo Díaz del Río,,,,,,,,,,,,,,,,,,,,,,,,,,,,,,Eduardo Díaz del Río,
Q5833474,Enrique Krauss,Enrique Krauss,,Enrique Krauss,,,,,,Enrique Krauss,,Enrique Krauss,,https://upload.wikimedia.org/wikipedia/commons/9/94/Enrique_Krauss_Rusque.jpg,male,1932-01-08,Enrique,,,,,,,,,,,,,,,,,,,,,,,,,,,,,,,,,,,,,,,,,,,,,,,,,,,,,,,,,,,,,,,,,,,,,,,,,,,,,,,Enrique Krauss,
Q5834005,Enrique van Rysselberghe Varela,Enrique van Rysselberghe Varela,Enrique van Rysselberghe Varela,Enrique van Rysselberghe Varela,Enrique van Rysselberghe Varela,,,,,Enrique van Rysselberghe Varela,,Enrique van Rysselberghe Varela,,,male,1937-04-04,Enrique,,,,,,2013-01-21,,,,,,,,,,,,,,,,,,,,,,,,,,,,,,,,,,,,,,,,,,,Enrique van Rysselberghe Varela,,,,,,,,,,,,,,,,,,,,,,,,,,,,Enrique van Rysselberghe Varela,,Enrique van Rysselberghe Varela,
Q5883011,Gonzalo Ibáñez Santa María,Gonzalo Ibáñez,Gonzalo Ibáñez Santa María,Gonzalo Ibáñez,,,,,,Gonzalo Ibáñez,,Gonzalo Ibáñez,,,male,1945-12-30,Gonzalo,,,,,,,,,,,,,,,,,,,,Gonzalo Ibáñez Santa María,Gonzalo Ibáñez Santa María,,,,,,,,,,,,,,,,,,,,,,,,,,,,Gonzalo Ibáñez,,,,,,,,,,,,,,,,,,,,,,,,,,,,,,Gonzalo Ibáñez,
Q5889453,Gustavo Alessandri Valdés,Gustavo Alessandri Valdés,Gustavo Alessandri Valdés,Gustavo Alessandri Valdés,,,,,,Gustavo Alessandri Valdés,,Gustavo Alessandri Valdés,,https://upload.wikimedia.org/wikipedia/commons/0/0e/Gustavo_Alessandri_Valdés.jpg,male,1929-04-30,Gustavo,,,,,,,,,,,,,,,,,,,,,,,,,,,,,,,,,,,,,,,,,,,,,,,,,Gustavo Alessandri Valdés,,,,,,,,,,,,,,,,,,,,,,,,,,,,,,Gustavo Alessandri Valdés,
Q1657292,Ignacio Walker,Ignacio Walker,Ignacio Walker,Ignacio Walker,Ignacio Walker,,,,,Ignacio Walker,Ignacio Walker,Ignacio Walker,,https://upload.wikimedia.org/wikipedia/commons/d/dd/IgnacioWalker.jpg,male,1956-01-07,Ignacio,Ignacio Walker,Ignacio Walker,262349401,130884294,,,,,,,Ignacio Walker,,Ignacio Walker,,,0000 0000 8097 6142,1015098509,n86121217,,,,,,,,,,,,Walker,128696869,,,,,,,,,,,,,,,,,,Ignacio Walker,,,,,,,,,,,,,,,,,,,,,,,,,,,,,,Ignacio Walker,
Q451359,Isabel Allende,María Isabel Allende,Isabel Allende,Isabel Allende Bussi,Isabel Allende,María Isabel Allende,María Isabel Allende,María Isabel Allende,Isabel Allende Bussi,María Isabel Allende,Isabel Allende (politician),Isabel Allende Bussi,,https://upload.wikimedia.org/wikipedia/commons/8/80/Isabel_Allende_Bussi.jpg,female,1945-01-18,Isabel,Isabel Allende Bussi,Isabel Allende Bussi,100945687,17219654X,,,Isabel ALLENDE,María Isabel Allende,,,Isabel Allende (Politikerin),,Isabel Allende Bussi,,María Isabel Allende,0000 0000 7217 4158,1062480821,n84053519,/m/05j8td,Isabel Allende Bussi,,,,,,Իսաբել Ալիենդե,,,,,323876889,Isabel Allende Bussi,Isabel Allende,Isabel Allende,Ιζαμπέλ Αγιέντε,Исабель Альенде,Isabel Allende Bussi,Isabel Allende (politikus),Isabel Allende Bussi,16906056m,nm5284813,35603327,http://www.isabelallendebussi.cl/,XX4849265,A29474814,iallendebussi,,,María Isabel Allende,,,,,,,,,,,,,,,,,,,,,,,,,,,,,,Isabel Allende Bussi,
Q5788711,Iván Moreira,Iván Moreira,Iván Moreira,Iván Moreira,,,,,,Iván Moreira,,Iván Moreira,,https://upload.wikimedia.org/wikipedia/commons/e/e4/Iván_Moreira_Barros.jpg,male,1956-12-08,Iván,,,,,,,,,,,,,,,,,,,,,,,,,,,,,,,,,,,,,,,,,,,,,,,,,Iván Moreira,,,,,,,,,,,,,,,,,,,,,,,,,,,,,,Iván Moreira,
Q16298705,Iván de la Maza,Iván de la Maza,,Iván de la Maza,,,,,,Iván de la Maza,,Iván de la Maza,,,male,1940-10-18,Iván,,,,,,,,,,,,,,,,,,,,,,,,,,,,,,,,,,,,,,,,,,,,,,,,,,,,,,,,,,,,,,,,,,,,,,,,,,,,,,,Iván de la Maza,
Q5925226,Jaime Mulet,Jaime Mulet,,Jaime Mulet,,,,,,Jaime Mulet,,Jaime Mulet,,https://upload.wikimedia.org/wikipedia/commons/6/6f/Jaime_Mulet_Martinez.jpg,male,1963-08-03,Jaime,,,,,,,,,,,,,,,,,,,,,,,,,,,,,,,,,,,,,,,,,,,,,,,,,,,,,,,,,,,,,,,,,,,,,,,,,,,,,,,Jaime Mulet,
Q5936071,Jorge Soria Macchiavello,Jorge Soria Macchiavello,,Jorge Soria Macchiavello,,,,,,Jorge Soria Macchiavello,,Jorge Soria Macchiavello,,,male,1969-03-03,Jorge,,,,,,,,,,,,,,,,,,,,,,,,,,,,,,,,,,,,,,,,,,,,,,,,,,,,,,,,,,,,,,,,,,,,,,,,,,,,,,,Jorge Soria Macchiavello,
Q16583716,José Pérez Arriagada,José Pérez Arriagada,,José Pérez Arriagada,,,,,,José Pérez Arriagada,,José Pérez Arriagada,,https://upload.wikimedia.org/wikipedia/commons/e/ef/José_Pérez_Arriagada.jpg,male,1940-12-29,José,,,,,,,,,,,,,,,,,,,,,,,,,,,,,,,,,,,,,,,,,,,,,,,,,,,,,,,,,,,,,,,,,,,,,,,,,,,,,,,José Pérez Arriagada,
Q11686373,Juan Bustos,Juan Bustos,Juan Bustos,Juan Bustos,Juan Bustos,,,,,Juan Bustos,Juan Bustos,Juan Bustos,,https://upload.wikimedia.org/wikipedia/commons/e/e2/Juan_Bustos.jpg,male,1935-12-08,Juan,,,22139447,026760436,,2008-08-07,,,,,,,,,,0000 0000 8100 5532,,,,,,,,,,,,,,,069578672,,,,,,,,,11894658g,,,,,,,,,Juan Bustos,,,,,,,,,,,,,,,,,,,,,,,,,,,,,,Juan Bustos,
Q5952252,Juan Ramón Núñez Valenzuela,Juan Ramón Núñez Valenzuela,,Juan Ramón Núñez Valenzuela,,,,,,Juan Ramón Núñez Valenzuela,,Juan Ramón Núñez,,,male,1943-10-18,Juan,,,,,,,,,,,,,,,,,,,,,,,,,,,,,,,,,,,,,,,,,,,,,,,,,,,,,,,,,,,,,,,,,,,,,,,,,,,,,,,Juan Ramón Núñez,
Q5955225,Julio Dittborn,Julio Dittborn,Julio Dittborn,Julio Dittborn,,,,,,Julio Dittborn,,Julio Dittborn,,https://upload.wikimedia.org/wikipedia/commons/4/49/Julio_Dittborn_Cordua.jpg,male,1951-10-19,Julio,,,,,,,,,,,,,,,,,,,,,,,,,,,,,,,,,,,,,,,,,,,,,,,,,,,,,,,,,,,,,,,,,,,,,,,,,,,,,,,Julio Dittborn,
Q5971703,Laura Soto,Laura Soto,Laura Soto,Laura Soto,,,,,,Laura Soto,,Laura Soto,,,female,1931-12-15,Laura,Laura Soto,,,,,,,,,,,,,,,,,,,,,,,,,,,,,,,,,,,,,,,,,,,,,,,,Laura Soto,,,,,,,,,,,,,,,,,,,,,,,,,,,,,,Laura Soto,
Q5809204,Leopoldo Sánchez Grunert,Leopoldo Sánchez Grunert,,Leopoldo Sánchez Grunert,,,,,,Leopoldo Sánchez Grunert,,Leopoldo Sánchez Grunert,,,male,1949-10-20,Leopoldo,,,,,,,,,,,,,,,,,,,,,,,,,,,,,,,,,,,,,,,,,,,,,,,,,,,,,,,,,,,,,,,,,,,,,,,,,,,,,,,Leopoldo Sánchez Grunert,
Q5976459,Lily Pérez,Lily Pérez,,Lily Pérez,,,,,,Lily Pérez,,Lily Pérez,,https://upload.wikimedia.org/wikipedia/commons/e/e2/Lily_Pérez_San_Martín.jpg,female,1963-05-10,Lily,,,,,,,,,,,,,,,,,,,,,,,,,,,,,,,,,,,,,,,,,,,,,,,,,,,,,,,,,,,,,,,,,,,,,,,,,,,,,,,Lily Pérez,
Q5984142,Luis Pareto González,Luis Pareto González,,Luis Pareto González,Luis Pareto González,Luis Pareto González,Luis Pareto González,Luis Pareto González,Luis Pareto González,Luis Pareto González,Luis Pareto González,Luis Pareto González,,https://upload.wikimedia.org/wikipedia/commons/6/66/Luis_Pareto_González.jpg,male,1928-08-29,Luis,,,,,,,,,,,,,,,,,,,,,,,,,,,,,,,,,,,,,,,,,,,,,,,,,,,,,,,,,,,,,,,,,,,,,,,,,,,,,,,Luis Pareto González,
Q5790097,Luis Valentín Ferrada,Luis Valentín Ferrada,,Luis Valentín Ferrada,,,,,,Luis Valentín Ferrada,,Luis Valentín Ferrada,,,male,1948-09-28,Luis,,,,,,,,,,,,,,,,,,,,,,,,,,,,,,,,,,,,,,,,,,,,,,,,,,,,,,,,,,,,,,,,,,,,,,,,,,,,,,,Luis Valentín Ferrada,
Q5992495,Manuel Bustos,Manuel Bustos,Manuel Bustos,Manuel Bustos,,,,,,Manuel Bustos,,Manuel Bustos,,https://upload.wikimedia.org/wikipedia/commons/e/e1/Manuel_Antonio_Bustos_Huerta.jpg,male,1943-12-03,Manuel,Manuel Bustos,,,,,1999-09-27,,,,Category:Manuel Bustos Huerta,,,,,,,,,,,,,,,,,,,,,,,,,,,,,,,,,,,,,,,Manuel Bustos,,,,,,,,,,,,,,,,,,,,,,,,,,,,,,Manuel Bustos,
Q5994240,Manuel Rojas Molina,Manuel Rojas Molina,,Manuel Rojas Molina,,,,,,Manuel Rojas Molina,,Manuel Rojas Molina,,https://upload.wikimedia.org/wikipedia/commons/e/e9/Manuel_Rojas_Molina.jpg,male,1959-11-03,Manuel,,,,,,,,,,,,,,,,,,,,Manuel Rojas Molina,Manuel Rojas Molina,,,,,,,,,,,,,,,,,,,,,,,,,,,,,,,,,,,,,,,,,,,,,,,,,,,,,,,,,,Manuel Rojas Molina,
Q5997406,Mariana Aylwin,Mariana Aylwin,,Mariana Aylwin,,,,,,Mariana Aylwin,,Mariana Aylwin,,https://upload.wikimedia.org/wikipedia/commons/9/9a/Mariana_Aylwin_Oyarzún.jpg,female,1949-07-13,Mariana,,,,,,,,,,,,,,,,,,,,,,,,,,,,,,,,,,,,,,,,,,,,,,,,,,,,,,,,,,,,,,,,,,,,,,,,,,,,,,,Mariana Aylwin,
Q5998513,Mario Bertolino,Mario Bertolino,,Mario Bertolino,,,,,,Mario Bertolino,,Mario Bertolino,,,male,1954-02-03,Mario,Mario Bertolino,,,,,,,,,,,,,,,,,,,,,,,,,,,,,,,,,,,,,,,,,,,,,,,,,,,,,,,,,,,,,,,,,,,,,,,,,,,,,,Mario Bertolino,
Q6003380,María Antonieta Saa,María Antonieta Saa,,María Antonieta Saa,,,,,,María Antonieta Saa,,María Antonieta Saa,,https://upload.wikimedia.org/wikipedia/commons/3/30/María_Antonieta_Saa_Díaz.jpg,female,1943-01-08,María,,,,,,,,,,,,,,,,,,,,,,,,,,,,,,,,,,,,,,,,,,,,,,,,,,,,,,,,,,,,,,,,,,,,,,,,,,,,,,,María Antonieta Saa,
Q6004540,María Rozas,María Rozas,,María Rozas,,,,,,María Rozas,,María Rozas,,,female,1955-11-08,María,,,,,,2011-05-06,,,,,,,,,,,,,,,,,,,,,,,,,,,,,,,,,,,,,,,,,,,,,,,,,,,,,,,,,,,,,,,,,,,,,,,,,María Rozas,
Q6004763,María Victoria Ovalle,María Victoria Ovalle,María Victoria Ovalle,María Victoria Ovalle,,,,,,María Victoria Ovalle,,María Victoria Ovalle,,https://upload.wikimedia.org/wikipedia/commons/f/f8/María_Victoria_Ovalle_Ovalle.jpg,female,1947-06-12,María,,,,,,,,,,,,,,,,,,,,,,,,,,,,,,,,,,,,,,,,,,,,,,,,,María Victoria Ovalle,,,,,,,,,,,,,,,,,,,,,,,,,,,,,,María Victoria Ovalle,
Q6007422,Maximiano Errázuriz,Maximiano Errázuriz,Maximiano Errázuriz,Maximiano Errázuriz,,,,,,Maximiano Errázuriz,,Maximiano Errázuriz,,,male,1945-09-28,,,,,,,,,,,,,,,,,,,,,,,,,,,,,,,,,,,,,,,,,,,,,,,,,,,,,,,,,,,,,,,,,,,,,,,,,,,,,,,,Maximiano Errázuriz,
Q6039721,Nelson Ávila,Nelson Ávila,Nelson Ávila,Nelson Ávila,,,,,,Nelson Ávila,,Nelson Ávila (político),,,male,1942-11-29,Nelson,,,63610473,,,,,,,,,,,,,,,,,,,,,,,,,,,,,,,,,,,,,,,,,,,nelsonavila,,,Nelson Ávila,,,,,,,,,,,,,,,,,,,,,,,,,,,,,,Nelson Ávila (político),
Q6056002,Pablo Galilea,Pablo Galilea,Pablo Galilea,Pablo Galilea,,,,,,Pablo Galilea,,Pablo Galilea,,,male,1963-01-31,Pablo,Pablo Galilea,,,,,,,,,,,,,,,,,,,,,,,,,,,,,,,,,,,,,,,,,,,,,,,,Pablo Galilea,,,,,,,,,,,,,,,,,,,,,,,,,,,,,,Pablo Galilea,
Q6056154,Pablo Lorenzini,Pablo Lorenzini,Pablo Lorenzini,Pablo Lorenzini,,,,,,Pablo Lorenzini,,Pablo Lorenzini,,https://upload.wikimedia.org/wikipedia/commons/6/68/Pablo_Lorenzini_Basso.jpg,male,1949-10-25,Pablo,Pablo Lorenzini,,,,,,,,,,,,,,,,,,,,,,,,,,,,,,,,,,,,,,,,,,,,,,,,Pablo Lorenzini,,,,,,,,,,,,,,,,,,,,,,,,,,,,,,Pablo Lorenzini,
Q5578064,Patricio Hales,Patricio Hales,Patricio Hales,Patricio Hales,Patricio Hales,Patricio Hales,Patricio Hales,Patricio Hales,Patricio Hales,Patricio Hales,,Patricio Hales,,https://upload.wikimedia.org/wikipedia/commons/c/ce/Patricio_Alejandro_Hales_Dib.jpg,male,1946-09-11,Patricio,Patricio Hales,,,,,,,,,,,,,,,,,,,,,,,,,,,,,,,,,,,,,,,,,,,,,,,,Patricio Hales,,,,,,,,,,,,,,,,,,,,,,,,,,,,,,Patricio Hales,
Q6066812,Patricio Walker,Patricio Walker,,Patricio Walker,,,,,,Patricio Walker,Patricio Walker,Patricio Walker,,https://upload.wikimedia.org/wikipedia/commons/1/19/Patricio_Walker_Prieto_oficial.jpg,male,1969-04-28,Patricio,,,,,,,,,,,,,,,,,,,,,,,,,,,,,,Walker,,,,,,,,,,,,,,,,,,,,,,,,,,,,,,,,,,,,,,,,,,,,,,,,,Patricio Walker,
Q6069581,Pedro Muñoz Aburto,Pedro Muñoz Aburto,Pedro Muñoz Aburto,Pedro Muñoz Aburto,,,,,,Pedro Muñoz Aburto,,Pedro Muñoz Aburto,,https://upload.wikimedia.org/wikipedia/commons/a/a8/Pedro_Héctor_Muñoz_Aburto.jpg,male,1944-07-01,Pedro,,,,,,,,,,,,,,,,,,,,,,,,,,,,,,,,,,,,,,,,,,,,,,,,,Pedro Muñoz Aburto,,,,,,,,,,,,,,,,,,,,,,,,,,,,,,Pedro Muñoz Aburto,
Q16623544,Pía Guzmán Mena,Pía Guzmán Mena,Pía Guzmán Mena,Pía Guzmán Mena,,,,,,Pía Guzmán Mena,,Pía Guzmán Mena,,,female,1957-06-23,Pía,,,,,,,,,,,,,,,,,,,,,,,,,,,,,,,,,,,,,,,,,,,,,,,,,Pía Guzmán Mena,,,,,,,,,,,,,,,,,,,,,,,,,,,,,,Pía Guzmán Mena,
Q6105633,Renán Fuentealba Vildósola,Renán Fuentealba Vildósola,Renán Fuentealba Vildósola,Renán Fuentealba Vildósola,,,,,,Renán Fuentealba Vildósola,,Renán Fuentealba Vildósola,,,male,1947-11-29,Renán,,,,,,,,,,,,,,,,,,,,,,,,,,,,,,,,,,,,,,,,,,,,,,,,,Renán Fuentealba Vildósola,,,,,,,,,,,,,,,,,,,,,,,,,,,,,,Renán Fuentealba Vildósola,
Q6108443,Ricardo Rincón,Ricardo Rincón,Ricardo Rincón,Ricardo Rincón,,,,,,Ricardo Rincón,,Ricardo Rincón,,https://upload.wikimedia.org/wikipedia/commons/8/8f/Ricardo_Enrique_Rincón_González.jpg,male,1967-03-22,Ricardo,,,,,,,,,,,,,,,,,,,,,,,,,,,,,,,,,,,,,,,,,,,,,,,,,Ricardo Rincón,,,,,,,,,,,,,,,,,,,,,,,,,,,,,,Ricardo Rincón,
Q6109839,Roberto León,Roberto León,Roberto León,Roberto León,,,,,,Roberto León,,Roberto León,,https://upload.wikimedia.org/wikipedia/commons/4/43/Roberto_León_Ramírez.jpg,male,,Roberto,,,,,,,,,,,,,,,,,,,,,,,,,,,,,,,,,,,,,,,,,,,,,,,,,Roberto León,,,,,,,,,,,,,,,,,,,,,,,,,,,,,,Roberto León,
Q6110876,Rodrigo Álvarez Zenteno,Rodrigo Álvarez Zenteno,Rodrigo Álvarez Zenteno,Rodrigo Álvarez Zenteno,,,,,,Rodrigo Álvarez Zenteno,,Rodrigo Álvarez Zenteno,,https://upload.wikimedia.org/wikipedia/commons/3/38/Rodrigo_Álvarez_Zenteno.jpg,male,1966-07-30,Rodrigo,,,,,,,,,,,,,,,,,,,,,,,,,,,,,,,,,,,,,,,,,,,,,,,,,Rodrigo Álvarez Zenteno,,,,,,,,,,,,,,,,,,,,,,,,,,,,,,Rodrigo Álvarez Zenteno,
Q6112174,Rosa González Román,Rosa González Román,Rosa González Román,Rosa González Román,,,,,,Rosa González Román,,Rosa González Román,,,female,1942-07-23,Rosa,,,,,,,,,,,,,,,,,,,,,,,,,,,,,,,,,,,,,,,,,,,,,,,,,,,,,,,,,,,,,,,,,,,,,,,,,,,,,,,Rosa González Román,
Q16301408,Rosauro Martínez,Rosauro Martínez,,Rosauro Martínez,,,,,,Rosauro Martínez,,Rosauro Martínez,,https://upload.wikimedia.org/wikipedia/commons/c/c7/Rosauro_Martínez_Labbé.jpg,male,1950-11-11,,,,,,,,,,,,,,,,,,,,,,,,,,,,,,,,,,,,,,,,,,,,,,,,,,,,,,,,,,,,,,,,,,,,,,,,,,,,,,,,Rosauro Martínez,
Q6117807,Salvador Urrutia,Salvador Urrutia,Salvador Urrutia,Salvador Urrutia,,,,,,Salvador Urrutia,,Salvador Urrutia,,,male,1942-07-07,Salvador,Salvador Urrutia,,,,,,,,,,,,,,,,,,,,,,,,,,,,,,,,,,,,,,,,,,,,,,,,,,,,,,,,,,,,,,,,,,,,,,,,,,,,,,Salvador Urrutia,
Q6118208,Samuel Venegas,Samuel Venegas,,Samuel Venegas,,,,,,Samuel Venegas,,Samuel Venegas,,,male,1938-04-01,Samuel,Samuel Venegas,,,,,,,,,,,,,,,,,,,,,,,,,,,,,,,,,,,,,,,,,,,,,,,,,,,,,,,,,,,,,,,,,,,,,,,,,,,,,,Samuel Venegas,
Q6148524,Tomás Jocelyn-Holt,Tomás Jocelyn-Holt,Tomás Jocelyn-Holt,Tomás Jocelyn-Holt,,Tomás Jocelyn-Holt,Tomás Jocelyn-Holt,Tomás Jocelyn-Holt,Tomás Jocelyn-Holt,Tomás Jocelyn-Holt,Tomás Jocelyn-Holt,Tomás Jocelyn-Holt,,"https://upload.wikimedia.org/wikipedia/commons/2/28/Tomás_Jocelyn-Holt_en_marcha_por_descentralización_en_Calama,_Chile.jpg",male,1963-01-16,Tomás,,,,,,,,,,Category:Tomás Jocelyn-Holt,,,,,,,,,,,,,,,,,,,,,,,,,,,,,,,,,,,,,,,Tomás Jocelyn-Holt,,,,,,,,,,,,,,,,,,,,,,,,,,,,,,Tomás Jocelyn-Holt,
Q16647643,Waldo Mora,Waldo Mora,Waldo Mora,Waldo Mora,,,,,,Waldo Mora,,Waldo Mora,,https://upload.wikimedia.org/wikipedia/commons/e/e0/Waldo_Mora_Longa.jpg,male,1942-12-12,Waldo,,,,,,,,,,,,,,,,,,,,,,,,,,,,,,,,,,,,,,,,,,,,,,,,,,,,,,,,,,,,,,,,,,,,,,,,,,,,,,,Waldo Mora,
Q6170994,Zarko Luksic,Zarko Luksic,Zarko Luksic,Zarko Luksic,,,,,,Zarko Luksic,,Zarko Luksic,,,male,1956-05-06,,,,,,,,,,,,,,,,,,,,,,,,,,,,,,,,,,,,,,,,,,,,,,,,,,Zarko Luksic,,,,,,,,,,,,,,,,,,,,,,,,,,,,,,Zarko Luksic,
Q5664721,Alejandra Sepúlveda,Alejandra Sepúlveda,,Alejandra Sepúlveda,,,,,,Alejandra Sepúlveda,,Alejandra Sepúlveda,,https://upload.wikimedia.org/wikipedia/commons/6/62/Alejandra_Sepúlveda_Orbenes.jpg,female,1965-11-13,Alejandra,,,,,,,,,,,,,,,,,,,,,,,,,,,,,,,,,,,,,,,,,,,,,,,,,,,,,,,,,,,,,,,,,,,,,,,,,,,,,,,Alejandra Sepúlveda,
Q16302157,Alejandro Sule,Alejandro Sule,,Alejandro Sule,,,,,,Alejandro Sule,,Alejandro Sule,,,male,,Alejandro,,,,,,,,,,,,,,,,,,,,,,,,,,,,,,,,,,,,,,,,,,,,,,,,,,,,,,,,,,,,,,,,,,,,,,,,,,,,,,,Alejandro Sule,
Q16298729,Alfonso de Urresti,Alfonso de Urresti,Alfonso de Urresti,Alfonso de Urresti,,,,,,Alfonso de Urresti,,Alfonso de Urresti,,https://upload.wikimedia.org/wikipedia/commons/9/9b/Alfonso_De_Urresti_Longton.jpg,male,1966-03-07,Alfonso,Alfonso de Urresti,,,,,,,,,,,,,,,,,,,,,,,,,,,,,,,,,,,,,,,,,,,,,,,,Alfonso de Urresti,,,,,,,,,,,,,,,,,,,,,,,,,,,,,,Alfonso de Urresti,
Q5672323,Amelia Herrera,Amelia Herrera,Amelia Herrera,Amelia Herrera,,,,,,Amelia Herrera,,Amelia Herrera,,https://upload.wikimedia.org/wikipedia/commons/1/1b/Ameliaherrera.jpg,female,1950-08-25,Amelia,Amelia Herrera,,,,,,,,,,,,,,,,,,,,,,,,,,,,,,,,,,,,,,,,,,,,,,,,,,,,,,,,,,,,,,,,,,,,,,,,,,,,,,Amelia Herrera,
Q5675717,Andrés Egaña,Andrés Egaña,,Andrés Egaña,,,,,,Andrés Egaña,,Andrés Egaña,,,male,1947-03-08,Andrés,,,,,,,,,,,,,,,,,,,,,,,,,,,,,,,,,,,,,,,,,,,,,,,,,,,,,,,,,,,,,,,,,,,,,,,,,,,,,,,Andrés Egaña,
Q20995017,,Boris Tapia,,,,,,,,Boris Tapia,,Boris Tapia,,,male,1941-08-27,Boris,,,,,,,,,,,,,,,,,,,,,,,,,,,,,,,,,,,,,,,,,,,,,,,,,,,,,,,,,,,,,,,,,,,,,,,,,,,,,,,Boris Tapia,
Q5478697,Carmen Ibáñez Soto,Carmen Ibáñez,,Carmen Ibáñez,Carmen Ibáñez,,,,,Carmen Ibáñez,,Carmen Ibáñez,,,female,1959-02-07,Carmen,,,,,,,,,,,Carmen Ibáñez,,,,,,,,,Carmen Ibáñez Soto,Carmen Ibáñez Soto,,,,,,,,,,,,,,,,,,,,,,,,,,,,,,,,,,,,,,,,,,,,,,,,,,,,,,,,,,Carmen Ibáñez,
Q5044837,Carolina Goic Boroevic,Carolina Goic,Carolina Goic Boroevic,Carolina Goic Boroevic,,Carolina Goic,Carolina Goic,Carolina Goic,Carolina Goic,Carolina Goic,Carolina Goić,Carolina Goic,,https://upload.wikimedia.org/wikipedia/commons/b/bb/Carolina_Goic_Boroevic.jpg,female,1972-12-20,Carolina,Carolina Goic Boroevic,,,,,,,,,,,,,,,,,,,,,Carolina Nevenka Goic Boroevic,Carolina Nevenka Goic Boroevic,,,,,,,,,,,,,,,,,,,,,,,,,,Carolina Goic,,,,,,,,,,,,,,,,,,,,,,,,,,,,,,Carolina Goic,
Q3660574,Carolina Tohá,Carolina Tohá,Carolina Tohá,Carolina Tohá,Carolina Tohá,Carolina Tohá,Carolina Tohá,Carolina Tohá,Carolina Tohá,Carolina Tohá,Carolina Tohá,Carolina Tohá,,https://upload.wikimedia.org/wikipedia/commons/e/e4/Carolina_Tohá.jpg,female,1965-05-12,Carolina,Carolina Tohá,,,,,,,,,,,,Carolina Tohá,,,,,,,,,,,,,,,,,,,,,,,,,,,,,,,,,,Carolina Tohá,Carolina Tohá,Carolina Tohá,,,,,,,,,,,,,,,,,,,,,,,,,,,,,,Carolina Tohá,
Q5648704,Claudia Nogueira,Claudia Nogueira,,Claudia Nogueira,,,,,,Claudia Nogueira,,Claudia Nogueira,,https://upload.wikimedia.org/wikipedia/commons/8/86/Claudia_Nogueira_Fernández.jpg,female,1969-11-26,Claudia,Claudia Nogueira,,,,,,,,,,,,,,,,,,,,,,,,,,,,,,,,,,,,,,,,,,,,,,,,,,,,,,,,,,,,,,,,,,,,,,,,,,,,,,Claudia Nogueira,
Q16301478,Clemira Pacheco,Clemira Pacheco,,Clemira Pacheco,,,,,,Clemira Pacheco,,Clemira Pacheco,,https://upload.wikimedia.org/wikipedia/commons/6/66/Clemira_Pacheco_Rivas.jpg,female,1961-05-05,,Clemira Pacheco,,,,,,,,,,,,,,,,,,,,,,,,,,,,,,,,,,,,,,,,,,,,,,,,,,,,,,,,,,,,,,,,,,,,,,,,,,,,,,Clemira Pacheco,
Q5791610,Cristián Monckeberg,Cristián Monckeberg,,Cristián Monckeberg,,,,,,Cristián Monckeberg,,Cristián Monckeberg,,https://upload.wikimedia.org/wikipedia/commons/3/33/Cristian_Monckeberg_Bruner.jpg,male,1968-05-12,Cristián,,,,,,,,,,,,,,,,,,,,,,,,,,,,,,,,,,,,,,,,,,,,,,,,,,,,,,,,,,,,,,,,,,,,,,,,,,,,,,,Cristián Monckeberg,
Q20015779,Cristián Pareto,Cristián Pareto,,Cristián Pareto,,,,,,Cristián Pareto,,Cristián Pareto,,,male,1963-10-19,Cristián,,,,,,,,,,,,,,,,,,,,,,,,,,,,,,,,,,,,,,,,,,,,,,,,,,,,,,,,,,,,,,,,,,,,,,,,,,,,,,,Cristián Pareto,
Q5802697,Denise Pascal,Denise Pascal,,Denise Pascal,,,,,,Denise Pascal,,Denise Pascal,,https://upload.wikimedia.org/wikipedia/commons/b/b7/Denise_Pascal_Allende.jpg,female,1940-07-19,Denise,Denise Pascal,,,,,,,,,,,,,,,,,,,,,,,,,,,,,,,,,,,,,,,,,,,,,,,,,,,,,,,,,,,,,,,,,,,,,,,,,,,,,,Denise Pascal,
Q5818789,Edmundo Eluchans Urenda,Edmundo Eluchans Urenda,,Edmundo Eluchans Urenda,,,,,,Edmundo Eluchans Urenda,,Edmundo Eluchans Urenda,,,male,1950-01-21,Edmundo,Edmundo Eluchans Urenda,,,,,,,,,,,,,,,,,,,,,,,,,,,,,,,,,,,,,,,,,,,,,,,,,,,,,,,,,,,,,,,,,,,,,,,,,,,,,,Edmundo Eluchans Urenda,
Q20994894,,Eduardo Lagos Herrera,,,,,,,,Eduardo Lagos Herrera,,Eduardo Lagos Herrera,,https://upload.wikimedia.org/wikipedia/commons/6/63/Eduardo_Lagos_Herrera.jpg,male,1967-01-17,Eduardo,,,,,,,,,,,,,,,,,,,,,,,,,,,,,,,,,,,,,,,,,,,,,,,,,,,,,,,,,,,,,,,,,,,,,,,,,,,,,,,Eduardo Lagos Herrera,
Q6426685,Eduardo Saffirio,Eduardo Saffirio,,Eduardo Saffirio,,,,,,Eduardo Saffirio,,Eduardo Saffirio,,,male,1958-08-12,Eduardo,Eduardo Saffirio,,,,,,,,,,,,,,,,,,,,,,,,,,,,,,,,,,,,,,,,,,,,,,,,,,,,,,,,,,,,,,,,,,,,,,,,,,,,,,Eduardo Saffirio,
Q5832999,Enrique Accorsi Opazo,Enrique Accorsi Opazo,Enrique Accorsi Opazo,Enrique Accorsi,,,,,,Enrique Accorsi Opazo,,Enrique Accorsi,,,male,1948-08-17,Enrique,Enrique Accorsi,,,,,,,,,,,,,,,,,,,Enrique Accorsi Opazo,Enrique Accorsi Opazo,,,,,,,,,,,,,,,,,,,,,,,,,,,,Enrique Accorsi Opazo,,,,,,,,,,,,,,,,,,,,,,,,,,,,,,Enrique Accorsi,
Q5833260,Enrique Estay,Enrique Estay,Enrique Estay,Enrique Estay,,,,,,Enrique Estay,,Enrique Estay,,,male,,Enrique,,,,,,,,,,,,,,,,,,,,,,,,,,,,,,,,,,,,,,,,,,,,,,,,,Enrique Estay,,,,,,,,,,,,,,,,,,,,,,,,,,,,,,Enrique Estay,
Q16562238,Enrique Jaramillo,Enrique Jaramillo,Enrique Jaramillo,Enrique Jaramillo,,,,,,Enrique Jaramillo,,Enrique Jaramillo,,https://upload.wikimedia.org/wikipedia/commons/6/6b/Enrique_Jaramillo_Becker.jpg,male,1937-07-11,Enrique,,,,,,,,,,,,,,,,,,,,,,,,,,,,,,,,,,,,,,,,,,,,,,,,,Enrique Jaramillo,,,,,,,,,,,,,,,,,,,,,,,,,,,,,,Enrique Jaramillo,
Q5400841,Esteban Valenzuela,Esteban Valenzuela,Esteban Valenzuela,Esteban Valenzuela,Esteban Valenzuela,Esteban Valenzuela,Esteban Valenzuela,Esteban Valenzuela,Esteban Valenzuela,Esteban Valenzuela,Esteban Valenzuela,Esteban Valenzuela,,https://upload.wikimedia.org/wikipedia/commons/1/14/Esteban_Valenzuela_Van_Treek_2013.jpg,male,1964-03-12,Esteban,,,6465881,138885087,,,,,,,,,,,,,,,,,,,,,,,,,,,,,,,,,,,,16966059w,,,,,,,,,,,,,,,,,,,,,,,,,,,,,,,,,,,,,,,Esteban Valenzuela,
Q5850440,Eugenio Bauer,Eugenio Bauer,Eugenio Bauer,Eugenio Bauer,,,,,,Eugenio Bauer,,Eugenio Bauer,,,male,1947-05-20,Eugenio,Eugenio Bauer,,,,,,,,,,,,,,,,,,,,,,,,,,,,,,,,,,,,,,,,,,,,,,,,Eugenio Bauer,,,,,,,,,,,,,,,,,,,,,,,,,,,,,,Eugenio Bauer,
Q3068132,Felipe Harboe,Felipe Harboe,Felipe Harboe,Felipe Harboe Bascuñán,Felipe Harboe,Felipe Harboe,Felipe Harboe,Felipe Harboe,Felipe Harboe,Felipe Harboe,Felipe Harboe,Felipe Harboe,,https://upload.wikimedia.org/wikipedia/commons/7/77/Felipe_Harboe_Bascuñán.jpg,male,1972-07-20,Felipe,,Felipe Harboe Bascuñán,,,,,,,,,,,,,,,,,/m/03qfrtg,,,,,,,,,,,,,,,,,,,,,,,,,,,,,,Felipe Harboe,,,,,,,,,,,,,,,,,,,,,,,,,,,,,,Felipe Harboe,
Q5858409,Felipe Salaberry,Felipe Salaberry,,Felipe Salaberry,,,,,,Felipe Salaberry,,Felipe Salaberry,,https://upload.wikimedia.org/wikipedia/commons/9/9f/Felipe_Salaberry_Soto.jpg,male,1966-01-09,Felipe,,,,,,,,,,,,,,,,,,,,,,,,,,,,,,,,,,,,,,,,,,,,,,,,,,,,,,,,,,,,,,,,,,,,,,,,,,,,,,,Felipe Salaberry,
Q5858483,Felipe Ward,Felipe Ward,Felipe Ward,Felipe Ward,,,,,,Felipe Ward,,Felipe Ward,,https://upload.wikimedia.org/wikipedia/commons/2/2e/Felipe_Ward_Edwards.jpg,male,1972-09-14,Felipe,,,,,,,,,,,,,,,,,,,,,,,,,,,,,,,,,,,,,,,,,,,,,,,,,Felipe Ward,,,,,,,,,,,,,,,,,,,,,,,,,,,,,,Felipe Ward,
Q16567135,Fernando Meza Moncada,Fernando Meza Moncada,,Fernando Meza Moncada,,,,,,Fernando Meza Moncada,,Fernando Meza Moncada,,,male,1946-07-14,Fernando,Fernando Meza Moncada,,,,,,,,,,,,,,,,,,,,,,,,,,,,,,,,,,,,,,,,,,,,,,,,,,,,,,,,,,,,,,,,,,,,,,,,,,,,,,Fernando Meza Moncada,
Q16300930,Fidel Espinoza,Fidel Espinoza,,Fidel Espinoza,,,,,,Fidel Espinoza,,Fidel Espinoza,,https://upload.wikimedia.org/wikipedia/commons/e/ee/Fidel_Espinoza_Sandoval.jpg,male,1970-01-24,Fidel,Fidel Espinoza,,,,,,,,,,,,,,,,,,,,,,,,,,,,,,,,,,,,,,,,,,,,,,,,,,,,,,,,,,,,,,,,,,,,,,,,,,,,,,Fidel Espinoza,
Q5865438,Francisco Chahuán,Francisco Chahuán,Francisco Chahuán,Francisco Chahuán,,,,,,Francisco Chahuán,,Francisco Chahuán,,https://upload.wikimedia.org/wikipedia/commons/2/2b/Francisco_Chahuán_Chahuán.jpg,male,1971-05-20,Francisco,,,,,,,,,,,,,,,,,,,,,,,,,,,,,,,,,,,,,,,,,,,,,,chahuan,,,Francisco Chahuán,,,,,,,,,,,,,,,,,,,,,,,,,,,,,,Francisco Chahuán,
Q5870897,Fulvio Rossi,Fulvio Rossi,Fulvio Rossi,Fulvio Rossi,,,,,,Fulvio Rossi,,Fulvio Rossi,,https://upload.wikimedia.org/wikipedia/commons/7/75/Fulvio_Rossi_Ciocca.jpg,male,1970-09-30,Fulvio,Fulvio Rossi,,,,,,,,,,,,,,,,,,,,,,,,,,,,,Rossi,,,,,,,,,,,,,,,,,,,Fulvio Rossi,,,,,,,,,,,,,,,,,,,,,,,,,,,,,,Fulvio Rossi,
Q5873569,Gabriel Silber,Gabriel Silber,Gabriel Silber,Gabriel Silber,,,,,,Gabriel Silber,,Gabriel Silber,,,male,,Gabriel,Gabriel Silber,,,,,,,,,,,,,,,,,,,,,,,,,,,,,,,,,,,,,,,,,,,,,,,,Gabriel Silber,,,,,,,,,,,,,,,,,,,,,,,,,,,,,,Gabriel Silber,
Q5876276,Gastón von Mühlenbrock,Gastón von Mühlenbrock,,Gastón von Mühlenbrock,,,,,,Gastón von Mühlenbrock,,Gastón von Mühlenbrock,,,male,1954-12-26,Gastón,,,,,,,,,,,,,,,,,,,,,,,,,,,,,,,,,,,,,,,,,,,,,,,,,,,,,,,,,,,,,,,,,,,,,,,,,,,,,,,Gastón von Mühlenbrock,
Q5878608,Germán Becker Alvear,Germán Becker Alvear,,Germán Becker Alvear,,,,,,Germán Becker Alvear,,Germán Becker Alvear,,https://upload.wikimedia.org/wikipedia/commons/f/f0/Germán_Becker_Alvear.jpg,male,1955-03-13,Germán,,,,,,,,,,,,,,,,,,,,,,,,,,,,,,,,,,,,,,,,,,,,,,,,,,,,,,,,,,,,,,,,,,,,,,,,,,,,,,,Germán Becker Alvear,
Q16302287,Gonzalo Uriarte,Gonzalo Uriarte,Gonzalo Uriarte,Gonzalo Uriarte,,,,,,Gonzalo Uriarte,,Gonzalo Uriarte,,https://upload.wikimedia.org/wikipedia/commons/8/80/Gonzalo_Uriarte_Herrera.jpg,male,1964-12-28,Gonzalo,Gonzalo Uriarte,,,,,,,,,,,,,,,,,,,,,,,,,,,,,,,,,,,Гонсало Уриарте,,,,,,,,,,,,,Gonzalo Uriarte,,,,,,,,,,,,,,,,,,,,,,,,,,,,,,Gonzalo Uriarte,
Q5913597,Ignacio Urrutia,Ignacio Urrutia,Ignacio Urrutia,Ignacio Urrutia,,,,,,Ignacio Urrutia,,Ignacio Urrutia Bonilla,,https://upload.wikimedia.org/wikipedia/commons/6/6b/Ignacio_Urrutia_Bonilla.jpg,male,1957-09-16,Ignacio,Ignacio Urrutia Bonilla,,,,,,,,,,,,,,,,,,,,,,,,,,,,,,,,,,,,,,,,,,,,,,,,Ignacio Urrutia,,,,,,,,,,,,,,,,,,,,,,,,,,,,,,Ignacio Urrutia Bonilla,
Q5923517,Iván Norambuena,Iván Norambuena,,Iván Norambuena,,,,,,Iván Norambuena,,Iván Norambuena,,https://upload.wikimedia.org/wikipedia/commons/a/ad/Iván_Norambuena_Farías.jpg,male,1958-09-04,Iván,,,,,,,,,,,,,,,,,,,,,,,,,,,,,,,,,,,,,,,,,,,,,,,,,,,,,,,,,,,,,,,,,,,,,,,,,,,,,,,Iván Norambuena,
Q5923528,Iván Paredes,Iván Paredes,,Iván Paredes,,,,,,Iván Paredes,,Iván Paredes,,,male,1958-06-04,Iván,,,,,,,,,,,,,,,,,,,,,,,,,,,,,,,,,,,,,,,,,,,,,,,,,,,,,,,,,,,,,,,,,,,,,,,,,,,,,,,Iván Paredes,
Q5925286,Jaime Quintana,Jaime Quintana,Jaime Quintana,Jaime Quintana,Jaime Quintana,Jaime Quintana,Jaime Quintana,Jaime Quintana,Jaime Quintana,Jaime Quintana,,Jaime Quintana,,https://upload.wikimedia.org/wikipedia/commons/1/11/Jaime_Quintana_Leal.jpg,male,1967-10-22,Jaime,,,,,,,,,,,,,,,,,,,,Jaime Quintana,,,,,,,,,,,,,,,,,,,,,,,,,,,,,Jaime Quintana,,,,,,,,,,,,,,,,,,,,,,,,,,,,,,Jaime Quintana,
Q5927839,Javier Hernández Hernández,Javier Hernández Hernández,,Javier Hernández Hernández,,,,,,Javier Hernández Hernández,,Javier Hernández Hernández,,,male,1954-08-07,Javier,,,,,,,,,,,,,,,,,,,,,,,,,,,,,,,,,,,,,,,,,,,,,,,,,,,,,,,,,,,,,,,,,,,,,,,,,,,,,,,Javier Hernández Hernández,
Q5934645,Jorge Burgos,Jorge Burgos,Jorge Burgos,Jorge Burgos,,,,,,Jorge Burgos,Jorge Burgos,Jorge Burgos,,"https://upload.wikimedia.org/wikipedia/commons/c/c6/Jorge_Burgos_Varela,_ministro_de_defensa.jpg",male,1956-06-24,Jorge,,,,,,,,,,,,,,,,,,,,,,,,,,,,,,,,,,,,,,,,,,,,,,,,,Jorge Burgos,,,,,,,,,,,,,,,,,,,,,,,,,,,,,,Jorge Burgos,
Q5936129,Jorge Tarud,Jorge Tarud,Jorge Tarud,Jorge Tarud,,,,,,Jorge Tarud,,Jorge Tarud,,,male,1953-07-29,Jorge,,,,,,,,,,,,,,,,,,,,,,,,,,,,,,,,,,,,,,,,,,,,,,,,,Jorge Tarud,,,,,,,,,,,,,,,,,,,,,,,,,,,,,,Jorge Tarud,
Q5937916,José Antonio Kast,José Antonio Kast,,José Antonio Kast,,,,,,José Antonio Kast,,José Antonio Kast,,https://upload.wikimedia.org/wikipedia/commons/f/fd/José_Antonio_Kast_Rist.jpg,male,1966-01-18,José,,,,,,,,,,,,,,,,,,,,,,,,,,,,,,,,,,,,,,,,,,,,,,,,,,,,,,,,,,,,,,,,,,,,,,,,,,,,,,,José Antonio Kast,
Q5995504,Marcela Cubillos,Marcela Cubillos,,Marcela Cubillos,,,,,,Marcela Cubillos,,Marcela Cubillos,,https://upload.wikimedia.org/wikipedia/commons/5/51/BCNChile_librocamiloescalona_20120803_F014-O.jpg,female,1967-02-02,Marcela,Marcela Cubillos,,,,,,,,,,,,,,,,,,,,,,,,,,,,,,,,,,,,,,,,,,,,,,,,,,,,,,,,,,,,,,,,,,,,,,,,,,,,,,Marcela Cubillos,
Q5995801,Marcelo Forni,Marcelo Forni,,Marcelo Forni,,,,,,Marcelo Forni,,Marcelo Forni,,https://upload.wikimedia.org/wikipedia/commons/1/1c/Marcelo_Forni.jpg,male,1967-10-15,Marcelo,Marcelo Forni,,,,,,,,,,,,,,,,,,,,,,,,,,,,,,,,,,,,,,,,,,,,,,,,,,,,,,,,,,,,,,,,,,,,,,,,,,,,,,Marcelo Forni,
Q7030399,Nicolás Monckeberg,Nicolás Monckeberg,Nicolás Monckeberg,Nicolás Monckeberg,Nicolás Monckeberg,Nicolás Monckeberg,Nicolás Monckeberg,Nicolás Monckeberg,Nicolás Monckeberg,Nicolás Monckeberg,Nicolás Monckeberg,Nicolás Monckeberg,,https://upload.wikimedia.org/wikipedia/commons/8/84/Nicolás_Monckeberg_Díaz.jpg,male,1973-07-31,Nicolás,,,,,,,,,,,,,,,,,,,,,,,,,,,,,,,,,,,,,,,,,,,,,,,,,Nicolás Monckeberg,,,,,,,,,,,,,,,,,,,,,,,,,,,,,,Nicolás Monckeberg,
Q16301023,Néstor Jofré,Néstor Jofré,,Néstor Jofré,,,,,,Néstor Jofré,,Néstor Jofré,,,male,1947-10-19,Néstor,,,,,,,,,,,,,,,,,,,,,,,,,,,,,,,,,,,,,,,,,,,,,,,,,,,,,,,,,,,,,,,,,,,,,,,,,,,,,,,Néstor Jofré,
Q6068190,Pedro Araya Guerrero,Pedro Araya Guerrero,Pedro Araya Guerrero,Pedro Araya Guerrero,,,,,,Pedro Araya Guerrero,,Pedro Araya Guerrero,,https://upload.wikimedia.org/wikipedia/commons/4/44/Pedro_Araya_Guerrero.jpg,male,1974-07-16,Pedro,,,,,,,,,,,,,,,,,,,,,,,,,,,,,,,,,,,,,,,,,,,,,,,,,Pedro Araya Guerrero,,,,,,,,,,,,,,,,,,,,,,,,,,,,,,Pedro Araya Guerrero,
Q6099449,Ramón Barros Montero,Ramón Barros Montero,,Ramón Barros Montero,,,,,,Ramón Barros Montero,,Ramón Barros Montero,,https://upload.wikimedia.org/wikipedia/commons/f/fe/José_Ramón_Barros_Montero.jpg,male,1958-03-05,Ramón,,,,,,,,,,,,,,,,,,,,,,,,,,,,,,,,,,,,,,,,,,,,,,,,,,,,,,,,,,,,,,,,,,,,,,,,,,,,,,,Ramón Barros Montero,
Q16298769,Roberto Delmastro,Roberto Delmastro,Roberto Delmastro,Roberto Delmastro,Roberto Delmastro,,,,,Roberto Delmastro,Roberto Delmastro,Roberto Delmastro,Roberto Delmastro,https://upload.wikimedia.org/wikipedia/commons/8/89/BCN_-_Roberto_Delmastro_2.JPG,male,1945-10-17,Roberto,,,,,,2014-12-26,,,,,,,,,,,,,,,,,,,,,,,,,,,,,,,,,,,,,,,,,,,Roberto Delmastro,Roberto Delmastro,Roberto Delmastro,,,,,,,,,,,,,,,,,,,,,,,,,,Roberto Delmastro,,Roberto Delmastro,
Q16625894,Rodrigo González Torres,Rodrigo González Torres,,Rodrigo González Torres,,,,,,Rodrigo González Torres,,Rodrigo González Torres,,,male,1941-09-26,Rodrigo,,,,,,,,,,,,,,,,,,,,,,,,,,,,,,,,,,,,,,,,,,,,,,,,,Rodrigo González Torres,,,,,,,,,,,,,,,,,,,,,,,,,,,,,,Rodrigo González Torres,
Q16302791,Ximena Vidal,Ximena Vidal,Ximena Vidal,Ximena Vidal,,,,,,Ximena Vidal,,Ximena Vidal,,https://upload.wikimedia.org/wikipedia/commons/d/d6/Ximena_Vidal_Lázaro.jpg,female,,Ximena,,,,,,,,,,,,,,,,,,,,,,,,,,,,,,,,,,,,,,,,,,,,,,,,,Ximena Vidal,,,,,,,,,,,,,,,,,,,,,,,,,,,,,,Ximena Vidal,
Q5675205,Andrea Molina,Andrea Molina,,Andrea Molina,,,,,,Andrea Molina,,Andrea Molina,,https://upload.wikimedia.org/wikipedia/commons/4/41/Andrea_Molina_Oliva.jpg,female,1968-03-28,Andrea,Andrea Molina,,,,,,,,,,,,,,,,,,,,,,,,,,,,,,,,,,,,,,,,,,,,,diputadamolina,,,,,,,,,,,,,,,,,,,,,,,,,,,,,,,,,Andrea Molina,
Q5707507,Arturo Squella,Arturo Squella,,Arturo Squella,,,,,,Arturo Squella,,Arturo Squella,,https://upload.wikimedia.org/wikipedia/commons/d/da/Arturo_Squella_Ovalle.jpg,male,1978-09-25,Arturo,Arturo Squella,,,,,2010-03-11,,,,,,,,,,,,,,,,,,,,,,,,,,,,,,,,,,,,,,,,,,,,,,,,,,,,,,,,,,,,,,,,,,,,,,,,,Arturo Squella,
Q16301594,Celso Morales,Celso Morales,,Celso Morales,,,,,,Celso Morales,,Celso Morales,,,male,1957-07-10,Celso,Celso Morales,,,,,,,,,,,,,,,,,,,,,,,,,,,,,,,,,,,,,,,,,,,,,,,,,,,,,,,,,,,,,,,,,,,,,,,,,,,,,,Celso Morales,
Q5411507,Cristina Girardi,Cristina Girardi,,Cristina Girardi,,,,,,Cristina Girardi,,Cristina Girardi,,https://upload.wikimedia.org/wikipedia/commons/0/0c/Cristina_Girardi_Lavín.jpg,female,1962-01-09,Cristina,Cristina Girardi,,,,,,,,,,,,,,,,,,,,,,,,,,,,,,,,,,,,,,,,,,,,,,,,,,,,,,,,,,,,,,,,,,,,,,,,,,,,,,Cristina Girardi,
Q16298070,Cristián Campos Jara,Cristián Campos Jara,Cristián Campos Jara,Cristián Campos Jara,,,,,,Cristián Campos Jara,,Cristián Campos Jara,,https://upload.wikimedia.org/wikipedia/commons/7/71/Carlos_Cristian_Campos_Jara.jpg,male,1972-11-18,Cristián,,,,,,,,,,,,,,,,,,,,,,,,,,,,,,,,,,,,,,,,,,,,,,,,,,,,,,,,,,,,,,,,,,,,,,,,,,,,,,,Cristián Campos Jara,
Q18748746,Cristián Letelier Aguilar,Cristián Letelier Aguilar,Cristián Letelier Aguilar,Cristián Letelier Aguilar,,,,,,Cristián Letelier Aguilar,,Cristián Letelier Aguilar,,,male,1954-05-18,Cristián,,,,,,,,,,,,,,,,,,,,,,,,,,,,,,,,,,,,,,,,,,,,,,,,,Cristián Letelier Aguilar,,,,,,,,,,,,,,,,,,,,,,,,,,,,,,Cristián Letelier Aguilar,
Q5800346,David Sandoval,David Sandoval,David Sandoval,David Sandoval,,,,,,David Sandoval,,David Sandoval,,https://upload.wikimedia.org/wikipedia/commons/e/e1/David_Sandoval_Plaza.jpg,male,1952-10-20,David,David Sandoval,,,,,,,,,,,,,,,,,,,,,,,,,,,,,,,,,,,,,,,,,,,,,,,,,,,,,,,,,,,,,,,,,,,,,,,,,,,,,,David Sandoval,
Q5834000,Enrique van Rysselberghe Herrera,Enrique van Rysselberghe Herrera,Enrique van Rysselberghe Herrera,Enrique van Rysselberghe Herrera,,,,,,Enrique van Rysselberghe Herrera,,Enrique van Rysselberghe Herrera,,https://upload.wikimedia.org/wikipedia/commons/d/d1/Enrique_Van_Rysselberghe_Herrera.jpg,male,1976-09-17,Enrique,,,,,,,,,,,,,,,,,,,,,,,,,,,,,,,,,,,,,,,,,,,,,,,,,Enrique van Rysselberghe Herrera,,,,,,,,,,,,,,,,,,,,,,,,,,,,,,Enrique van Rysselberghe Herrera,
Q2888549,Ernesto Silva Méndez,Ernesto Silva Méndez,,Ernesto Silva Méndez,,,,,,Ernesto Silva Méndez,,Ernesto Silva Méndez,,https://upload.wikimedia.org/wikipedia/commons/a/a8/Ernesto_Silva_Méndez.jpg,male,1975-08-15,Ernesto,,,,,,,,,,,,,,,,,,,,,,,,,,,,,,,,,,,,,,,,,,,,,,,,,,,,,,,,,,,,,,,,,,,,,,,,,,,,,,,Ernesto Silva Méndez,
Q16302326,Frank Sauerbaum,Frank Sauerbaum,Frank Sauerbaum,Frank Sauerbaum,,,,,,Frank Sauerbaum,,Frank Sauerbaum,,https://upload.wikimedia.org/wikipedia/commons/5/51/Frank_Sauerbaum_Muñoz.jpg,male,1972-11-21,Frank,,,,,,,,,,,,,,,,,,,,,,,,,,,,,,,,,,,,,,,,,,,,,,,,,Frank Sauerbaum,,,,,,,,,,,,,,,,,,,,,,,,,,,,,,Frank Sauerbaum,
Q5869979,Fuad Chahín,Fuad Chahín,Fuad Chahín,Fuad Chahín,Fuad Chahín,,,,,Fuad Chahín,,Fuad Chahín,,https://upload.wikimedia.org/wikipedia/commons/d/d1/Fuad_Eduardo_Chahin_Valenzuela.jpg,male,1976-12-01,Fuad,,,,,,,,,,,,,,,,,,,,,,,,,,,,,,,,,,,,,,,,,,,,,,,,,Fuad Chahín,,,,,,,,,,,,,,,,,,,,,,,,,,,,,,Fuad Chahín,
Q5875838,Gaspar Rivas Sánchez,Gaspar Rivas Sánchez,Gaspar Rivas Sánchez,Gaspar Rivas Sánchez,,,,,,Gaspar Rivas Sánchez,,Gaspar Rivas Sánchez,,,male,1978-05-17,Gaspar,,,,,,,,,,,,,,,,,,,,,,,,,,,,,,,,,,,,,,,,,,,,,,,,,Gaspar Rivas Sánchez,,,,,,,,,,,,,,,,,,,,,,,,,,,,,,Gaspar Rivas Sánchez,
Q5878851,Germán Verdugo,Germán Verdugo,,Germán Verdugo,,,,,,Germán Verdugo,,Germán Verdugo,,,male,1948-10-05,Germán,,,,,,,,,,,,,,,,,,,,,,,,,,,,,,,,,,,,,,,,,,,,,,,,,,,,,,,,,,,,,,,,,,,,,,,,,,,,,,,Germán Verdugo,
Q5880119,Giovanni Calderón,Giovanni Calderón,Giovanni Calderón,Giovanni Calderón,,,,,,Giovanni Calderón,,Giovanni Calderón,,,male,1971-07-08,Giovanni,,,,,,,,,,,,,,,,,,,,,,,,,,,,,,,,,,,,,,,,,,,,,,,,,Giovanni Calderón,,,,,,,,,,,,,,,,,,,,,,,,,,,,,,Giovanni Calderón,
Q5882822,Gonzalo Arenas,Gonzalo Arenas,,Gonzalo Arenas,,,,,,Gonzalo Arenas,,Gonzalo Arenas,,https://upload.wikimedia.org/wikipedia/commons/9/9f/Gonzalo_Arenas_Hodar.jpg,male,1972-12-13,Gonzalo,Gonzalo Arenas,,,,,,,,,,,,,,,,,,,,,,,,,,,,,,,,,,,,,,,,,,,,,,,,,,,,,,,,,,,,,,,,,,,,,,,,,,,,,,Gonzalo Arenas,
Q5882909,Gonzalo Duarte,Gonzalo Duarte,Gonzalo Duarte,Gonzalo Duarte,,,,,,Gonzalo Duarte,,Gonzalo Duarte,,,male,1953-04-01,Gonzalo,Gonzalo Duarte,,,,,,,,,,,,,,,,,,,,,,,,,,,,,,,,,,,,,,,,,,,,,,,,,,,,,,,,,,,,,,,,,,,,,,,,,,,,,,Gonzalo Duarte,
Q3120563,Guillermo Teillier,Guillermo Teillier,Guillermo Teillier,Guillermo Teillier,Guillermo Teillier,Guillermo Teillier,Guillermo Teillier,Guillermo Teillier,Guillermo Teillier,Guillermo Teillier,Guillermo Teillier,Guillermo Teillier,,https://upload.wikimedia.org/wikipedia/commons/d/d8/Guillermo_León_Teillier_del_Valle.JPG,male,1943-10-19,Guillermo,,Guillermo Teillier,,,,,,,,,,,,,,,,,/m/0wy38jr,,,,,,,,,,,,,,,,,"Тейльер, Гильермо",,,,,,,,,,,,,Guillermo Teillier,,,,"Тейльер, Гильермо",,,,,,,,,,,,,,,,,,,,,,,,,,Guillermo Teillier,
Q5889668,Gustavo Hasbún,Gustavo Hasbún,Gustavo Hasbún,Gustavo Hasbún,,,,,,Gustavo Hasbún,,Gustavo Hasbún,,,male,,Gustavo,,,,,,,,,,,,,,,,,,,,,,,,,,,,,,,,,,,,,,,,,,,,,,,,,,,,,,,,,,,,,,,,,,,,,,,,,,,,,,,Gustavo Hasbún,
Q5904499,Hugo Gutiérrez,Hugo Gutiérrez,Hugo Gutiérrez,Hugo Gutiérrez,,,,,,Hugo Gutiérrez,,Hugo Gutiérrez,,https://upload.wikimedia.org/wikipedia/commons/1/18/Hugo_Humberto_Gutiérrez_Gálvez.jpg,male,1961-10-05,Hugo,,,,,,,,,,,,,,,,,,,,,,,,,,,,,,,,,,,,,,,,,,,,,,,,,Hugo Gutiérrez,,,,,,,,,,,,,,,,,,,,,,,,,,,,,,Hugo Gutiérrez,
Q5922926,Issa Kort,Issa Kort,Issa Kort,Issa Kort,,,,,,Issa Kort,,Issa Kort,,,male,1980-05-09,Issa,,,,,,,,,,,,,,,,,,,,,,,,,,,,,,,,,,,,,,,,,,,,,,,,,Issa Kort,,,,,,,,,,,,,,,,,,,,,,,,,,,,,,Issa Kort,
Q5573249,Javier Macaya Danús,Javier Macaya Danús,Javier Macaya Danús,Javier Macaya Danús,,,,,,Javier Macaya Danús,,Javier Macaya,,https://upload.wikimedia.org/wikipedia/commons/a/a3/Javier_Ignacio_Macaya_Danus.jpg,male,1978-11-11,Javier,,,,,,,,,,,,,,,,,,,,,,,,,,,,,,,,,,,,,,,,,,,,,,,,,Javier Macaya Danús,,,,,,,,,,,,,,,,,,,,,,,,,,,,,,Javier Macaya,
Q5932019,Joaquín Godoy Ibáñez,Joaquín Godoy Ibáñez,,Joaquín Godoy Ibáñez,,,,,,Joaquín Godoy Ibáñez,,Joaquín Godoy Ibáñez,,https://upload.wikimedia.org/wikipedia/commons/0/0e/Joaquín_Godoy_Ibáñez.jpg,male,1977-01-25,Joaquín,,,,,,,,,,,,,,,,,,,,Joaquín Godoy Ibáñez,Joaquín Godoy Ibáñez,,,,,,,,,,,,,,,,,,,,,,,,,,,,,,,,,,,,,,,,,,,,,,,,,,,,,,,,,,Joaquín Godoy Ibáñez,
Q16581819,Joaquín Tuma,Joaquín Tuma,Joaquín Tuma,Joaquín Tuma,,,,,,Joaquín Tuma,,Joaquín Tuma,,,male,1941-07-09,Joaquín,,,,,,,,,,,,,,,,,,,,,,,,,,,,,,,,,,,,,,,,,,,,,,,,,Joaquín Tuma,,,,,,,,,,,,,,,,,,,,,,,,,,,,,,Joaquín Tuma,
Q5932771,Joel Rosales,Joel Rosales,,Joel Rosales,,,,,,Joel Rosales,,Joel Rosales,,https://upload.wikimedia.org/wikipedia/commons/f/fc/Joel_Rosales_Guzmán.jpg,male,1955-01-12,Joel,,,,,,,,,,,,,,,,,,,,,,,,,,,,,,,,,,,,,,,,,,,,,,,,,,,,,,,,,,,,,,,,,,,,,,,,,,,,,,,Joel Rosales,
Q5935318,Jorge Insunza,Jorge Insunza,Jorge Insunza,Jorge Insunza,Jorge Insunza,Jorge Insunza,Jorge Insunza,Jorge Insunza,Jorge Insunza,Jorge Insunza,,Jorge Insunza,,https://upload.wikimedia.org/wikipedia/commons/0/0c/Jorge_Insunza_Gregorio_de_Las_Heras.jpg,male,1967-02-12,Jorge,,,,,,,,,,,,,,,,,,,,,,,,,,,,,,,,,,,,,,,,,,,,,,,,,Jorge Insunza,,,,,,,,,,,,,,,,,,,,,,,,,,,,,,Jorge Insunza,
Q5935992,Jorge Sabag,Jorge Sabag,,Jorge Sabag,,,,,,Jorge Sabag,,Jorge Sabag,,https://upload.wikimedia.org/wikipedia/commons/b/b4/Jorge_Eduardo_Sabag_Villalobos.jpg,male,1963-12-26,Jorge,,,,,,,,,,,,,,,,,,,,,,,,,,,,,,,,,,,,,,,,,,,,,,,,,,,,,,,,,,,,,,,,,,,,,,,,,,,,,,,Jorge Sabag,
Q5942061,José Manuel Edwards Silva,José Manuel Edwards Silva,José Manuel Edwards Silva,José Manuel Edwards Silva,,,,,,José Manuel Edwards Silva,,José Manuel Edwards Silva,,https://upload.wikimedia.org/wikipedia/commons/7/71/José_Manuel_Edwards_Silva.jpg,male,1977-07-15,José,,,,,,,,,,,,,,,,,,,,,,,,,,,,,,,,,,,,,,,,,,,,,,,,,,,,,,,,,,,,,,,,,,,,,,,,,,,,,,,José Manuel Edwards Silva,
Q5950700,Juan Lobos,Juan Lobos,Juan Lobos,Juan Lobos,,,,,,Juan Lobos,,Juan Lobos,,https://upload.wikimedia.org/wikipedia/commons/2/28/Diputado_Juan_Lobos_Krause.jpg,male,1960-12-05,Juan,,,,,,2011-04-11,,,,,,,,,,,,,,,,,,,,,,,,,,,,,,,,,,,,,,,,,,,Juan Lobos,,,,,,,,,,,,,,,,,,,,,,,,,,,,,,Juan Lobos,
Q5656415,Juan Luis Castro,Juan Luis Castro,,Juan Luis Castro,,,,,,Juan Luis Castro,,Juan Luis Castro,,https://upload.wikimedia.org/wikipedia/commons/2/2d/Juan_Luis_Castro_González.jpg,male,1960-04-18,Juan,,,,,,,,,,,,,,,,,,,,,,,,,,,,,,,,,,,,,,,,,,,,,,,,,,,,,,,,,,,,,,,,,,,,,,,,,,,,,,,Juan Luis Castro,
Q5958343,Karla Rubilar,Karla Rubilar,Karla Rubilar,Karla Rubilar,,,,,,Karla Rubilar,,Karla Rubilar,,https://upload.wikimedia.org/wikipedia/commons/8/88/Karla_Rubilar_Barahona.jpg,female,1977-04-17,Karla,,,,,,,,,,,,,,,,,,,,,,,,,,,,,,,,,,,,,,,,,,,,,,,,,,,,,,,,,,,,,,,,,,,,,,,,,,,,,,,Karla Rubilar,
Q4215484,Lautaro Carmona,Lautaro Carmona,Lautaro Carmona,Lautaro Carmona,,,,,,Lautaro Carmona,,Lautaro Carmona Soto,,,male,1952-04-26,Lautaro,,Lautaro Carmona Soto,,,,,,,,,,,,,,,,,,,,,,,,,,,,,,,,,,"Кармона, Лаутаро",,,,,,,,,,,,,,,,,"Кармона, Лаутаро",,,,,,,,,,,,,,,,,,,,,,,,,,Lautaro Carmona Soto,
Q5993820,Manuel Monsalve,Manuel Monsalve,Manuel Monsalve,Manuel Monsalve,,,,,,Manuel Monsalve,,Manuel Monsalve,,https://upload.wikimedia.org/wikipedia/commons/3/39/Manuel_Monsalve_Benavides.jpg,male,1965-07-09,Manuel,Manuel Monsalve,,,,,,,,,,,,,,,,,,,,,,,,,,,,,,,,,,,,,,,,,,,,,,,,Manuel Monsalve,,,,,,,,,,,,,,,,,,,,,,,,,,,,,,Manuel Monsalve,
Q5995795,Marcelo Díaz Díaz,Marcelo Díaz Díaz,Marcelo Díaz Díaz,Marcelo Díaz Díaz,,,,,,Marcelo Díaz Díaz,,Marcelo Díaz Díaz,,https://upload.wikimedia.org/wikipedia/commons/f/fb/Marcelo_Díaz_Díaz.jpg,male,1971-02-06,Marcelo,,,,,,,,,,,,,,,,,,,,Marcelo Díaz Díaz,Marcelo Díaz Díaz,,,,,,,,,,,,,,,,,,,,,,,,,,,,Marcelo Díaz Díaz,,,,,,,,,,,,,,,,,,,,,,,,,,,,,,Marcelo Díaz Díaz,
Q9028603,Marcelo Schilling,Marcelo Schilling,Marcelo Schilling,Marcelo Schilling,,,,,,Marcelo Schilling,,Marcelo Schilling,,,male,1949-05-18,Marcelo,Marcelo Schilling,,,,,,,,,,,,,,,,,,,,,,,,,,,,,,,,,,,,,,,,,,,,,,,,Marcelo Schilling,,,,,,,,,,,,,,,,,,,,,,,,,,,,,,Marcelo Schilling,
Q5996242,Marco Antonio Núñez,Marco Antonio Núñez,Marco Antonio Núñez,Marco Antonio Núñez,,,,,,Marco Antonio Núñez,Marco Antonio Núñez,Marco Antonio Núñez,,https://upload.wikimedia.org/wikipedia/commons/f/fc/Marco_Antonio_Núñez_Lozano.jpg,male,1966-09-02,Marco,,,,,,,,,,,,,,,,,,,,,,,,,,,,,,,,,,,,,,,,,,,,,,,,,,,,,,,,,,,,,,,,,,,,,,,,,,,,,,,Marco Antonio Núñez,
Q966522,Marco Enríquez-Ominami,Marco Enríquez-Ominami,Marco Enríquez-Ominami,Marco Enríquez-Ominami,Marco Enríquez-Ominami,Marco Enríquez-Ominami,Marco Enríquez-Ominami,Marco Enríquez-Ominami,Marco Enríquez-Ominami,Marco Enríquez-Ominami,Marco Enríquez-Ominami,Marco Enríquez-Ominami,,https://upload.wikimedia.org/wikipedia/commons/1/19/Enriquez_Ominami_Lula.jpg,male,1973-06-12,Marco,Marco Enríquez-Ominami,Marco Enríquez-Ominami,,,,,,Marco Enríquez-Ominami,Marco Enríquez-Ominami,,Marco Enríquez-Ominami,,Marco Enríquez-Ominami,Marco Enríquez-Ominami,Marco Enríquez-Ominami,,,,/m/063yms9,,,,,,,,,,,,,,,,,,,,Marco Enríquez-Ominami,,nm0258084,,,,,,,,Marco Enríquez-Ominami,,,Marco Enríquez-Ominami,,,,,,,,,,,,,,,,,,,,,,,,,,,Marco Enríquez-Ominami,
Q2843703,Marcos Espinosa Monardes,Marcos Espinosa Monardes,Marcos Espinosa Monardes,Marcos Espinosa,,,,,,Marcos Espinosa Monardes,,Marcos Espinosa,,https://upload.wikimedia.org/wikipedia/commons/0/0c/Marcos_Espinosa_Monardes.jpg,male,1962-10-27,Marcos,Marcos Espinosa,,,,,,,,,,,,,,,,,,,,,,,,,,,,,,,,,,,,,,,,,,,,,,,,Marcos Espinosa Monardes,,,,,,,,,,,,,,,,,,,,,,,,,,,,,,Marcos Espinosa,
Q5999127,Mario Venegas,Mario Venegas,Mario Venegas,Mario Venegas,,,,,,Mario Venegas,,Mario Venegas,,https://upload.wikimedia.org/wikipedia/commons/d/dd/Mario_Venegas_Cárdenas.jpg,male,1957-12-03,Mario,Mario Venegas,,,,,,,,,,,,,,,,,,,,,,,,,,,,,,,,,,,,,,,,,,,,,,,,Mario Venegas,,,,,,,,,,,,,,,,,,,,,,,,,,,,,,Mario Venegas,
Q5999370,Marisol Turres,Marisol Turres,,Marisol Turres,,,,,,Marisol Turres,,Marisol Turres,,https://upload.wikimedia.org/wikipedia/commons/1/17/Marisol_Turres_Figueroa.jpg,female,1964-07-13,Marisol,Marisol Turres,,,,,,,,,,,,,,,,,,,,,,,,,,,,,,,,,,,,,,,,,,,,,,,,,,,,,,,,,,,,,,,,,,,,,,,,,,,,,,Marisol Turres,
Q5810049,Marta Isasi,Marta Isasi,,Marta Isasi,,,,,,Marta Isasi,,Marta Isasi,,https://upload.wikimedia.org/wikipedia/commons/5/52/Marta_Eliana_Isasi_Barbieri.jpg,female,1966-01-15,Marta,Marta Isasi,,,,,,,,,,,,,,,,,,,,,,,,,,,,,,,,,,,,,,,,,,,,,,,,,,,,,,,,,,,,,,,,,,,,,,,,,,,,,,Marta Isasi,
Q6066803,Patricio Vallespín,Patricio Vallespín,Patricio Vallespín,Patricio Vallespín,,,,,,Patricio Vallespín,,Patricio Vallespín,,https://upload.wikimedia.org/wikipedia/commons/e/e6/Patricio_Vallespín_López.jpg,male,1964-04-24,Patricio,,,,,,,,,,,,,,,,,,,,,,,,,,,,,,,,,,,,,,,,,,,,,,,,,,,,,,,,,,,,,,,,,,,,,,,,,,,,,,,Patricio Vallespín,
Q6099611,Ramón Farías,Ramón Farías,Ramón Farías,Ramón Farías,,,,,,Ramón Farías,,Ramón Farías,,,male,1955-08-23,Ramón,,,,,,,,,,,,,,,,,,,,,,,,,,,,,,,,,,,,,,,,,,,,,,,,,Ramón Farías,,,,,,,,,,,,,,,,,,,,,,,,,,,,,,Ramón Farías,
Q6101476,Raúl Súnico,Raúl Súnico,,Raúl Súnico,,,,,,Raúl Súnico,,Raúl Súnico,,https://upload.wikimedia.org/wikipedia/commons/7/7f/Raúl_Súnico_Galdames.jpg,male,1964-07-28,Raúl,,,,,,,,,,,,,,,,,,,,,,,,,,,,,,,,,,,,,,,,,,,,,,,,,,,,,,,,,,,,,,,,,,,,,,,,,,,,,,,Raúl Súnico,
Q6105647,René Aedo,René Aedo,René Aedo,René Aedo,,,,,,René Aedo,,René Aedo,,https://upload.wikimedia.org/wikipedia/commons/7/7a/René_Aedo_Ormeño.jpg,male,1960-02-04,René,,,,,,,,,,,,,,,,,,,,,,,,,,,,,,,,,,,,,,,,,,,,,,,,,,,,,,,,,,,,,,,,,,,,,,,,,,,,,,,René Aedo,
Q6105649,René Alinco,René Alinco,,René Alinco,,,,,,René Alinco,,René Alinco,,https://upload.wikimedia.org/wikipedia/commons/6/65/René_Alinco_Bustos.jpg,male,1958-06-02,René,,,,,,,,,,,,,,,,,,,,,,,,,,,,,,,,,,,,,,,,,,,,,,,,,,,,,,,,,,,,,,,,,,,,,,,,,,,,,,,René Alinco,
Q6110011,Roberto Sepúlveda,Roberto Sepúlveda,,Roberto Sepúlveda,,,,,,Roberto Sepúlveda,,Roberto Sepúlveda,,,male,1955-08-17,Roberto,,Roberto Sepúlveda,,,,,,,,,,,,,,,,,,,,,,,,,,,,,,,,,,,,,,,,,,,,,,,,,,,,,,,,,,,,,,,,,,,,,,,,,,,,,Roberto Sepúlveda,
Q6125356,Sergio Bobadilla,Sergio Bobadilla,,Sergio Bobadilla,,,,,,Sergio Bobadilla,,Sergio Bobadilla,,,male,1958,Sergio,Sergio Bobadilla,,,,,,,,,,,,,,,,,,,,,,,,,,,,,,,,,,,,,,,,,,,,,,,,,,,,,,,,,,,,,,,,,,,,,,,,,,,,,,Sergio Bobadilla,
Q6153670,Tucapel Jiménez Fuentes,Tucapel Jiménez Fuentes,Tucapel Jiménez Fuentes,Tucapel Jiménez Fuentes,,,,,,Tucapel Jiménez Fuentes,,Tucapel Jiménez Fuentes,,https://upload.wikimedia.org/wikipedia/commons/a/a7/Tucapel_Jiménez_Fuentes.jpg,male,1962-09-01,,,,,,,,,,,,,,,,,,,,,,,,,,,,,,,,,,,,,,,,,,,,,,,,,,Tucapel Jiménez Fuentes,,,,,,,,,,,,,,,,,,,,,,,,,,,,,,Tucapel Jiménez Fuentes,
Q6169264,Ximena Valcarce,Ximena Valcarce,,Ximena Valcarce,,,,,,Ximena Valcarce,,Ximena Valcarce,,https://upload.wikimedia.org/wikipedia/commons/8/8a/Ximena_Valcarce_Becerra.jpg,female,1973-03-25,Ximena,,,,,,,,,,,,,,,,,,,,,,,,,,,,,,,,,,,,,,,,,,,,,,,,,,,,,,,,,,,,,,,,,,,,,,,,,,,,,,,Ximena Valcarce,
Q3576977,Álvaro Escobar,Álvaro Escobar,Álvaro Escobar,Álvaro Escobar,Álvaro Escobar,,,,,Álvaro Escobar,,Álvaro Escobar,,https://upload.wikimedia.org/wikipedia/commons/3/3b/Álvaro_Escobar_cropped.jpg,male,1966-12-16,Álvaro,Álvaro Escobar,Álvaro Escobar,,,,,,,,,,,Álvaro Escobar,,,,,,,,,,,,,,,,,,,,,,,,,,,,nm1344955,,,,,,,,Álvaro Escobar,,,,,,,,,,,,,,,,,,,,,,,,,,,,,11087,Álvaro Escobar,
Q18285619,Bernardo Berger,Bernardo Berger,,Bernardo Berger,,,,,,Bernardo Berger,,Bernardo Berger,,,male,1946-10-04,Bernardo,Bernardo Berger,,,,,,,,,,,,,,,,,,,,,,,,,,,,,,,,,,,,,,,,,,,,,,,,,,,,,,,,,,,,,,,,,,,,,,,,,,,,,,Bernardo Berger,
Q242230,Camila Vallejo,Camila Vallejo,Camila Vallejo,Camila Vallejo,Camila Vallejo,Camila Vallejo,Camila Vallejo,Camila Vallejo,Camila Vallejo,Camila Vallejo,Camila Vallejo,Camila Vallejo,,https://upload.wikimedia.org/wikipedia/commons/5/54/Camila_Vallejo_Dowling_BCN.jpg,female,1988-04-28,Camila,Camila Vallejo,Camila Vallejo,232670894,,,,Camila Vallejo,Camila Vallejo,Camila Vallejo,Category:Camila Vallejo Dowling,Camila Vallejo,Camila Vallejo,Camila Vallejo,Camila Vallejo,Camila Vallejo,,1024335453,no2012030380,/m/0h3nrsj,,,,,,,,,,,,,,,Camila Vallejová,,Камила Вальехо,,,,,,,http://camilavallejodiputada.cl/,,,camila_vallejo,,,Camila Vallejo,Camila Vallejo,Camila Vallejo,,"Вальехо, Камила",카밀라 바예호,කමිලා බෂේහෝ,カミーラ・バジェーホ,क्यामिला भ्यालेजो,Kamila Valexo,കാമില വലേജോ ഡൗളിങ്,கமிலா வெலேஜோ,Вальєхо Каміла,Camila Vallejo,Kamila Valexo,Camila Vallejová,Camila Vallejo,Camila Vallejo,カミーラ・バジェーホ,카밀라 바예호,കാമില വലേജോ ഡൗളിങ്,क्यामिला भ्यालेजो,Camila Vallejo,කමිලා බෂේහෝ,கமிலா வெலேஜோ,Каміла Вальєхо,,,,,Camila Vallejo,
Q19595461,Christian Urízar,Christian Urízar,,Christian Urízar,,,,,,Christian Urízar,,Christian Urízar,,https://upload.wikimedia.org/wikipedia/commons/3/31/Christian_Erwin_Urízar_Muñoz.jpg,male,1968-05-27,Christian,,,,,,,,,,,,,,,,,,,,,,,,,,,,,,,,,,,,,,,,,,,,,,,,,,,,,,,,,,,,,,,,,,,,,,,,,,,,,,,Christian Urízar,
Q5771865,Claudio Arriagada,Claudio Arriagada,Claudio Arriagada,Claudio Arriagada,Claudio Arriagada,,,,,Claudio Arriagada,,Claudio Arriagada,,https://upload.wikimedia.org/wikipedia/commons/9/99/Claudio_Eugenio_Arriagada_Macaya.jpg,male,1955-10-22,Claudio,Claudio Arriagada,,,,,,,,,,,,,,,,,,,,,,,,,,,,,,,,,,,,,,,,,,,,,,,,Claudio Arriagada,,,,,,,,,,,,,,,,,,,,,,,,,,,,,,Claudio Arriagada,
Q16299093,Daniel Farcas,Daniel Farcas,Daniel Farcas,Daniel Farcas,,,,,,Daniel Farcas,,Daniel Farcas,,https://upload.wikimedia.org/wikipedia/commons/5/52/Daniel_Alejandro_Farcas_Guendelman.jpg,male,1963-11-02,Daniel,Daniel Farcas,,,,,,,,,,,,,,,,,,,,,,,,,,,,,,,,,,,,,,,,,,,,,,,,Daniel Farcas,,,,,,,,,,,,,,,,,,,,,,,,,,,,,,Daniel Farcas,
Q5798543,Daniel Melo Contreras,Daniel Melo Contreras,,Daniel Melo Contreras,,,,,,Daniel Melo Contreras,,Daniel Melo Contreras,,https://upload.wikimedia.org/wikipedia/commons/6/6e/Daniel_Alexander_Melo_Contreras.jpg,male,1979-02-18,Daniel,Daniel Melo Contreras,,,,,,,,,,,,,,,,,,,,,,,,,,,,,,,,,,,,,,,,,,,,,,,,,,,,,,,,,,,,,,,,,,,,,,,,,,,,,,Daniel Melo Contreras,
Q15993808,Daniel Núñez Arancibia,Daniel Núñez Arancibia,Daniel Núñez Arancibia,Daniel Núñez Arancibia,,,,,,Daniel Núñez Arancibia,,Daniel Núñez Arancibia,,https://upload.wikimedia.org/wikipedia/commons/b/b4/Daniel_Ignacio_Núñez_Arancibia.jpg,male,1971-01-07,Daniel,,,,,,,,,,,,,,,,,,,,,,,,,,,,,,,,,,,,,,,,,,,,,,,,,Daniel Núñez Arancibia,,,,,,,,,,,,,,,,,,,,,,,,,,,,,,Daniel Núñez Arancibia,
Q16298404,Daniella Cicardini,Daniella Cicardini,,Daniella Cicardini,,,,,,Daniella Cicardini,,Daniella Cicardini,,https://upload.wikimedia.org/wikipedia/commons/9/95/Daniella_Valentina_Cicardini_Milla.jpg,female,1987-12-31,Daniella,Daniella Cicardini,Daniella Cicardini,,,,,,,,,,,,,,,,,,,,,,,,,,,,,,,,,,,,,,,,,,,,,,,,,,,,,,,,,,,,,,,,,,,,,,,,,,,,,Daniella Cicardini,
Q17478200,Diego Paulsen,Diego Paulsen,,Diego Paulsen,,,,,,Diego Paulsen,,Diego Paulsen,,https://upload.wikimedia.org/wikipedia/commons/c/c7/Diego_Alfredo_Paulsen_Kehr.jpg,male,1987-08-01,Diego,Diego Paulsen,,,,,,,,,,,,,,,,,,,,,,,,,,,,,,,,,,,,,,,,,,,,,,,,,,,,,,,,,,,,,,,,,,,,,,,,,,,,,,Diego Paulsen,
Q1403199,Felipe Kast,Felipe Kast,,Felipe Kast,Felipe Kast,,,,,Felipe Kast,,Felipe Kast,,https://upload.wikimedia.org/wikipedia/commons/b/b0/Felipe_Kast.jpg,male,1977,Felipe,,,,,,,,,,,Felipe Kast,,,,,,,,,,,,,,,,,,,,,,,,,,,,,,,,,,,,,,Felipe Kast,,,,,,,,,,,,,,,,,,,,,,,,,,,,,,Felipe Kast,
Q18924465,Felipe de Mussy,Felipe de Mussy,Felipe de Mussy,Felipe de Mussy,,,,,,Felipe de Mussy,,Felipe de Mussy,,https://upload.wikimedia.org/wikipedia/commons/6/68/Felipe_de_Mussy_Hiriart.jpg,male,1982-09-28,Felipe,,,,,,,,,,,,,,,,,,,,,,,,,,,,,,,,,,,,,,,,,,,,,,,,,Felipe de Mussy,,,,,,,,,,,,,,,,,,,,,,,,,,,,,,Felipe de Mussy,
Q16297876,Gabriel Boric,Gabriel Boric,Gabriel Boric,Gabriel Boric,,,,,,Gabriel Boric,Gabriel Boric,Gabriel Boric,,,male,1986-02-11,Gabriel,Gabriel Boric,,,,,,,,,,,,,,,,,,,,,,,,,,,,,,,,,,,,,,,,,,,,,gabrielboric,,,Gabriel Boric,,,,,,,,,,,,,,,,,,,,,,,,,,,,,,Gabriel Boric,
Q5880050,Giorgio Jackson,Giorgio Jackson,Giorgio Jackson,Giorgio Jackson,Giorgio Jackson,Giorgio Jackson,Giorgio Jackson,Giorgio Jackson,Giorgio Jackson,Giorgio Jackson,Giorgio Jackson,Giorgio Jackson,,https://upload.wikimedia.org/wikipedia/commons/0/04/Kenneth_Giorgio_Jackson_Drago.jpg,male,1987-02-06,Giorgio,,,,,,,,,,,,,,,,,,,,,,,,,,,,,,,,,,,,,,,,,,,,,,GiorgioJackson,,,Giorgio Jackson,,,,,,,,,,,,,,,,,,,,,,,,,,,,,,Giorgio Jackson,
Q18223413,Gonzalo Fuenzalida,Gonzalo Fuenzalida,,Gonzalo Fuenzalida,,,,,,Gonzalo Fuenzalida,,Gonzalo Fuenzalida,,https://upload.wikimedia.org/wikipedia/commons/e/e1/Gonzalo_Guillermo_Fuenzalida_Figueroa.jpg,male,1973-06-18,Gonzalo,Gonzalo Fuenzalida,,,,,,,,,,,,,,,,,,,,,,,,,,,,,,,,,,,,,,,,,,,,,,,,,,,,,,,,,,,,,,,,,,,,,,,,,,,,,,Gonzalo Fuenzalida,
Q18719731,Iván Flores García,Iván Flores García,,Iván Flores García,,,,,,Iván Flores García,,Iván Flores García,,https://upload.wikimedia.org/wikipedia/commons/7/75/Iván_Alberto_Flores_García.jpg,male,1955-06-15,Iván,,,,,,,,,,,,,,,,,,,,,,,,,,,,,,,,,,,,,,,,,,,,,,,,,,,,,,,,,,,,,,,,,,,,,,,,,,,,,,,Iván Flores García,
Q16300481,Iván Fuentes,Iván Fuentes,,Iván Fuentes,,,,,,Iván Fuentes,,Iván Fuentes,,https://upload.wikimedia.org/wikipedia/commons/8/87/Ivan_Fuentes_2013.jpg,male,1967-07-24,Iván,,,,,,,,,,,,,,,,,,,,,,,,,,,,,,,,,,,,,,,,,,,,,,ifuentes_aysen,,,,,,,,,,,,,,,,,,,,,,,,,,,,,,,,,Iván Fuentes,
Q16297719,Jaime Bellolio,Jaime Bellolio,Jaime Bellolio,Jaime Bellolio,,,,,,Jaime Bellolio,,Jaime Bellolio,,,male,1980-11-29,Jaime,Jaime Bellolio,,,,,,,,,,,,,,,,,,,,,,,,,,,,,,,,,,,,,,,,,,,,,,,,Jaime Bellolio,,,,,,,,,,,,,,,,,,,,,,,,,,,,,,Jaime Bellolio,
Q16301588,Jaime Pilowsky,Jaime Pilowsky,,Jaime Pilowsky,,,,,,Jaime Pilowsky,,Jaime Pilowsky,,https://upload.wikimedia.org/wikipedia/commons/8/82/Jaime_Hernán_Gonzalo_Pilowsky_Greene.jpg,male,1965-12-03,Jaime,,,,,,,,,,,,,,,,,,,,,,,,,,,,,,,,,,,,,,,,,,,,,,,,,,,,,,,,,,,,,,,,,,,,,,,,,,,,,,,Jaime Pilowsky,
Q19949648,Jenny Álvarez,Jenny Álvarez,,Jenny Álvarez,,,,,,Jenny Álvarez,,Jenny Álvarez,,https://upload.wikimedia.org/wikipedia/commons/8/8c/Jenny_Paola_Álvarez_Vera.jpg,female,1974-03-30,Jenny,,,,,,,,,,,,,,,,,,,,,,,,,,,,,,,,,,,,,,,,,,,,,,,,,,,,,,,,,,,,,,,,,,,,,,,,,,,,,,,Jenny Álvarez,
Q16301053,Joaquín Lavín León,Joaquín Lavín León,Joaquín Lavín León,Joaquín Lavín León,,,,,,Joaquín Lavín León,,Joaquín Lavín León,,,male,1979-05-25,Joaquín,,,,,,,,,,,,,,,,,,,,,,,,,,,,,,,,,,,,,,,,,,,,,,,,,Joaquín Lavín León,,,,,,,,,,,,,,,,,,,,,,,,,,,,,,Joaquín Lavín León,
Q16295677,Juan Antonio Coloma Álamos,Juan Antonio Coloma Álamos,,Juan Antonio Coloma Álamos,,,,,,Juan Antonio Coloma Álamos,,Juan Antonio Coloma Álamos,,https://upload.wikimedia.org/wikipedia/commons/c/c1/Juan_Antonio_Coloma_Álamos.jpg,male,1980-03-14,Juan,,,,,,,,,,,,,,,,,,,,,,,,,,,,,,,,,,,,,,,,,,,,,,,,,,,,,,,,,,,,,,,,,,,,,,,,,,,,,,,Juan Antonio Coloma Álamos,
Q17478167,Juan Morano Cornejo,Juan Morano Cornejo,,Juan Morano Cornejo,,,,,,Juan Morano Cornejo,,Juan Morano Cornejo,,,male,1952-09-10,Juan,,,,,,,,,,,,,,,,,,,,,,,,,,,,,,,,,,,,,,,,,,,,,,,,,,,,,,,,,,,,,,,,,,,,,,,,,,,,,,,Juan Morano Cornejo,
Q510917,Karol Cariola,Karol Cariola,Karol Cariola,Karol Cariola,Karol Cariola,Karol Cariola,Karol Cariola,Karol Cariola,Karol Cariola,Karol Cariola,Karol Cariola,Karol Cariola,,https://upload.wikimedia.org/wikipedia/commons/7/72/Karol_Cariola_Hamburgo_Dortmund_2012_02.jpg,female,1987-04-01,Karol,,,,,,,,,,,Karol Cariola,,,,,,,,/m/0h97xs5,,,,,,,,,,,,,,,,,,,,,,,,,,,Karolcariola,,,,,,,,,,,,,,,,,,,,,,,,,,,,,Karol Cariola,Karol Cariola,,,Karol Cariola,
Q16590179,Leonardo Soto,Leonardo Soto,,Leonardo Soto,,,,,,Leonardo Soto,,Leonardo Soto,,,male,,Leonardo,Leonardo Soto,,,,,,,,,,,,,,,,,,,,,,,,,,,,,,,,,,,,,,,,,,,,,,,,,,,,,,,,,,,,,,,,,,,,,,,,,,,,,,Leonardo Soto,
Q5973488,Leopoldo Pérez Lahsen,Leopoldo Pérez Lahsen,,Leopoldo Pérez Lahsen,,,,,,Leopoldo Pérez Lahsen,,Leopoldo Pérez Lahsen,,,male,1957-03-28,Leopoldo,,,,,,,,,,,,,,,,,,,,,,,,,,,,,,,,,,,,,,,,,,,,,,,,,,,,,,,,,,,,,,,,,,,,,,,,,,,,,,,Leopoldo Pérez Lahsen,
Q5983761,Luis Lemus,Luis Lemus,,Luis Lemus,,,,,,Luis Lemus,,Luis Lemus,,https://upload.wikimedia.org/wikipedia/commons/4/42/Luis_Segundo_Lemus_Aracena.jpg,male,1961-12-23,Luis,Luis Lemus,,,,,,,,,,,,,,,,,,,,,,,,,,,,,,,,,,,Луис Лемус,,,,,,,,,,,,,,,,,,,,,,,,,,,,,,,,,,,,,,,,,,,Luis Lemus,
Q16594695,Luis Rocafull,Luis Rocafull,Luis Rocafull,Luis Rocafull,,,,,,Luis Rocafull,,Luis Rocafull,,https://upload.wikimedia.org/wikipedia/commons/7/73/Luis_Alberto_Rocafull_López.jpg,male,1958-09-17,Luis,Luis Rocafull,,,,,2014-03-11,,,,,,,,,,,,,,,,,,,,,,,,,,,,,,,,,,,,,,,,,,,Luis Rocafull,,,,,,,,,,,,,,,,,,,,,,,,,,,,Luis Rocafull,,Luis Rocafull,
Q5995515,Marcela Hernando,Marcela Hernando,Marcela Hernando,Marcela Hernando,,,,,,Marcela Hernando,,Marcela Hernando,,https://upload.wikimedia.org/wikipedia/commons/e/e7/Marcela_Ximena_Hernando_Pérez.jpg,female,1960-02-12,Marcela,Marcela Hernando,,,,,,,,,,,,,,,,,,,,,,,,,,,,,,,,,,,,,,,,,,,,,,,,,,,,,,,,,,,,,,,,,,,,,,,,,,,,,,Marcela Hernando,
Q5995537,Marcela Sabat,Marcela Sabat,Marcela Sabat,Marcela Sabat,,,,,,Marcela Sabat,,Marcela Sabat,,https://upload.wikimedia.org/wikipedia/commons/7/75/Marcela_Sabat.jpg,female,1981-04-04,Marcela,Marcela Sabat,,,,,,,,,,,,,,,,,,,,,,,,,,,,,,,,,,,,,,,,,,,,,marcesabat,,,Marcela Sabat,,,,,,,,,,,,,,,,,,,,,,,,,,,,,,Marcela Sabat,
Q20994914,,Marcelo Chávez Velásquez,,,,,,,,Marcelo Chávez Velásquez,,Marcelo Chávez Velásquez,,https://upload.wikimedia.org/wikipedia/commons/8/86/Marcelo_Omar_Chávez_Velásquez.jpg,male,1975-02-19,Marcelo,,,,,,,,,,,,,,,,,,,,,,,,,,,,,,,,,,,,,,,,,,,,,,,,,,,,,,,,,,,,,,,,,,,,,,,,,,,,,,,Marcelo Chávez Velásquez,
Q6004050,María José Hoffmann,María José Hoffmann,,María José Hoffmann,,,,,,María José Hoffmann,,María José Hoffmann,,,female,1976-12-28,María,,,,,,,,,,,,,,,,,,,,,,,,,,,,,,,,,,,,,,,,,,,,,,,,,,,,,,,,,,,,,,,,,,,,,,,,,,,,,,,María José Hoffmann,
Q6006757,Matías Walker,Matías Walker,,Matías Walker,,,,,,Matías Walker,,Matías Walker,,https://upload.wikimedia.org/wikipedia/commons/f/f4/Matías_Walker_Prieto.jpg,male,1973-07-19,Matías,,,,,,,,,,,,,,,,,,,,,,,,,,,,,,Walker,,,,,,,,,,,,,,,,,,,,,,,,,,,,,,,,,,,,,,,,,,,,,,,,,Matías Walker,
Q5818156,Maya Fernández,Maya Fernández,Maya Fernández,Maya Fernández,,,,,,Maya Fernández,,Maya Fernández,,https://upload.wikimedia.org/wikipedia/commons/4/42/Maya_Fernández_Allende.jpg,female,1971-09-27,Maya,,,,,,,,,,,,,,,,,,,,,,,,,,,,,,,,,,,,,,,,,,,,,,Mayafernandeza,,,Maya Fernández,,,,,,,,,,,,,,,,,,,,,,,,,,,,,,Maya Fernández,
Q20994747,,Miguel Ángel Alvarado,,,,,,,,Miguel Ángel Alvarado,,Miguel Ángel Alvarado,,https://upload.wikimedia.org/wikipedia/commons/2/2b/Miguel_Ángel_Alvarado_Ramírez.jpg,male,1961-07-10,Miguel,,,,,,,,,,,,,,,,,,,,,,,,,,,,,,,,,,,,,,,,,,,,,,,,,,,,,,,,,,,,,,,,,,,,,,,,,,,,,,,Miguel Ángel Alvarado,
Q6017827,Miodrag Marinovic,Miodrag Marinovic,,Miodrag Marinovic,,,,,,Miodrag Marinovic,,Miodrag Marinović,,https://upload.wikimedia.org/wikipedia/commons/4/45/Miodrag_Arturo_Marinovic_Solo_de_Zaldívar.jpg,male,1967-01-07,Miodrag,,,,,,,,,,,,,,,,,,,,,,Miodrag Arturo Marinović Solo de Zaldívar,Miodrag Arturo Marinović Solo de Zaldívar,,,,,,,,,,,,,,,,,,,,,,,,,,,,,,,,,,,,,,,,,,,,,,,,,,,,,,,,Miodrag Marinović,
Q16302468,Mónica Zalaquett,Mónica Zalaquett,,Mónica Zalaquett,,,,,,Mónica Zalaquett,,Mónica Zalaquett,,https://upload.wikimedia.org/wikipedia/commons/b/b8/Mónica_Beatriz_Zalaquett_Said.jpg,female,1962-05-04,Mónica,,,,,,,,,,,,,,,,,,,,,,,,,,,,,,,,,,,,,,,,,,,,,,,,,,,,,,,,,,,,,,,,,,,,,,,,,,,,,,,Mónica Zalaquett,
Q6043209,Nino Baltolu,Nino Baltolu,,Nino Baltolu,,,,,,Nino Baltolu,,Nino Baltolu,,,male,1953-09-28,Nino,Nino Baltolu,,,,,,,,,,,,,,,,,,,,,,,,,,,,,,,,,,,,,,,,,,,,,,,,,,,,,,,,,,,,,,,,,,,,,,,,,,,,,,Nino Baltolu,
Q5555936,Orlando Vargas Pizarro,Orlando Vargas Pizarro,,Orlando Vargas Pizarro,,,,,,Orlando Vargas Pizarro,,Orlando Vargas,,,male,1952-07-13,Orlando,,,,,,,,,,,,,,,,,,,,Orlando Vargas Pizarro,Orlando Vargas Pizarro,,,,,,,,,,,,,,,,,,,,,,,,,,,,,,,,,,,,,,,,,,,,,,,,,,,,,,,,,,Orlando Vargas,
Q3357485,Osvaldo Andrade,Osvaldo Andrade,Osvaldo Andrade,Osvaldo Andrade,Osvaldo Andrade,Osvaldo Andrade,Osvaldo Andrade,Osvaldo Andrade,Osvaldo Andrade,Osvaldo Andrade,Osvaldo Andrade,Osvaldo Andrade,,https://upload.wikimedia.org/wikipedia/commons/2/26/Osvaldo_Raúl_Andrade_Lara.jpg,male,1953-06-02,Osvaldo,,Osvaldo Andrade,,,,,,,,,,,,,,,,,,,,,,,,,,,,,,,,,,,,,,,,,,,,,,,Osvaldo Andrade,,,,,,,,,,,,,,,,,,,,,,,,,,,,,,Osvaldo Andrade,
Q18286601,Osvaldo Urrutia,Osvaldo Urrutia,,Osvaldo Urrutia,,,,,,Osvaldo Urrutia,,Osvaldo Urrutia,,,male,1951-11-28,Osvaldo,Osvaldo Urrutia,,,,,,,,,,,,,,,,,,,,,,,,,,,,,,,,,,,,,,,,,,,,,,,,,,,,,,,,,,,,,,,,,,,,,,,,,,,,,,Osvaldo Urrutia,
Q16301870,Paulina Núñez Urrutia,Paulina Núñez Urrutia,,Paulina Núñez Urrutia,,,,,,Paulina Núñez Urrutia,,Paulina Núñez Urrutia,,https://upload.wikimedia.org/wikipedia/commons/1/14/Paulina_Andrea_Núñez_Urrutia.jpg,female,1982-12-30,Paulina,,,,,,,,,,,,,,,,,,,,,,,,,,,,,,,,,,,,,,,,,,,,,,,,,,,,,,,,,,,,,,,,,,,,,,,,,,,,,,,Paulina Núñez Urrutia,
Q16297943,Pedro Browne,Pedro Browne,,Pedro Browne,,,,,,Pedro Browne,,Pedro Browne,,https://upload.wikimedia.org/wikipedia/commons/0/02/Pedro_Pablo_Browne.jpg,male,1972-06-29,Pedro,,,,,,,,,,,,,,,,,,,,,,,,,,,,,,,,,,,,,,,,,,,,,,,,,,,,,,,,,,,,,,,,,,,,,,,,,,,,,,,Pedro Browne,
Q6070307,Pedro Velásquez,Pedro Velásquez,,Pedro Velásquez,,,,,,Pedro Velásquez,,Pedro Velásquez,,https://upload.wikimedia.org/wikipedia/commons/2/2f/Pedro_Antonio_Velásquez_Seguel.jpg,male,1964-08-05,Pedro,,,,,,,,,,,,,,,,,,,,,,,,,,,,,,,,,,,,,,,,,,,,,,,,,,,,,,,,,,,,,,,,,,,,,,,,,,,,,,,Pedro Velásquez,
Q16297362,Pedro Álvarez-Salamanca Ramírez,Pedro Álvarez-Salamanca Ramírez,Pedro Álvarez-Salamanca Ramírez,Pedro Álvarez-Salamanca Ramírez,,,,,,Pedro Álvarez-Salamanca Ramírez,,Pedro Álvarez-Salamanca Ramírez,,https://upload.wikimedia.org/wikipedia/commons/a/af/Pedro_Álvarez-Salamanca_Ramírez.jpg,male,1976-02-18,Pedro,,,,,,,,,,,,,,,,,,,,Pedro Álvarez-Salamanca Ramírez,Pedro Álvarez-Salamanca Ramírez,,,,,,,,,,,,,,,,,,,,,,,,,,,,Pedro Álvarez-Salamanca Ramírez,,,,,,,,,,,,,,,,,,,,,,,,,,,,,,Pedro Álvarez-Salamanca Ramírez,
Q3375011,Pepe Auth Stewart,Pepe Auth,Pepe Auth,Pepe Auth,Pepe Auth Stewart,Pepe Auth,Pepe Auth,Pepe Auth,Pepe Auth,Pepe Auth,,Pepe Auth,,https://upload.wikimedia.org/wikipedia/commons/2/2d/Pepe_Auth_Stewart.jpg,male,1957,Pepe,Pepe Auth Stewart,Pepe Auth,19571744,,,,,,,,,,Pepe Auth Stewart,,,,,,,,,,,,,,,,,,,,,,,,,,,,,,,,,,,,Pepe Auth,,,,,,,,,,,,,,,,,,,,,,,,,,,,,,Pepe Auth,
Q9066903,Raúl Saldívar,Raúl Saldívar,,Raúl Saldívar,,,,,,Raúl Saldívar,,Raúl Saldívar,,https://upload.wikimedia.org/wikipedia/commons/3/39/Raúl_Saldívar_Auger.jpg,male,1951-06-02,Raúl,,,,,,,,,,,,,,,,,,,,,,,,,,,,,,,,,,,,,,,,,,,,,,,,,,,,,,,,,,,,,,,,,,,,,,,,,,,,,,,Raúl Saldívar,
Q9068062,Renzo Trisotti,Renzo Trisotti,Renzo Trisotti,Renzo Trisotti,,,,,,Renzo Trisotti,,Renzo Trisotti,,https://upload.wikimedia.org/wikipedia/commons/f/fe/Renzo_Aldo_Trisotti_Martínez.jpg,male,1976-03-15,Renzo,Renzo Trisotti,,,,,,,,,,,,,,,,,,,,,,,,,,,,,,,,,,,,,,,,,,,,,,,,Renzo Trisotti,,,,,,,,,,,,,,,,,,,,,,,,,,,,,,Renzo Trisotti,
Q6105765,René Saffirio,René Saffirio,René Saffirio,René Saffirio,,,,,,René Saffirio,,René Saffirio,,,male,1955-10-09,René,,,,,,,,,,,,,,,,,,,,,,,,,,,,,,,,,,,,,,,,,,,,,,,,,René Saffirio,,,,,,,,,,,,,,,,,,,,,,,,,,,,,,René Saffirio,
Q6109936,Roberto Poblete,Roberto Poblete,Roberto Poblete,Roberto Poblete,,,,,,Roberto Poblete,,Roberto Poblete,,https://upload.wikimedia.org/wikipedia/commons/5/56/Roberto_Fortunato_Poblete_Zapata.jpg,male,1955-01-08,Roberto,Roberto Poblete,,,,,,,,,,,,,,,,,,,,,,,,,,,,,,,,,,,,,,,,nm0687825,,,,,,,,Roberto Poblete,,,,,,,,,,,,,,,,,,,,,,,,,,,,,,Roberto Poblete,
Q5556358,Víctor Torres Jeldes,Víctor Torres Jeldes,,Víctor Torres Jeldes,,,,,,Víctor Torres Jeldes,,Víctor Torres Jeldes,,https://upload.wikimedia.org/wikipedia/commons/6/65/Víctor_Marcelo_Torres_Jeldes.jpg,male,1975-10,Víctor,,,,,,,,,,,,,,,,,,,,,,,,,,,,,,,,,,,,,,,,,,,,,,,,,,,,,,,,,,,,,,,,,,,,,,,,,,,,,,,Víctor Torres Jeldes,
Q16300717,Romilio Gutiérrez,Romilio Gutiérrez,Romilio Gutiérrez,Romilio Gutiérrez,,,,,,Romilio Gutiérrez,,Romilio Gutiérrez,,https://upload.wikimedia.org/wikipedia/commons/d/dd/Romilio_Gutiérrez_Pino.JPG,male,1962-02-17,,,,,,,,,,,,,,,,,,,,,,,,,,,,,,,,,,,,,,,,,,,,,,,,,,Romilio Gutiérrez,,,,,,,,,,,,,,,,,,,,,,,,,,,,,,Romilio Gutiérrez,
Q6125422,Sergio Espejo,Sergio Espejo,,Sergio Espejo,,,,,,Sergio Espejo,,Sergio Espejo,,https://upload.wikimedia.org/wikipedia/commons/2/2a/Sergio_Espejo_Yaksic.jpg,male,1967-03-15,Sergio,,,,,,,,,,,,,,,,,,,,,,,,,,,,,,,,,,,,,,,,,,,,,,,,,,,,,,,,,,,,,,,,,,,,,,,,,,,,,,,Sergio Espejo,
Q6125442,Sergio Gahona,Sergio Gahona,,Sergio Gahona,,,,,,Sergio Gahona,,Sergio Gahona,,https://upload.wikimedia.org/wikipedia/commons/7/7d/Sergio_Alfredo_Gahona_Salazar.jpg,male,1965-09-15,Sergio,Sergio Gahona,,,,,,,,,,,,,,,,,,,,,,,,,,,,,,,,,,,,,,,,,,,,,,,,,,,,,,,,,,,,,,,,,,,,,,,,,,,,,,Sergio Gahona,
Q16302060,Vlado Mirosevic,Vlado Mirosevic,,Vlado Mirosevic,,,,,,Vlado Mirosevic,Vlado Mirosevic,Vlado Mirosevic,,https://upload.wikimedia.org/wikipedia/commons/f/fc/Vlado_Mirosevic_Verdugo.jpg,male,1987-05-23,Vlado,Vlado Mirosevic,,,,,,,,,,,,,,,,,,,,,,,,,,,,,,,,,,,,,,,,,,,,,,,,Vlado Mirosevic,,,,,,,,,,,,,,,,,,,,,,,,,,,,,,Vlado Mirosevic,
Q3571936,Yasna Provoste,Yasna Provoste,Yasna Provoste,Yasna Provoste,,Yasna Provoste,Yasna Provoste,Yasna Provoste,Yasna Provoste,Yasna Provoste,Yasna Provoste,Yasna Provoste,,https://upload.wikimedia.org/wikipedia/commons/4/40/Yasna_Provoste.jpg,female,1969-12-16,,Yasna Provoste,Yasna Provoste,146185517,,,,,,,,,,,,,,,,,,,,,,,,,,,,,,,,,,,,,,,,,,,,,,Yasna Provoste,,,,,,,,,,,,,,,,,,,,,,,,,,,,,,Yasna Provoste,
