id,name__en,name__fr,name__de,name__ru,name__es,name__nl,name__nb,name__da,name__nn,name__sv,name__zh,name__cy,name__hu,name,wikipedia__de,wikipedia__en,wikipedia__fr,wikipedia__ru,wikipedia__zh,gender,birth_date,death_date,given_name,original_wikiname,name__it,name__sw,name__ka,wikipedia__ka,wikipedia__sw,image,name__en_ca,name__en_gb,name__pl,name__tr,name__ro,name__yo,name__fi,name__et,name__id,name__ja,name__el,name__ca,name__oc,name__sr,name__pt,name__ko,wikipedia__da,wikipedia__el,wikipedia__es,wikipedia__et,wikipedia__fi,wikipedia__id,wikipedia__it,wikipedia__ja,wikipedia__ko,wikipedia__no,wikipedia__pl,wikipedia__pt,wikipedia__ro,wikipedia__sr,wikipedia__sv,wikipedia__tr,wikipedia__yo,identifier__freebase,name__zh_hans,name__zh_hant,name__zh_hk,name__zh_cn,name__zh_sg,name__zh_tw,name__hr,wikipedia__hr,identifier__ISNI,identifier__VIAF,identifier__LCAuth,identifier__SUDOC,identifier__NTA,name__la,name__eo,name__hi,name__de_ch,name__lb,name__vi,name__be,wikipedia__be,wikipedia__enwikiquote,wikipedia__eo,wikipedia__hi,wikipedia__la,wikipedia__lb,wikipedia__vi,twitter,website,wikipedia__commons,name__mg,wikipedia__mg,name__is,wikipedia__is,name__ml,wikipedia__ml,wikipedia__simple,wikipedia__fy,name__fy,name__eu,identifier__google_plus
Q16147489,Said Arfi,Said Arfi,Said Arfi,,,Said Arfi,,,,,,,,Said Arfi,,Said Arfi,,,,male,1952-02-09,,Said,Said Arfi,Said Arfi,,,,,,,,,,,,,,,,,,,,,,,,,,,,,,,,,,,,,,,,,,,,,,,,,,,,,,,,,,,,,,,,,,,,,,,,,,,,,,,,
Q4724920,Ali Juma Haji,Ali Juma Haji,Ali Juma Haji,,,Ali Juma Haji,Ali Juma Haji,Ali Juma Haji,Ali Juma Haji,Ali Juma Haji,,,,Ali Juma Haji,,Ali Juma Haji,,,,male,,,Ali,Ali Juma Haji,,Ali Juma Haji,,,Ali Juma Haji,,,,,,,,,,,,,,,,,,,,,,,,,,,,,,,,,,,,,,,,,,,,,,,,,,,,,,,,,,,,,,,,,,,,,,,,,,,,
Q16145753,John Shibuda,John Shibuda,John Shibuda,,,John Shibuda,,,,,,,,John Shibuda,,John Shibuda,,,,male,1950-02-23,,John,John Shibuda,,,,,,,,,,,,,,,,,,,,,,,,,,,,,,,,,,,,,,,,,,,,,,,,,,,,,,,,,,,,,,,,,,,,,,,,,,,,,,,,,
Q7446653,Seif Rashidi,Seif Rashidi,Seif Rashidi,,Seif Rashidi,Seif Rashidi,,,,,,,Seif Rashidi,Seif Rashidi,,Seif Rashidi,,,,male,1957-01-16,,,Seif Rashidi,Seif Rashidi,,,,,https://upload.wikimedia.org/wikipedia/commons/1/15/Seif_Rashidi.png,,,,,,,,,,,,,,,,,,,,,,,,,,,,,,,,,,,,,,,,,,,,,,,,,,,,,,,,,,,,,,,,,,,,,,,,,,,
Q6401342,Kheri Khatib Ameir,Kheri Ameir,Kheri Khatib Ameir,,,Kheri Ameir,Kheri Khatib Ameir,Kheri Khatib Ameir,Kheri Khatib Ameir,Kheri Khatib Ameir,,,,Kheri Khatib Ameir,,Kheri Ameir,,,,male,1950-02-10,,,Kheri Ameir,,Kheri Khatib Ameir,,,Kheri Khatib Ameir,,,,,,,,,,,,,,,,,,,,,,,,,,,,,,,,,,,,,,,,,,,,,,,,,,,,,,,,,,,,,,,,,,,,,,,,,,,,
Q16200074,Tundu Lissu,Tundu Lissu,Tundu Lissu,,,Tundu Lissu,,,,,,,,Tundu Lissu,,Tundu Lissu,,,,male,1968-01-20,,,Tundu Lissu,Tundu Lissu,,,,,,,,,,,,,,,,,,,,,,,,,,,,,,,,,,,,,,,,,,,,,,,,,,,,,,,,,,,,,,,,,,,,,,,,,,,,,,,,
Q16151862,Athuman Mfutakamba,Athuman Mfutakamba,Athuman Mfutakamba,,,Athuman Mfutakamba,,,,,,,,Athuman Mfutakamba,,Athuman Mfutakamba,,,,male,1952-04-19,,,Athuman Mfutakamba,,,,,,,,,,,,,,,,,,,,,,,,,,,,,,,,,,,,,,,,,,,,,,,,,,,,,,,,,,,,,,,,,,,,,,,,,,,,,,,,,
Q16193732,Ignas Malocha,Ignas Malocha,Ignas Malocha,,,Ignas Malocha,,,,,,,,Ignas Malocha,,Ignas Malocha,,,,male,1960-12-22,,Ignas,Ignas Malocha,Ignas Malocha,,,,,,,,,,,,,,,,,,,,,,,,,,,,,,,,,,,,,,,,,,,,,,,,,,,,,,,,,,,,,,,,,,,,,,,,,,,,,,,,
Q16733513,Deogratias Ntukamazina,Deogratias Ntukamazina,Deogratias Ntukamazina,,,Deogratias Ntukamazina,,,,,,,,Deogratias Ntukamazina,,Deogratias Ntukamazina,,,,male,,,,Deogratias Ntukamazina,,,,,,,,,,,,,,,,,,,,,,,,,,,,,,,,,,,,,,,,,,,,,,,,,,,,,,,,,,,,,,,,,,,,,,,,,,,,,,,,,
Q6310729,Juma Kapuya,Juma Kapuya,Juma Kapuya,,Juma Kapuya,Juma Kapuya,Juma Athuman Kapuya,Juma Athuman Kapuya,Juma Athuman Kapuya,Juma Athuman Kapuya,,,Juma Kapuya,Juma Kapuya,,Juma Kapuya,,,,male,1945-06-22,,Juma,Juma Kapuya,,Juma Athuman Kapuya,,,Juma Athuman Kapuya,,,,,,,,,,,,,,,,,,,,,,,,,,,,,,,,,,,,,,,,,,,,,,,,,,,,,,,,,,,,,,,,,,,,,,,,,,,,
Q6738666,Makame Mbarawa,Makame Mbarawa,Makame Mbarawa,,Makame Mbarawa,Makame Mbarawa,,,,,,,Makame Mbarawa,Makame Mbarawa,,Makame Mbarawa,,,,male,,,,Makame Mbarawa,,,,,,https://upload.wikimedia.org/wikipedia/commons/9/90/Makame_Mbarawa_IAEA.png,,,,,,,,,,,,,,,,,,,,,,,,,,,,,,,,,,,,,,,,,,,,,,,,,,,,,,,,,,,,,,,,,,,,,,,,,,,
Q7412646,Samuel Sitta,Samuel Sitta,Samuel Sitta,,Samuel Sitta,Samuel Sitta,Samwel Sitta,Samwel Sitta,Samwel Sitta,Samwel Sitta,,,Samuel Sitta,Samuel Sitta,,Samuel Sitta,,,,male,1942-12-18,,Samuel,Samuel Sitta,,Samwel Sitta,,,Samuel John Sitta,https://upload.wikimedia.org/wikipedia/commons/f/ff/Samuel_Sitta.png,,,,,,,,,,,,,,,,,,,,,,,,,,,,,,,,,,,,,,,,,,,,,,,,,,,,,,,,,,,,,,,,,,,,,,,,,,,
Q16212523,Lazaro Nyalandu,Lazaro Nyalandu,Lazaro Nyalandu,,,Lazaro Nyalandu,,,,,,,,Lazaro Nyalandu,,Lazaro Nyalandu,,,,male,1970-08-18,,,Lazaro Nyalandu,,Lazaro Samuel Nyalandu,,,Lazaro Nyalandu,,,,,,,,,,,,,,,,,,,,,,,,,,,,,,,,,,,,,,,,,,,,,,,,,,,,,,,,,,,,,,,LazaroNyalandu,,,,,,,,,,,,,
Q456003,Anna Tibaijuka,Anna Tibaijuka,Anna Tibaijuka,,Anna Tibaijuka,Anna Tibaijuka,Anna Tibaijuka,Anna Tibaijuka,Anna Tibaijuka,Anna Tibaijuka,安娜·卡朱摩洛·提拜朱卡,,Anna Tibaijuka,Anna Tibaijuka,Anna Tibaijuka,Anna Tibaijuka,Anna Tibaijuka,,安娜·卡朱摩洛·提拜朱卡,female,1950-10-12,,Anna,Anna Tibaijuka,,Anna Tibaijuka,,,Anna Tibaijuka,https://upload.wikimedia.org/wikipedia/commons/8/89/Anna_Tibaijuka_-_World_Economic_Forum_on_Africa_2010.jpg,,,Anna Tibaijuka,,,,,,,アンナ＝カジュムロ＝ティバイジュカ,,,,,Anna Tibaijuka,,,,,,,,,,,,Anna Tibaijuka,Anna Tibaijuka,,,,,,/m/0dt4pp,安娜·卡朱摩洛·提拜朱卡,安娜·卡朱摩洛·提拜朱卡,安娜·卡朱摩洛·提拜朱卡,安娜·卡朱摩洛·提拜朱卡,安娜·卡朱摩洛·提拜朱卡,安娜·卡朱摩洛·提拜朱卡,Anna Tibaijuka,Anna Tibaijuka,0000 0001 1436 8226,3185806,n82119935,13090807X,106053248,,,,,,,,,,,,,,,,,,,,,,,,,,,,
Q16186180,Kisyeri Chambiri,Kisyeri Chambiri,Kisyeri Chambiri,,,Kisyeri Chambiri,,,,,,,,Kisyeri Chambiri,,Kisyeri Chambiri,,,,male,1954-01-01,,,Kisyeri Chambiri,,,,,,,,,,,,,,,,,,,,,,,,,,,,,,,,,,,,,,,,,,,,,,,,,,,,,,,,,,,,,,,,,,,,,,,,,,,,,,,,,
Q16215979,Nyambari Nyangwine,Nyambari Nyangwine,Nyambari Nyangwine,,,Nyambari Nyangwine,,,,,,,,Nyambari Nyangwine,,Nyambari Nyangwine,,,,male,1976-08-07,,,Nyambari Nyangwine,,,,,,,,,,,,,,,,,,,,,,,,,,,,,,,,,,,,,,,,,,,,,,,,,,1888107,,091573459,,,,,,,,,,,,,,,,,,,,,,,,,,,,,
Q16146048,Omary Badwel,Omary Badwel,Omary Badwel,,,Omary Badwel,,,,,,,,Omary Badwel,,Omary Badwel,,,,male,1969-03-05,,,Omary Badwel,,,,,,,,,,,,,,,,,,,,,,,,,,,,,,,,,,,,,,,,,,,,,,,,,,,,,,,,,,,,,,,,,,,,,,,,,,,,,,,,,
Q16211983,Ezekiel Maige,Ezekiel Maige,Ezekiel Maige,,,Ezekiel Maige,,,,,,,,Ezekiel Maige,,Ezekiel Maige,,,,male,1970-03-28,,Ezekiel,Ezekiel Maige,,,,,,,,,,,,,,,,,,,,,,,,,,,,,,,,,,,,,,,,,,,,,,,,,,,,,,,,,,,,,,,,,,,,,,,,,,,,,,,,,
Q16187173,James Lembeli,James Lembeli,James Lembeli,,,James Lembeli,,,,,,,,James Lembeli,,James Lembeli,,,,male,1956-12-26,,James,James Lembeli,,,,,,,,,,,,,,,,,,,,,,,,,,,,,,,,,,,,,,,,,,,,,,,,,,,,,,,,,,,,,,,,,,,,,,,,,,,,,,,,,
Q13122539,Abdul Marombwa,Abdul Marombwa,Abdul Marombwa,,,Abdul Marombwa,,,,,,,,Abdul Marombwa,,Abdul Marombwa,,,,male,1959-11-25,,Abdul,Abdul Marombwa,,Abdul Jabir Marombwa,,,Abdul Jabir Marombwa,,,,,,,,,,,,,,,,,,,,,,,,,,,,,,,,,,,,,,,,,,,,,,,,,,,,,,,,,,,,,,,,,,,,,,,,,,,,
Q58152,Bernard Membe,Bernard Membe,Bernard Membe,,Bernard Membe,Bernard Membe,Bernard Kamilius Membe,Bernard Kamilius Membe,Bernard Kamilius Membe,Bernard Kamilius Membe,,,Bernard Membe,Bernard Membe,Bernard Membe,Bernard Membe,Bernard Membe,,,male,1953-11-09,,Bernard,Bernard Membe,,Bernard Kamilius Membe,,,Bernard Kamilius Membe,https://upload.wikimedia.org/wikipedia/commons/8/83/Bernard_Membe.jpg,,,,,,,,,,,,Bernard Membe,Bernard Membe,,,,,,Bernard Membe,,,,,,,,,,,,,,,/m/027pbsh,,,,,,,,,,,,,,,,,,,,,,Bernard Membe,,,,,,BernardMembe,,,,,,,,,,,,,
Q16213580,Haji Kai,Haji Kai,Haji Kai,,,Haji Kai,,,,,,,,Haji Kai,,Haji Kai,,,,male,1971-10-10,,,Haji Kai,,,,,,,,,,,,,,,,,,,,,,,,,,,,,,,,,,,,,,,,,,,,,,,,,,,,,,,,,,,,,,,,,,,,,,,,,,,,,,,,,
Q16197150,Meshack Opulukwa,Meshack Opulukwa,Meshack Opulukwa,,,Meshack Opulukwa,,,,,,,,Meshack Opulukwa,,Meshack Opulukwa,,,,male,1967-07-27,,,Meshack Opulukwa,,,,,,,,,,,,,,,,,,,,,,,,,,,,,,,,,,,,,,,,,,,,,,,,,,,,,,,,,,,,,,,,,,,,,,,,,,,,,,,,,
Q16193885,Samia Suluhu,Samia Suluhu,Samia Suluhu,,,Samia Suluhu,Samia Suluhu,Samia Suluhu,Samia Suluhu,Samia Suluhu,薩米婭·蘇盧胡,,,Samia Suluhu,,Samia Suluhu,,,,female,1960-01-27,,Samia,Samia Suluhu,Samia Suluhu,Samia Suluhu,სამია სულუჰუ,სამია სულუჰუ,Samia Suluhu,https://upload.wikimedia.org/wikipedia/commons/6/60/Samia_Suluhu_Hassan.jpg,,,,,,,,,,サミア・スルフ,,,,,,,,,,,,,,,,,,,,,,,,,,,,,,,,,,,,,,,,,,,,,,,,,,,,,,,,,,,,,,,,,
Q7504868,Shukuru Kawambwa,Shukuru Kawambwa,Shukuru Kawambwa,,Shukuru Kawambwa,Shukuru Kawambwa,Shukuru Kawambwa,Shukuru Kawambwa,Shukuru Kawambwa,Shukuru Kawambwa,,,Shukuru Kawambwa,Shukuru Kawambwa,,Shukuru Kawambwa,,,,male,1957-12-15,,,Shukuru Kawambwa,,Shukuru Kawambwa,,,Shukuru Kawambwa,https://upload.wikimedia.org/wikipedia/commons/b/b3/Shukuru_Kawambwa.jpg,,,,,,,,,,,,,,,,,,,,,,,,,,,,,,,,,,,,,,,,,,,,,,,,,,,,,,,,,,,,,,,,,,,,,,,,,,,
Q5684168,Hawa Ghasia,Hawa Ghasia,Hawa Ghasia,,,Hawa Ghasia,Hawa Abdulrahman Ghasia,Hawa Abdulrahman Ghasia,Hawa Abdulrahman Ghasia,Hawa Abdulrahman Ghasia,,,,Hawa Ghasia,,Hawa Ghasia,,,,female,1966-01-10,,Hawa,Hawa Ghasia,,Hawa Abdulrahman Ghasia,,,Hawa Abdulrahman Ghasia,,,,,,,,,,,,,,,,,,,,,,,,,,,,,,,,,,,,,,,,,,,,,,,,,,,,,,,,,,,,,,,,,,,,,,,,,,,,
Q8015604,William Mgimwa,William Mgimwa,William Mgimwa,Уильям Мгимва,William Mgimwa,William Mgimwa,William Mgimwa,William Mgimwa,William Mgimwa,William Mgimwa,威廉·姆庫洛姆吉瓦,William Mgimwa,William Mgimwa,William Mgimwa,William Mgimwa,William Mgimwa,William Mgimwa,"Мгимва, Уильям",威廉·姆庫洛姆吉瓦,male,1950-01-20,2014-01-01,William,William Mgimwa,,,,,,,,,,,,,,,,,,,,,,,,,,,,,,,,,,,,,,,,,,,,,,,,,,,,,,,,,,,,,,,,,,,,,,,,,,,,,,,,,
Q16151883,Lucy Nkya,Lucy Nkya,Lucy Nkya,,Lucy Nkya,Lucy Nkya,Lucy Nkya,Lucy Nkya,,Lucy Nkya,,,Lucy Nkya,Lucy Nkya,,Lucy Nkya,,,,female,1952-10-10,,Lucy,Lucy Nkya,Lucy Nkya,,,,,https://upload.wikimedia.org/wikipedia/commons/9/9b/Lucy_Nkya.jpg,,,Lucy Nkya,Lucy Nkya,,,Lucy Nkya,,,,,Lucy Nkya,,,Lucy Nkya,,,,,,,,,,,,,,,,,,,,,,,,,,,,,,,,,,,,,,,,,,,,,,,,,,,,,,,,,,,,
Q16195625,Yussuf Khamis,Yussuf Khamis,Yussuf Khamis,,,Yussuf Khamis,,,,,,,,Yussuf Khamis,,Yussuf Khamis,,,,male,1964-08-13,,,Yussuf Khamis,,,,,,,,,,,,,,,,,,,,,,,,,,,,,,,,,,,,,,,,,,,,,,,,,,,,,,,,,,,,,,,,,,,,,,,,,,,,,,,,,
Q13123005,Hezekiah Ndahani Chibulunje,Hezekiah Ndahani Chibulunje,Hezekiah Ndahani Chibulunje,,,Hezekiah Chibulunje,,,,,,,,Hezekiah Ndahani Chibulunje,,Hezekiah Chibulunje,,,,male,1946-03-15,,,Hezekiah Chibulunje,,Hezekiah Ndahani Chibulunje,,,Hezekiah Ndahani Chibulunje,,,,,,,,,,,,,,,,,,,,,,,,,,,,,,,,,,,,,,,,,,,,,,,,,,,,,,,,,,,,,,,,,,,,,,,,,,,,
Q16196171,Peter Msigwa,Peter Msigwa,Peter Msigwa,,,Peter Msigwa,,,,,,,,Peter Msigwa,,Peter Msigwa,,,,male,1965-06-08,,Peter,Peter Msigwa,,,,,,,,,,,,,,,,,,,,,,,,,,,,,,,,,,,,,,,,,,,,,,,,,,,,,,,,,,,,,,,,,,,,,,,,,,,,,,,,,
Q16194878,Godfrey Zambi,Godfrey Zambi,Godfrey Zambi,,,Godfrey Zambi,,,,,,,,Godfrey Zambi,,Godfrey Zambi,,,,male,1962-06-12,,Godfrey,Godfrey Zambi,,,,,,,,,,,,,,,,,,,,,,,,,,,,,,,,,,,,,,,,,,,,,,,,,,,,,,,,,,,,,,,,,,,,,,,,,,,,,,,,,
Q4756599,Andrew Chenge,Andrew Chenge,Andrew Chenge,,,Andrew Chenge,Andrew John Chenge,Andrew John Chenge,Andrew John Chenge,Andrew John Chenge,,,,Andrew Chenge,,Andrew Chenge,,,,male,1947-12-24,,Andrew,Andrew Chenge,,Andrew John Chenge,,,Andrew John Chenge,,,,,,,,,,,,,,,,,,,,,,,,,,,,,,,,,,,,,,,,,,,,,,,,,,,,,,,,,,,,,,,,,,,,,,,,,,,,
Q16195466,Christopher Ole-Sendeka,Christopher Ole-Sendeka,,,,Christopher Ole-Sendeka,,,,,,,,Christopher Ole-Sendeka,,Christopher Ole-Sendeka,,,,male,1964-01-01,,Christopher,Christopher Ole-Sendeka,,,,,,,,,,,,,,,,,,,,,,,,,,,,,,,,,,,,,,,,,,,,,,,,,,,,,,,,,,,,,,,,,,,,,,,,,,,,,,,,,
Q16193183,Innocent Kalogeris,Innocent Kalogeris,Innocent Kalogeris,,,Innocent Kalogeris,,,,,,,,Innocent Kalogeris,,Innocent Kalogeris,,,,male,1959-03-03,,Innocent,Innocent Kalogeris,,,,,,,,,,,,,,,,,,,,,,,,,,,,,,,,,,,,,,,,,,,,,,,,,,,,,,,,,,,,,,,,,,,,,,,,,,,,,,,,,
Q9032315,Job Ndugai,Job Ndugai,Job Ndugai,,Job Ndugai,Job Ndugai,Job Yustino Ndugai,Job Yustino Ndugai,Job Yustino Ndugai,Job Yustino Ndugai,,,Job Ndugai,Job Ndugai,,Job Ndugai,,,,male,1960-01-21,,Job,Job Ndugai,,Job Yustino Ndugai,,,Job Yustino Ndugai,,,,,,,,,,,,,,,,,,,,,,,,,,,,,,,,,,,,,,,,,,,,,,,,,,,,,,,,,,,,,,,,,,,,,,,,,,,,
Q16221420,Moses Machali,Moses Machali,Moses Machali,,,Moses Machali,,,,,,,,Moses Machali,,Moses Machali,,,,male,1981-08-09,,Moses,Moses Machali,Moses Machali,,,,,https://upload.wikimedia.org/wikipedia/commons/4/49/Moses_Machali.jpg,,,,,,,,,,,,,,,,,,,,,,,,,,,,,,,,,,,,,,,,,,,,,,,,,,,,,,,,,,,,,,,,,,,,,,,,,,,
Q8065091,Zakia Meghji,Zakia Meghji,Zakia Meghji,,Zakia Meghji,Zakia Meghji,,,,,,,Zakia Meghji,Zakia Meghji,,Zakia Meghji,,,,female,1946-12-31,,,Zakia Meghji,,,,,,"https://upload.wikimedia.org/wikipedia/commons/d/dd/Zakia_Meghji,_IMF_2007.jpg",,,,,,,,,,,,,,,,,,,,,,,,,,,,,,,,,,,,,,,,,,,,,,,,,,,,,,,,,,,,,,,,Category:Zakia Meghji,,,,,,,,Zakia Meghji,Zakia Meghji,,
Q16121934,Dunstan Mkapa,Dunstan Mkapa,Dunstan Mkapa,,,Dunstan Mkapa,,,,,,,,Dunstan Mkapa,,Dunstan Mkapa,,,,male,1948-09-20,,Dunstan,Dunstan Mkapa,,,,,,,,,,,,,,,,,,,,,,,,,,,,,,,,,,,,,,,,,,,,,,,,,,,,,,,,,,,,,,,,,,,,,,,,,,,,,,,,,
Q16146018,Abdul-Aziz Abood,Abdul-Aziz Abood,,,,Abdul-Aziz Abood,,,,,,,,Abdul-Aziz Abood,,Abdul-Aziz Abood,,,,male,1959-05-27,,,Abdul-Aziz Abood,Abdul-Aziz Abood,,,,,,,,,,,,,,,,,,,,,,,,,,,,,,,,,,,,,,,,,,,,,,,,,,,,,,,,,,,,,,,,,,,,,,,,,,,,,,,,
Q5506491,Adam Malima,Adam Malima,Adam Malima,,Adam Malima,Adam Malima,Adam Kighoma Malima,Adam Kighoma Malima,Adam Kighoma Malima,Adam Kighoma Malima,,,Adam Malima,Adam Malima,,Adam Malima,,,,male,1966-06-26,,Adam,Adam Malima,,Adam Kighoma Malima,,,Adam Kighoma Malima,,Adam Malima,Adam Malima,,,,,,,,,,,,,,,,,,,,,,,,,,,,,,,,,,,,,,,,,,,,,,,,,,,,,,,,,,,,,,,,,,,,,,,,,
Q16195709,Hussein Mzee,Hussein Mzee,Hussein Mzee,,,Hussein Mzee,,,,,,,,Hussein Mzee,,Hussein Mzee,,,,male,1964-03-01,,Hussein,Hussein Mzee,Hussein Mzee,,,,,,,,,,,,,,,,,,,,,,,,,,,,,,,,,,,,,,,,,,,,,,,,,,,,,,,,,,,,,,,,,,,,,,,,,,,,,,,,
Q16206282,Faustine Ndugulile,Faustine Ndugulile,Faustine Ndugulile,,,Faustine Ndugulile,,,,,,,,Faustine Ndugulile,,Faustine Ndugulile,,,,male,1969-03-31,,Faustine,Faustine Ndugulile,Faustine Ndugulile,,,,,https://upload.wikimedia.org/wikipedia/commons/5/54/Faustine_Ndugulile.jpg,,,,,,,,,,,,,,,,,,,,,,,,,,,,,,,,,,,,,,,,,,,,,,,,,,,,,,,,,,,,,,,,,,,,,,,,,,,
Q16733054,Haji Mussa,Haji Mussa,Haji Mussa,,,Haji Mussa,,,,,,,,Haji Mussa,,Haji Mussa,,,,male,,,,Haji Mussa,,,,,,,,,,,,,,,,,,,,,,,,,,,,,,,,,,,,,,,,,,,,,,,,,,,,,,,,,,,,,,,,,,,,,,,,,,,,,,,,,
Q13125252,William Ngeleja,William Ngeleja,William Ngeleja,,,William Ngeleja,William Ngeleja,,,,,,,William Ngeleja,,William Ngeleja,,,,male,1967-10-05,,William,William Ngeleja,,William Mganga Ngeleja,,,William Ngeleja,https://upload.wikimedia.org/wikipedia/commons/5/53/William_Ngeleja.jpg,,,,,,,,,,,,,,,,,,,,,,,,,,William Ngeleja,,,,,,,,,,,,,,,,,,,,,,,,,,,,,,,,,,,,,,,,,,,,,,,,,
Q6787103,Mathias Chikawe,Mathias Chikawe,Mathias Chikawe,,Mathias Chikawe,Mathias Chikawe,Mathias Meinrad Chikawe,Mathias Meinrad Chikawe,Mathias Meinrad Chikawe,Mathias Meinrad Chikawe,,,Mathias Chikawe,Mathias Chikawe,,Mathias Chikawe,,,,male,1951-05-30,,Mathias,Mathias Chikawe,,Mathias Meinrad Chikawe,,,Mathias Meinrad Chikawe,https://upload.wikimedia.org/wikipedia/commons/e/e7/Mathias_Chikawe.jpg,,,,,,,,,,,,,,,,,,,,,,,,,,,,,,,,,,,,,,,,,,,,,,,,,,,,,,,,,,,,,,,,,,,,,,,,,,,
Q16152051,Mussa Zungu,Mussa Zungu,Mussa Zungu,,,Mussa Zungu,,,,,,,,Mussa Zungu,,Mussa Zungu,,,,male,1952-05-25,,,Mussa Zungu,Mussa Zungu,,,,,,,,,,,,,,,,,,,,,,,,,,,,,,,,,,,,,,,,,,,,,,,,,,,,,,,,,,,,,,,,,,,,,,,,,,,,,,,,
Q16221813,David Kafulila,David Kafulila,David Kafulila,,,David Kafulila,,,,,,,,David Kafulila,,David Kafulila,,,,male,1982-02-15,,David,David Kafulila,,,,,,,,,,,,,,,,,,,,,,,,,,,,,,,,,,,,,,,,,,,,,,,,,,,,,,,,,,,,,,,,,,,,,,,,,,,,,,,,,
Q16194119,Waride Jabu,Waride Jabu,Waride Jabu,,,Waride Jabu,,,,,,,,Waride Jabu,,Waride Jabu,,,,male,1961-03-05,,,Waride Jabu,,,,,,,,,,,,,,,,,,,,,,,,,,,,,,,,,,,,,,,,,,,,,,,,,,,,,,,,,,,,,,,,,,,,,,,,,,,,,,,,,
Q451885,Edward Lowassa,Edward Lowassa,Edward Lowassa,,Edward Lowassa,Edward Lowassa,Edward Lowassa,Edward Ngoyai Lowassa,Edward Ngoyai Lowassa,Edward Lowassa,爱德华·洛瓦萨,,Edward Lowassa,Edward Lowassa,Edward Lowassa,Edward Lowassa,Edward Lowassa,,爱德华·洛瓦萨,male,1953-08-26,,Edward,Edward Lowassa,,Edward Ngoyai Lowassa,,,Edward Ngoyai Lowassa,https://upload.wikimedia.org/wikipedia/commons/6/67/Edward_Lowasa_(cropped).jpg,,,Edward Lowassa,,,Edward Lowassa,Edward Lowassa,,Edward Lowassa,エドワード・ロワッサ,Έντουαρντ Λογουάσα,,,,Edward Lowassa,에드워드 로와사,,Έντουαρντ Λογουάσα,Edward Lowassa,,Edward Lowassa,Edward Lowassa,,,에드워드 로와사,Edward Lowassa,Edward Lowassa,Edward Lowassa,,,Edward Lowassa,,Edward Lowassa,/m/09lkss,爱德华·洛瓦萨,愛德華·洛瓦薩,愛德華·洛瓦薩,爱德华·洛瓦萨,爱德华·洛瓦萨,愛德華·洛瓦薩,,,,,,,,,,,,,,,,,,,,,,,,,,,Edward Lowassa,Edward Lowassa,,,,,,,
Q16186521,Kaika Telele,Kaika Telele,Kaika Telele,,,Kaika Telele,,,,,,,,Kaika Telele,,Kaika Telele,,,,male,1954-01-15,,,Kaika Telele,,,,,,,,,,,,,,,,,,,,,,,,,,,,,,,,,,,,,,,,,,,,,,,,,,,,,,,,,,,,,,,,,,,,,,,,,,,,,,,,,
Q13122536,Abas Mtemvu,Abas Mtemvu,Abas Mtemvu,,,Abas Mtemvu,,,,,,,,Abas Mtemvu,,Abas Mtemvu,,,,male,1959-11-01,,,Abas Mtemvu,,Abbas Zubeir Mtemvu,,,Abbas Zubeir Mtemvu,,,,,,,,,,,,,,,,,,,,,,,,,,,,,,,,,,,,,,,,,,,,,,,,,,,,,,,,,,,,,,,,,,,,,,,,,,,,
Q13123140,Jeremiah Solomon Sumari,Jeremiah Sumari,Jeremiah Sumari,,,Jeremiah Sumari,,,,,,,,Jeremiah Solomon Sumari,,Jeremiah Sumari,,,,male,1943-03-02,2012-01-19,Jeremiah,Jeremiah Sumari,,Jeremiah Solomon Sumari,,,Jeremiah Solomon Sumari,,,,,,,,,,,,,,,,,,,,,,,,,,,,,,,,,,,,,,,,,,,,,,,,,,,,,,,,,,,,,,,,,,,,,,,,,,,,
Q15993155,Salim Khamis,Salim Khamis,Salim Khamis,,,Salim Khamis,,,,,,Salim Khamis,,Salim Khamis,,Salim Khamis,,,,male,1951-09-20,2013-03-28,Salim,Salim Khamis,,,,,,,,,,,,,,,,,,,,,,,,,,,,,,,,,,,,,,,,,,,,,,,,,,,,,,,,,,,,,,,,,,,,,,,,,,,,,,,,,
Q11978376,Jenista Mhagama,Jenista Mhagama,Jenista Mhagama,,,Jenista Mhagama,Jenista Mhagama,,,,,,,Jenista Mhagama,,Jenista Mhagama,,,,female,1967-06-23,,,Jenista Mhagama,,Jenista Joakim Mhagama,,,Jenista Joakim Mhagama,,,,,,,,,,,,,,,,,,,,,,,,,,,Jenista Mhagama,,,,,,,,,,,,,,,,,,,,,,,,,,,,,,,,,,,,,,,,,,,,,,,,,
Q13124688,Philemon Ndesamburo,Philemon Ndesamburo,Philemon Ndesamburo,,,Philemon Ndesamburo,,,,,,,,Philemon Ndesamburo,,Philemon Ndesamburo,,,,male,1935-02-19,,,Philemon Ndesamburo,,Philemon Ndesamburo,,,Philemon Ndesamburo,,,,,,,,,,,,,,,,,,,,,,,,,,,,,,,,,,,,,,,,,,,,,,,,,,,,,,,,,,,,,,,,,,,,,,,,,,,,
Q5645411,Hamisi Andrea Kigwangalla,Hamisi Andrea Kigwangalla,Hamisi Andrea Kigwangalla,,,Hamisi Kigwangalla,Hamisi Kigwangalla,,,,,,,Hamisi Andrea Kigwangalla,,Hamisi Kigwangalla,,,,male,1975-08-07,,,Hamisi Kigwangalla,,,,,,https://upload.wikimedia.org/wikipedia/commons/3/38/Hamisi_Kigwangalla.png,,,,,,,,,,,,,,,,,,,,,,,,,,,,,,,,,,,,,,,,,,,,,,,,,,,,,,,,,,,,,,,http://www.hamisikigwangalla.com,,,,,,,,,,,,
Q16145382,Kheir Khamis,Kheir Khamis,Kheir Khamis,,,Kheir Khamis,,,,,,,,Kheir Khamis,,Kheir Khamis,,,,male,1950-09-11,,,Kheir Khamis,,,,,,,,,,,,,,,,,,,,,,,,,,,,,,,,,,,,,,,,,,,,,,,,,,,,,,,,,,,,,,,,,,,,,,,,,,,,,,,,,
Q16195717,Juma Njwayo,Juma Njwayo,Juma Njwayo,,,Juma Njwayo,,,,,,,,Juma Njwayo,,Juma Njwayo,,,,male,1964-03-10,,Juma,Juma Njwayo,,,,,,,,,,,,,,,,,,,,,,,,,,,,,,,,,,,,,,,,,,,,,,,,,,,,,,,,,,,,,,,,,,,,,,,,,,,,,,,,,
Q15101327,Mustafa Mkulo,Mustafa Mkulo,Mustafa Mkulo,,,Mustafa Mkulo,,,,,,,,Mustafa Mkulo,,Mustafa Mkulo,,,,male,1946-09-26,,Mustafa,Mustafa Mkulo,,Mustafa Mkulo,,,Mustafa Mkulo,https://upload.wikimedia.org/wikipedia/commons/3/3a/Mustafa_Mkulo.jpg,,,,,,,,,,,,,,,,,,,,,,,,,,,,,,,,,,,,,,,,,,,,,,,,,,,,,,,,,,,,,,,,,,,,,,,,,,,
Q16149733,Abdul Mteketa,Abdul Mteketa,Abdul Mteketa,,,Abdul Mteketa,,,,,,,,Abdul Mteketa,,Abdul Mteketa,,,,male,1951-01-01,,Abdul,Abdul Mteketa,,,,,,,,,,,,,,,,,,,,,,,,,,,,,,,,,,,,,,,,,,,,,,,,,,,,,,,,,,,,,,,,,,,,,,,,,,,,,,,,,
Q13122550,Aggrey Mwanri,Aggrey Mwanri,Aggrey Mwanri,,,Aggrey Mwanri,,,,,,,,Aggrey Mwanri,,Aggrey Mwanri,,,,male,1955-07-17,,,Aggrey Mwanri,,Aggrey Deaisile Joshua Mwanri,,,Aggrey Deaisile Joshua Mwanri,,,,,,,,,,,,,,,,,,,,,,,,,,,,,,,,,,,,,,,,,,,,,,,,,,,,,,,,,,,,,,,,,,,,,,,,,,,,
Q16231449,Felix Mkosamali,Felix Mkosamali,Felix Mkosamali,,,Felix Mkosamali,,,,,,,,Felix Mkosamali,,Felix Mkosamali,,,,male,1986-06-04,,Felix,Felix Mkosamali,,,,,,,,,,,,,,,,,,,,,,,,,,,,,,,,,,,,,,,,,,,,,,,,,,,,,,,,,,,,,,,,,,,,,,,,,,,,,,,,,
Q5200664,Cyril Chami,Cyril Chami,Cyril Chami,,Cyril Chami,Cyril Chami,Cyril August Chami,Cyril August Chami,Cyril August Chami,Cyril August Chami,,,Cyril Chami,Cyril Chami,,Cyril Chami,,,,male,1964-02-09,,Cyril,Cyril Chami,,Cyril August Chami,,,Cyril August Chami,,,,,,,,,,,,,,,,,,,,,,,,,,,,,,,,,,,,,,,,,,,,,,,,,,,,,,,,,,,,,,,,,,,,,,,,,,,,
Q16728905,Haji Faki,Haji Faki,Haji Faki,,,Haji Faki,,,,,,,,Haji Faki,,Haji Faki,,,,male,,,,Haji Faki,,,,,,,,,,,,,,,,,,,,,,,,,,,,,,,,,,,,,,,,,,,,,,,,,,,,,,,,,,,,,,,,,,,,,,,,,,,,,,,,,
Q16221829,Sadifa Khamis,Sadifa Khamis,Sadifa Khamis,,,Sadifa Khamis,,,,,,,,Sadifa Khamis,,Sadifa Khamis,,,,male,1982-02-07,,,Sadifa Khamis,,,,,,,,,,,,,,,,,,,,,,,,,,,,,,,,,,,,,,,,,,,,,,,,,,,,,,,,,,,,,,,,,,,,,,,,,,,,,,,,,
Q16733187,Joshua Nassari,Joshua Nassari,Joshua Nassari,,,Joshua Nassari,,,,,,,,Joshua Nassari,,Joshua Nassari,,,,male,1985,,Joshua,Joshua Nassari,,,,,,https://upload.wikimedia.org/wikipedia/commons/4/47/Joshua_Nassari.jpg,,,,,,,,,,,,,,,,,,,,,,,,,,,,,,,,,,,,,,,,,,,,,,,,,,,,,,,,,,,,,,,,,,,,,,,,,,,
Q16193252,Faith Mitambo,Faith Mitambo,Faith Mitambo,,,Faith Mitambo,,,,,,,,Faith Mitambo,,Faith Mitambo,,,,male,1959-09-29,,Faith,Faith Mitambo,Faith Mitambo,,,,,,,,,,,,,,,,,,,,,,,,,,,,,,,,,,,,,,,,,,,,,,,,,,,,,,,,,,,,,,,,,,,,,,,,,,,,,,,,
Q16197043,Dunstan Kitandula,Dunstan Kitandula,Dunstan Kitandula,,,Dunstan Kitandula,,,,,,,,Dunstan Kitandula,,Dunstan Kitandula,,,,male,1967-10-14,,Dunstan,Dunstan Kitandula,,,,,,,,,,,,,,,,,,,,,,,,,,,,,,,,,,,,,,,,,,,,,,,,,,,,,,,,,,,,,,,,,,,,,,,,,,,,,,,,,
Q16213795,Shaffin Sumar,Shaffin Sumar,Shaffin Sumar,,,Shaffin Sumar,,,,,,,,Shaffin Sumar,,Shaffin Sumar,,,,male,1971-05-26,,,Shaffin Sumar,Shaffin Sumar,,,,,,,,,,,,,,,,,,,,,,,,,,,,,,,,,,,,,,,,,,,,,,,,,,,,,,,,,,,,,,,,,,,,,,,,,,,,,,,,
Q16136464,Ally Keissy,Ally Keissy,Ally Keissy,,,Ally Keissy,,,,,,,,Ally Keissy,,Ally Keissy,,,,male,1949-10-15,,,Ally Keissy,,,,,,,,,,,,,,,,,,,,,,,,,,,,,,,,,,,,,,,,,,,,,,,,,,,,,,,,,,,,,,,,,,,,,,,,,,,,,,,,,
Q16213626,Salvatory Machemli,Salvatory Machemli,Salvatory Machemli,,,Salvatory Machemli,,,,,,,,Salvatory Machemli,,Salvatory Machemli,,,,male,1971-01-14,,,Salvatory Machemli,,,,,,,,,,,,,,,,,,,,,,,,,,,,,,,,,,,,,,,,,,,,,,,,,,,,,,,,,,,,,,,,,,,,,,,,,,,,,,,,,
Q16199703,Moshi Kakoso,Moshi Kakoso,Moshi Kakoso,,,Moshi Kakoso,,,,,,,,Moshi Kakoso,,Moshi Kakoso,,,,male,1968-05-02,,,Moshi Kakoso,,,,,,,,,,,,,,,,,,,,,,,,,,,,,,,,,,,,,,,,,,,,,,,,,,,,,,,,,,,,,,,,,,,,,,,,,,,,,,,,,
Q5583434,Goodluck Ole-Medeye,Goodluck Ole-Medeye,,,Goodluck Ole-Medeye,Goodluck Ole-Medeye,,,,,,,Goodluck Ole-Medeye,Goodluck Ole-Medeye,,Goodluck Ole-Medeye,,,,male,1958-03-14,,Goodluck,Goodluck Ole-Medeye,,,,,,,,,,,,,,,,,,,,,,,,,,,,,,,,,,,,,,,,,,,,,,,,,,,,,,,,,,,,,,,,,,,,,,,,,,,,,,,,,
Q16189341,Stephen Kebwe,Stephen Kebwe,Stephen Kebwe,,,Stephen Kebwe,,,,,,,,Stephen Kebwe,,Stephen Kebwe,,,,male,1957-07-13,,Stephen,Stephen Kebwe,,,,,,,,,,,,,,,,,,,,,,,,,,,,,,,,,,,,,,,,,,,,,,,,,,,,,,,,,,,,,,,,,,,,,,,,,,,,,,,,,
Q15665306,Ali Khamis Seif,Ali Khamis Seif,Ali Khamis Seif,,,Ali Khamis Seif,,,,,,,,Ali Khamis Seif,,Ali Khamis Seif,,,,male,1954-04-08,,Ali,Ali Khamis Seif,,Ali Khamis Seif,,,Ali Khamis Seif,,,,,,,,,,,,,,,,,,,,,,,,,,,,,,,,,,,,,,,,,,,,,,,,,,,,,,,,,,,,,,,,,,,,,,,,,,,,
Q16149145,Abdallah Ameir,Abdallah Ameir,Abdallah Ameir,,,Abdallah Ameir,,,,,,,,Abdallah Ameir,,Abdallah Ameir,,,,male,1963-02-03,,Abdullah,Abdallah Ameir,Abdallah Ameir,,,,,,,,,,,,,,,,,,,,,,,,,,,,,,,,,,,,,,,,,,,,,,,,,,,,,,,,,,,,,,,,,,,,,,,,,,,,,,,,
Q16193684,Charles Kitwanga,Charles Kitwanga,Charles Kitwanga,,,Charles Kitwanga,,,,,,,,Charles Kitwanga,,Charles Kitwanga,,,,male,1960-09-27,,Charles,Charles Kitwanga,,,,,,https://upload.wikimedia.org/wikipedia/commons/c/c0/Charles_Kitwanga.jpg,,,,,,,,,,,,,,,,,,,,,,,,,,,,,,,,,,,,,,,,,,,,,,,,,,,,,,,,,,,,,,,,,,,,,,,,,,,
Q6732788,Mahadhi Maalim,Mahadhi Maalim,Mahadhi Maalim,,Mahadhi Maalim,Mahadhi Maalim,,,,,,,Mahadhi Maalim,Mahadhi Maalim,,Mahadhi Maalim,,,,male,1972-03-28,,,Mahadhi Maalim,Mahadhi Maalim,,,,,,,,,,,,,,,,,,,,,,,,,,,,,,,,,,,,,,,,,,,,,,,,,311741665,,,,,,,,,,,,,,,,,,,,,,,,,,,,,,,
Q16194781,Masoud Salim,Masoud Salim,Masoud Salim,,,Masoud Salim,,,,,,,,Masoud Salim,,Masoud Salim,,,,male,1962-10-24,,,Masoud Salim,Masoud Salim,,,,,,,,,,,,,,,,,,,,,,,,,,,,,,,,,,,,,,,,,,,,,,,,,,,,,,,,,,,,,,,,,,,,,,,,,,,,,,,,
Q6768990,Mark Mwandosya,Mark Mwandosya,Mark Mwandosya,,Mark Mwandosya,Mark Mwandosya,Mark James Mwandosya,Mark James Mwandosya,Mark James Mwandosya,Mark James Mwandosya,,,Mark Mwandosya,Mark Mwandosya,,Mark Mwandosya,,,,male,1949-12-28,,Mark,Mark Mwandosya,,Mark James Mwandosya,,,Mark Mwandosya,,,,,,,,,,,,,,,,,,,,,,,,,,,,,,,,,,,,,,,,,,,,,,,,,,,,,,,,,Mark Mwandosya,,,,,,,,,,,,,,,,,,,
Q16193009,Salum Barwany,Salum Barwany,Salum Barwany,,,Salum Barwany,,,,,,,,Salum Barwany,,Salum Barwany,,,,male,1959-06-30,,,Salum Barwany,,,,,,,,,,,,,,,,,,,,,,,,,,,,,,,,,,,,,,,,,,,,,,,,,,,,,,,,,,,,,,,,,,,,,,,,,,,,,,,,,
Q16195154,Kombo Khamis Kombo,Kombo Khamis Kombo,Kombo Khamis Kombo,,,Kombo Khamis Kombo,,,,,,,,Kombo Khamis Kombo,,Kombo Khamis Kombo,,,,male,1963-02-15,,,Kombo Khamis Kombo,,,,,,,,,,,,,,,,,,,,,,,,,,,,,,,,,,,,,,,,,,,,,,,,,,,,,,,,,,,,,,,,,,,,,,,,,,,,,,,,,
Q16205730,Mendrad Kigola,Mendrad Kigola,Mendrad Kigola,,,Mendrad Kigola,,,,,,,,Mendrad Kigola,,Mendrad Kigola,,,,male,1969-12-10,,,Mendrad Kigola,,,,,,,,,,,,,,,,,,,,,,,,,,,,,,,,,,,,,,,,,,,,,,,,,,,,,,,,,,,,,,,,,,,,,,,,,,,,,,,,,
Q16194800,Haroub Shamis,Haroub Shamis,Haroub Shamis,,,Haroub Shamis,,,,,,,,Haroub Shamis,,Haroub Shamis,,,,male,1962-03-05,,,Haroub Shamis,Haroub Shamis,,,,,,,,,,,,,,,,,,,,,,,,,,,,,,,,,,,,,,,,,,,,,,,,,,,,,,,,,,,,,,,,,,,,,,,,,,,,,,,,
Q16145341,Kulikoyela Kahigi,Kulikoyela Kahigi,Kulikoyela Kahigi,,,Kulikoyela Kahigi,,,,,,,,Kulikoyela Kahigi,,Kulikoyela Kahigi,,,,male,1950-08-04,,,Kulikoyela Kahigi,,,,,,,,,,,,,,,,,,,,,,,,,,,,,,,,,,,,,,,,,,,,,,,,,,,,,,,,,,,,,,,,,,,,,,,,,,,,,,,,,
Q6893059,Mohammed Dewji,Mohammed Dewji,Mohammed Dewji,,Mohammed Dewji,Mohammed Dewji,,,,,,,Mohammed Dewji,Mohammed Dewji,,Mohammed Dewji,,,,male,1975-05-08,,Mohammed,Mohammed Dewji,,Mohammed Gulam Dewji,,,Mohammed Gulam Dewji,https://upload.wikimedia.org/wikipedia/commons/5/52/Mohammed_dewji_2013-12-09_16-15.png,,,,,,,,,,,,,,,,,,,,,,,,,,,,,,,,,,,,,,,,,,,,,,,,,,,,,,,,,,,,,,,,,,,,,,,,,,,
Q16196143,Sylvester Mabumba,Sylvester Mabumba,Sylvester Mabumba,,,Sylvester Mabumba,,,,,,,,Sylvester Mabumba,,Sylvester Mabumba,,,,male,1965-05-10,,Sylvester,Sylvester Mabumba,,,,,,,,,,,,,,,,,,,,,,,,,,,,,,,,,,,,,,,,,,,,,,,,,,,,,,,,,,,,,,,,,,,,,,,,,,,,,,,,,
Q16193978,Selemani Bungara,Selemani Bungara,Selemani Bungara,,,Selemani Bungara,,,,,,,,Selemani Bungara,,Selemani Bungara,,,,male,1961-11-18,,,Selemani Bungara,Selemani Bungara,,,,,,,,,,,,,,,,,,,,,,,,,,,,,,,,,,,,,,,,,,,,,,,,,,,,,,,,,,,,,,,,,,,,,,,,,,,,,,,,
Q16185539,Ismail Rage,Ismail Rage,Ismail Rage,,,Ismail Rage,,,,,,,,Ismail Rage,,Ismail Rage,,,,male,1953-01-03,,Ismail,Ismail Rage,Ismail Rage,,,,,,,,,,,,,,,,,,,,,,,,,,,,,,,,,,,,,,,,,,,,,,,,,,,,,,,,,,,,,,,,,,,,,,,,,,,,,,,,
Q16199711,Sinkamba Kandege,Sinkamba Kandege,Sinkamba Kandege,,,Sinkamba Kandege,,,,,,,,Sinkamba Kandege,,Sinkamba Kandege,,,,male,1964-06-06,,,Sinkamba Kandege,,,,,,,,,,,,,,,,,,,,,,,,,,,,,,,,,,,,,,,,,,,,,,,,,,,,,,,,,,,,,,,,,,,,,,,,,,,,,,,,,
Q16195564,Hamad Ali Hamad,Hamad Ali Hamad,Hamad Ali Hamad,,,Hamad Ali Hamad,,,,,,,,Hamad Ali Hamad,,Hamad Ali Hamad,,,,male,1964-11-27,,,Hamad Ali Hamad,Hamad Ali Hamad,,,,,,,,,,,,,,,,,,,,,,,,,,,,,,,,,,,,,,,,,,,,,,,,,,,,,,,,,,,,,,,,,,,,,,,,,,,,,,,,
Q15651126,Abdulkarim Shah,Abdulkarim Shah,Abdulkarim Shah,,,Abdulkarim Shah,,,,,,,,Abdulkarim Shah,,Abdulkarim Shah,,,,male,1961-11-25,,,Abdulkarim Shah,,Abdulkarim Esmail Hassan Shah,,,Abdulkarim Esmail Hassan Shah,,,,,,,,,,,,,,,,,,,,,,,,,,,,,,,,,,,,,,,,,,,,,,,,,,,,,,,,,,,,,,,,,,,,,,,,,,,,
Q16217695,Ezekia Wenje,Ezekia Wenje,Ezekia Wenje,,,Ezekia Wenje,,,,,,,,Ezekia Wenje,,Ezekia Wenje,,,,male,1978-10-02,,,Ezekia Wenje,,,,,,,,,,,,,,,,,,,,,,,,,,,,,,,,,,,,,,,,,,,,,,,,,,,,,,,,,,,,,,,,,,,,,,,,,,,,,,,,,
Q16186778,David Mallole,David Mallole,David Mallole,,,David Mallole,,,,,,,,David Mallole,,David Mallole,,,,male,1955-12-26,,David,David Mallole,David Mallole,,,,,,,,,,,,,,,,,,,,,,,,,,,,,,,,,,,,,,,,,,,,,,,,,,,,,,,,,,,,,,,,,,,,,,,,,,,,,,,,
Q7446651,Seif Ali Iddi,Seif Ali Iddi,Seif Ali Iddi,,,Seif Ali Iddi,Seif Ali Iddi,Seif Ali Iddi,Seif Ali Iddi,Seif Ali Iddi,,,,Seif Ali Iddi,,Seif Ali Iddi,,,,male,1942-02-23,,,Seif Ali Iddi,,Seif Ali Iddi,,,Seif Ali Iddi,https://upload.wikimedia.org/wikipedia/commons/a/af/Seif_Ali_Iddi.jpg,,,,,,,,,,,,,,,,,,,,,,,,,,,,,,,,,,,,,,,,,,,,,,,,,,,,,,,,,,,,,,,,,,,,,,,,,,,
Q16195127,Jaddy Simai Jaddy,Jaddy Simai Jaddy,Jaddy Simai Jaddy,,,Jaddy Simai Jaddy,,,,,,,,Jaddy Simai Jaddy,,Jaddy Simai Jaddy,,,,male,1963-06-30,,,Jaddy Simai Jaddy,,,,,,,,,,,,,,,,,,,,,,,,,,,,,,,,,,,,,,,,,,,,,,,,,,,,,,,,,,,,,,,,,,,,,,,,,,,,,,,,,
Q16147390,Abdulsalaam Amer,Abdulsalaam Amer,Abdulsalaam Amer,,,Abdulsalaam Amer,,,,,,,,Abdulsalaam Amer,,Abdulsalaam Amer,,,,male,1963-07-11,,,Abdulsalaam Amer,Abdulsalaam Amer,,,,,,,,,,,,,,,,,,,,,,,,,,,,,,,,,,,,,,,,,,,,,,,,,,,,,,,,,,,,,,,,,,,,,,,,,,,,,,,,
Q16214458,Selemani Jafo,Selemani Jafo,Selemani Jafo,,,Selemani Jafo,,,,,,,,Selemani Jafo,,Selemani Jafo,,,,male,1973-05-26,,,Selemani Jafo,,,,,,,,,,,,,,,,,,,,,,,,,,,,,,,,,,,,,,,,,,,,,,,,,,,,,,,,,,,,,,,,,,,,,,,,,,,,,,,,,
Q16186392,Salome Mwambu,Salome Mwambu,Salome Mwambu,,,Salome Mwambu,,,,,,,,Salome Mwambu,,Salome Mwambu,,,,female,1954-05-23,,Salome,Salome Mwambu,,,,,,,,,,,,,,,,,,,,,,,,,,,,,,,,,,,,,,,,,,,,,,,,,,,,,,,,,,,,,,,,,,,,,,,,,,,,,,,,,
Q16214535,Ahmed Ngwali,Ahmed Ngwali,Ahmed Ngwali,,,Ahmed Ngwali,,,,,,,,Ahmed Ngwali,,Ahmed Ngwali,,,,male,1973-01-01,,Ahmed,Ahmed Ngwali,,,,,,,,,,,,,,,,,,,,,,,,,,,,,,,,,,,,,,,,,,,,,,,,,,,,,,,,,,,,,,,,,,,,,,,,,,,,,,,,,
Q13124326,Mohammed Amour Chombon,Mohammed Amour Chombon,Mohammed Amour Chombon,,,Muhammad Chomboh,,,,,,,,Mohammed Amour Chombon,,Muhammad Chomboh,,,,male,1953-01-25,,Mohammed,Muhammad Chomboh,,Muhammad Amour Chomboh,,,Muhammad Amour Chomboh,,,,,,,,,,,,,,,,,,,,,,,,,,,,,,,,,,,,,,,,,,,,,,,,,,,,,,,,,,,,,,,,,,,,,,,,,,,,
Q6249130,John Momose Cheyo,John Momose Cheyo,John Momose Cheyo,,,John Cheyo,John Momose Cheyo,John Momose Cheyo,John Momose Cheyo,John Momose Cheyo,,,,John Momose Cheyo,,John Cheyo,,,,male,,,John,John Cheyo,,John Momose Cheyo,,,John Momose Cheyo,,,,,,,,,,,,,,,,,,,,,,,,,,,,,,,,,,,,,,,,,,,,,,,,,,,,,,,,,,,,,,,,,,,,,,,,,,,,
Q5679373,Hasnain Murji,Hasnain Murji,Hasnain Murji,,,Hasnain Murji,,,,,,,,Hasnain Murji,,Hasnain Murji,,,,male,1966-10-24,,,Hasnain Murji,,,,,,,,,,,,,,,,,,,,,,,,,,,,,,,,,,,,,,,,,,,,,,,,,,,,,,,,,,,,,,,,,,,,,,,,,,,,,,,,,
Q5018728,Jumanne Maghembe,Jumanne Maghembe,Jumanne Maghembe,,Jumanne Maghembe,Jumanne Maghembe,Jumanne Abdallah Maghembe,Jumanne Abdallah Maghembe,Jumanne Abdallah Maghembe,Jumanne Abdallah Maghembe,,,Jumanne Maghembe,Jumanne Maghembe,,Jumanne Maghembe,,,,male,,,,Jumanne Maghembe,,Jumanne Abdallah Maghembe,,,Jumanne Maghembe,https://upload.wikimedia.org/wikipedia/commons/1/1a/Jumanne_Maghembe.png,,,,,,,,,,,,,,,,,,,,,,,,,,,,,,,,,,,,,,,,,,,,,,,,,,,,,,,,,,,,,,,,,,,,,,,,,,,
Q16875234,Abdulla Saadalla,Abdulla Saadalla,Abdulla Saadalla,,,Abdulla Saadalla,,,,,,,,Abdulla Saadalla,,Abdulla Saadalla,,,,male,,,,Abdulla Saadalla,Abdulla Saadalla,,,,,,,,,,,,,,,,,,,,,,,,,,,,,,,,,,,,,,,,,,,,,,,,,,,,,,,,,,,,,,,,,,,,,,,,,,അബ്ദുള്ള അബ്ദുള്ള,അബ്ദുള്ള അബ്ദുള്ള,,,,,
Q16145621,Saleh Pamba,Saleh Pamba,Saleh Pamba,,,Saleh Pamba,,,,,,,,Saleh Pamba,,Saleh Pamba,,,,male,1950-10-16,,Salih,Saleh Pamba,Saleh Pamba,,,,,,,,,,,,,,,,,,,,,,,,,,,,,,,,,,,,,,,,,,,,,,,,,,,,,,,,,,,,,,,,,,,,,,,,,,,,,,,,
Q16187296,Muhammad Sanya,Muhammad Sanya,Muhammad Sanya,,,Muhammad Sanya,,,,,,,,Muhammad Sanya,,Muhammad Sanya,,,,male,1956-07-21,,Muhammad,Muhammad Sanya,,,,,,,,,,,,,,,,,,,,,,,,,,,,,,,,,,,,,,,,,,,,,,,,,,,,,,,,,,,,,,,,,,,,,,,,,,,,,,,,,
Q16214101,Philipo Mulugo,Philipo Mulugo,Philipo Mulugo,,,Philipo Mulugo,,,,,,,,Philipo Mulugo,,Philipo Mulugo,,,,male,1972-01-27,,,Philipo Mulugo,Philipo Mulugo,,,,,,,,,,,,,,,,,,,,,,,,,,,,,,,,,,,,,,,,,,,,,,,,,,,,,,,,,,,,,,,,,,,,,,,,,,,,,,,,
Q461710,Asha-Rose Migiro,Asha-Rose Migiro,Asha-Rose Migiro,"Мигиро, Аша Роза",Asha-Rose Migiro,Asha-Rose Migiro,Asha-Rose Mtengeti Migiro,Asha-Rose Mtengeti Migiro,Asha-Rose Mtengeti Migiro,Asha-Rose Migiro,阿莎-罗丝·米吉罗,,Asha-Rose Migiro,Asha-Rose Migiro,Asha-Rose Migiro,Asha-Rose Migiro,Asha-Rose Migiro,"Мигиро, Аша Роза",阿莎-罗丝·米吉罗,female,1956-07-09,,Asha,Asha-Rose Migiro,,Asha-Rose Mtengeti Migiro,,,Asha-Rose Mtengeti Migiro,https://upload.wikimedia.org/wikipedia/commons/3/38/Asha-Rose_Migiro_cropped.jpg,,,,,,Asha-Rose Migiro,,,Asha-Rose Migiro,アシャローズ・ミギロ,,,,,Asha-Rose Migiro,,,,,,,Asha-Rose Migiro,,,,,,Asha-Rose Migiro,,,Asha-Rose Migiro,,Asha-Rose Migiro,/m/09wcz8,阿莎-罗丝·米吉罗,阿莎-羅絲·米吉羅,阿莎-羅絲·米吉羅,阿莎-罗丝·米吉罗,阿莎-罗丝·米吉罗,阿莎-羅絲·米吉羅,,,,233092797,no2012040181,,,,Asha-Rose Migiro,,,,,,,,Asha-Rose Migiro,,,,,,,Category:Asha-Rose Migiro,,,,,,,,,,,
Q16211651,Hamoud Jumaa,Hamoud Jumaa,Hamoud Jumaa,,,Hamoud Jumaa,,,,,,,,Hamoud Jumaa,,Hamoud Jumaa,,,,male,1970-07-10,,,Hamoud Jumaa,,,,,,,,,,,,,,,,,,,,,,,,,,,,,,,,,,,,,,,,,,,,,,,,,,,,,,,,,,,,,,,,,,,,,,,,,,,,,,,,,
Q15665420,Anne Malecela,Anne Malecela,Anne Malecela,,,Anne Malecela,,,,,,,,Anne Malecela,,Anne Malecela,,,,female,1956-01-09,,Anne,Anne Malecela,,Anne Kilango Malecela,,,Anne Kilango Malecela,https://upload.wikimedia.org/wikipedia/commons/c/c1/Anne_Malecela.jpg,,,,,,,,,,,,,,,,,,,,,,,,,,,,,,,,,,,,,,,,,,,,,,,,,,,,,,,,,,,,,,,,,,,,,,,,,,,
Q16193031,Jerome Bwanausi,Jerome Bwanausi,Jerome Bwanausi,,,Jerome Bwanausi,,,,,,,,Jerome Bwanausi,,Jerome Bwanausi,,,,male,1959-11-01,,Jerome,Jerome Bwanausi,,,,,,,,,,,,,,,,,,,,,,,,,,,,,,,,,,,,,,,,,,,,,,,,,,,,,,,,,,,,,,,,,,,,,,,,,,,,,,,,,
Q13125162,Victor Mwambalaswa,Victor Mwambalaswa,Victor Mwambalaswa,,,Victor Mwambalaswa,,,,,,,,Victor Mwambalaswa,,Victor Mwambalaswa,,,,male,1952-11-08,,Victor,Victor Mwambalaswa,,Victor Kilasile Mwambalaswa,,,Victor Kilasile Mwambalaswa,,,,,,,,,,,,,,,,,,,,,,,,,,,,,,,,,,,,,,,,,,,,,,,,,,,,,,,,,,,,,,,,,,,,,,,,,,,,
Q15047198,Eugen Mwaiposa,Eugen Mwaiposa,Eugen Mwaiposa,,Eugen Mwaiposa,Eugen Mwaiposa,,,,,,Eugen Mwaiposa,Eugen Mwaiposa,Eugen Mwaiposa,,Eugen Mwaiposa,Eugen Mwaiposa,,,female,1960-11-23,2015-06-02,Eugen,Eugen Mwaiposa,,,,,,,,,,,,,,,,,,,,,,,,,,,,,,,,,,,,,,,,,,,,,,,,,,,,,,,,,,,,,,,,,,,,,,,,,,,,,,,,,
Q5018756,John Magufuli,John Magufuli,John Magufuli,"Магуфули, Джон",John Magufuli,John Magufuli,John Magufuli,John Magufuli,John Magufuli,John Magufuli,约翰·马古富利,,John Magufuli,John Magufuli,John Magufuli,John Magufuli,John Magufuli,"Магуфули, Джон",约翰·马古富利,male,1959-10-29,,John,John Magufuli,John Magufuli,John Pombe Joseph Magufuli,,,John Magufuli,https://upload.wikimedia.org/wikipedia/commons/c/c0/John_Magufuli_2015.png,John Magufuli,John Magufuli,John Magufuli,John Magufuli,,,John Pombe Magufuli,John Magufuli,John Magufuli,ジョン・マグフリ,Τζον Μαγκουφούλι,,,,,,,Τζον Μαγκουφούλι,John Magufuli,John Magufuli,John Pombe Magufuli,John Magufuli,John Magufuli,ジョン・マグフリ,,John Magufuli,John Magufuli,,,,John Magufuli,John Magufuli,,,,,,,,,,,,,,,,Ioannes Magufuli,John Magufuli,जॉन पॉम्बे मगुफुली,John Magufuli,John Magufuli,John Magufuli,Джон Магуфулі,Джон Магуфулі,John Magufuli,John Magufuli,जॉन पॉम्बे मगुफुली,Ioannes Magufuli,John Magufuli,John Magufuli,MagufuliJP,,,,,,,,,,,,,
Q16195184,Alphaxard Lugola,Alphaxard Lugola,Alphaxard Lugola,,,Alphaxard Lugola,,,,,,,,Alphaxard Lugola,,Alphaxard Lugola,,,,male,1963-05-25,,,Alphaxard Lugola,,,,,,,,,,,,,,,,,,,,,,,,,,,,,,,,,,,,,,,,,,,,,,,,,,,,,,,,,,,,,,,,,,,,,,,,,,,,,,,,,
Q16194573,Khatib Haji,Khatib Haji,Khatib Haji,,,Khatib Haji,,,,,,,,Khatib Haji,,Khatib Haji,,,,male,1962-07-31,,,Khatib Haji,,,,,,,,,,,,,,,,,,,,,,,,,,,,,,,,,,,,,,,,,,,,,,,,,,,,,,,,,,,,,,,,,,,,,,,,,,,,,,,,,
Q16193269,Richard Ndassa,Richard Ndassa,Richard Ndassa,,,Richard Ndassa,,,,,,,,Richard Ndassa,,Richard Ndassa,,,,male,1959-03-21,,Richard,Richard Ndassa,Richard Ndassa,,,,,,,,,,,,,,,,,,,,,,,,,,,,,,,,,,,,,,,,,,,,,,,,,,,,,,,,,,,,,,,,,,,,,,,,,,,,,,,,
Q16214077,Antony Mbassa,Antony Mbassa,Antony Mbassa,,,Antony Mbassa,,,,,,,,Antony Mbassa,,Antony Mbassa,,,,male,1972-02-03,,Antony,Antony Mbassa,,,,,,,,,,,,,,,,,,,,,,,,,,,,,,,,,,,,,,,,,,,,,,,,,,,,,,,,,,,,,,,,,,,,,,,,,,,,,,,,,
Q11045555,George Simbachawene,George Simbachawene,George Simbachawene,,George Simbachawene,George Simbachawene,George Boniface Simbachawene,George Boniface Simbachawene,George Boniface Simbachawene,George Boniface Simbachawene,,,George Simbachawene,George Simbachawene,,George Simbachawene,,,,male,1968-07-05,,George,George Simbachawene,,George Boniface Simbachawene,,,George Boniface Simbachawene,,,,,,,,,,,,,,,,,,,,,,,,,,,,,,,,,,,,,,,,,,,,,,,,,,,,,,,,,,,,,,,,,,,,,,,,,,,,
Q16192851,Hadji Mponda,Hadji Mponda,Hadji Mponda,,,Hadji Mponda,,,,,,,,Hadji Mponda,,Hadji Mponda,,,,male,1958-09-27,,,Hadji Mponda,,,,,,https://upload.wikimedia.org/wikipedia/commons/4/49/Hadji_Mponda.jpg,,,,,,,,,,,,,,,,,,,,,,,,,,,,,,,,,,,,,,,,,,,,,,,,,,,,,,,,,,,,,,,,,,,,,,,,,,,
Q16733751,Suleiman Omar,Suleiman Omar,Suleiman Omar,,,Suleiman Omar,,,,,,,,Suleiman Omar,,Suleiman Omar,,,,male,,,,Suleiman Omar,Suleiman Omar,,,,,,,,,,,,,,,,,,,,,,,,,,,,,,,,,,,,,,,,,,,,,,,,,,,,,,,,,,,,,,,,,,,,,,,,,,,,,,,,
Q4821204,Augustine Mrema,Augustine Mrema,Augustine Mrema,,Augustine Mrema,Augustine Mrema,Augustine Lyatonga Mrema,Augustine Lyatonga Mrema,Augustine Lyatonga Mrema,Augustine Lyatonga Mrema,,,Augustine Mrema,Augustine Mrema,,Augustino Mrema,,,,male,1944-12-31,,Augustine,Augustino Mrema,,Augustine Lyatonga Mrema,,,Augustine Lyatonga Mrema,,,,,,,,,,,,,,,,,,,,,,,,,,,,,,,,,,,,,,,,,,,,,,,,,,,,,,,,,,,,,,,,,,,,,,,,,,,,
Q13124934,Stephen Wasira,Stephen Wasira,Stephen Wasira,,Stephen Wasira,Stephen Wasira,,,,,,,Stephen Wasira,Stephen Wasira,,Stephen Wasira,,,,male,1945,,Stephen,Stephen Wasira,,Stephen Masato Wassira,,,Stephen Wasira,https://upload.wikimedia.org/wikipedia/commons/6/69/Wasira_pic_2012.jpg,,,,,,,,,,,,,,,,,,,,,,,,,,,,,,,,,,,,,,,,,,,,,,,,,,,,,,,,,,,,,,,,,,,,,,,,,,,
Q16121579,Michael Laizer,Michael Laizer,Michael Laizer,,,Michael Laizer,,,,,,,,Michael Laizer,,Michael Laizer,,,,male,1948-10-24,,Michael,Michael Laizer,Michael Laizer,,,,,,,,,,,,,,,,,,,,,,,,,,,,,,,,,,,,,,,,,,,,,,,,,,,,,,,,,,,,,,,,,,,,,,,,,,,,,,,,
Q16196632,Lameck Okambo,Lameck Okambo,Lameck Okambo,,,Lameck Okambo,,,,,,,,Lameck Okambo,,Lameck Okambo,,,,male,1966-10-28,,,Lameck Okambo,,,,,,,,,,,,,,,,,,,,,,,,,,,,,,,,,,,,,,,,,,,,,,,,,,,,,,,,,,,,,,,,,,,,,,,,,,,,,,,,,
Q16214167,Ramadhan Saleh,Ramadhan Saleh,Ramadhan Saleh,,,Ramadhan Saleh,,,,,,,,Ramadhan Saleh,,Ramadhan Saleh,,,,male,1972-01-09,,,Ramadhan Saleh,Ramadhan Saleh,,,,,,,,,,,,,,,,,,,,,,,,,,,,,,,,,,,,,,,,,,,,,,,,,,,,,,,,,,,,,,,,,,,,,,,,,,,,,,,,
Q16187176,Festus Limbu,Festus Limbu,Festus Limbu,,,Festus Limbu,,,,,,,,Festus Limbu,,Festus Limbu,,,,male,1956-04-19,,Festus,Festus Limbu,Festus Limbu,,,,,,,,,,,,,,,,,,,,,,,,,,,,,,,,,,,,,,,,,,,,,,,,,,,,,,,,,,,,,,,,,,,,,,,,,,,,,,,,
Q16193730,Ramo Makani,Ramo Makani,Ramo Makani,,,Ramo Makani,,,,,,,,Ramo Makani,,Ramo Makani,,,,male,1960-09-22,,,Ramo Makani,,,,,,,,,,,,,,,,,,,,,,,,,,,,,,,,,,,,,,,,,,,,,,,,,,,,,,,,,,,,,,,,,,,,,,,,,,,,,,,,,
Q16192912,Said Suleiman Said,Said Suleiman Said,Said Suleiman Said,,,Said Suleiman Said,,,,,,,,Said Suleiman Said,,Said Suleiman Said,,,,male,1958-06-15,,Said,Said Suleiman Said,Said Suleiman Said,,,,,,,,,,,,,,,,,,,,,,,,,,,,,,,,,,,,,,,,,,,,,,,,,,,,,,,,,,,,,,,,,,,,,,,,,,,,,,,,
Q6399650,Khalifa Suleiman Khalifa,Khalifa Suleiman Khalifa,Khalifa Suleiman Khalifa,,,Khalifa Suleiman Khalifa,Khalifa Suleiman Khalifa,Khalifa Suleiman Khalifa,Khalifa Suleiman Khalifa,Khalifa Suleiman Khalifa,,,,Khalifa Suleiman Khalifa,,Khalifa Suleiman Khalifa,,,,male,1956-08-09,,,Khalifa Suleiman Khalifa,,Khalifa Suleiman Khalifa,,,Khalifa Suleiman Khalifa,,,,,,,,,,,,,,,,,,,,,,,,,,,,,,,,,,,,,,,,,,,,,,,,,,,,,,,,,,,,,,,,,,,,,,,,,,,,
Q16196108,Silvestry Koka,Silvestry Koka,Silvestry Koka,,,Silvestry Koka,,,,,,,,Silvestry Koka,,Silvestry Koka,,,,male,1965-05-15,,,Silvestry Koka,,,,,,,,,,,,,,,,,,,,,,,,,,,,,,,,,,,,,,,,,,,,,,,,,,,,,,,,,,,,,,,,,,,,,,,,,,,,,,,,,
Q16147163,Hussein Amar,Hussein Amar,Hussein Amar,,,Hussein Amar,,,,,,,,Hussein Amar,,Hussein Amar,,,,male,1958-04-20,,Hussein,Hussein Amar,Hussein Amar,,,,,,,,,,,,,,,,,,,,,,,,,,,,,,,,,,,,,,,,,,,,,,,,,,,,,,,,,,,,,,,,,,,,,,,,,,,,,,,,
Q16194724,Said Nkumba,Said Nkumba,Said Nkumba,,,Said Nkumba,,,,,,,,Said Nkumba,,Said Nkumba,,,,male,1962-04-17,,Said,Said Nkumba,,,,,,,,,,,,,,,,,,,,,,,,,,,,,,,,,,,,,,,,,,,,,,,,,,,,,,,,,,,,,,,,,,,,,,,,,,,,,,,,,
Q5501021,Freeman Mbowe,Freeman Mbowe,Freeman Mbowe,,Freeman Mbowe,Freeman Mbowe,,,,,,,Freeman Mbowe,Freeman Mbowe,,Freeman Mbowe,,,,male,1961-12-09,,Freeman,Freeman Mbowe,,,,,,,,Freeman Mbowe,,,,,,,,,,,,,,,,,,,,,,,,,,,,,,,,,,,,,,,,,,,,,,,,,,,,,,,,,,,,,,,,,,,,,,,,,
Q16146273,Abdalla Ali,Abdalla Ali,Abdalla Ali,,,Abdalla Ali,,,,,,,,Abdalla Ali,,Abdalla Ali,,,,male,1964-01-01,,,Abdalla Ali,Abdalla Ali,,,,,,,,,,,,,,,,,,,,,,,,,,,,,,,,,,,,,,,,,,,,,,,,,,,,,,,,,,,,,,,,,,,,,,,,,,,,,,,,
Q5018837,Harrison Mwakyembe,Harrison Mwakyembe,,,Harrison Mwakyembe,Harrison Mwakyembe,Harrison Mwakyembe,Harrison George Mwakyembe,Harrison George Mwakyembe,Harrison George Mwakyembe,,,Harrison Mwakyembe,Harrison Mwakyembe,,Harrison Mwakyembe,,,,male,1955-12-10,,Harrison,Harrison Mwakyembe,,Harrison George Mwakyembe,,,Harrison George Mwakyembe,,,,,,,,,,,,,,,,,,,,,,,,,,,Harrison Mwakyembe,,,,,,,,,,,,,,,,,,,,,,,,,,,,,,,,,,,,,,,,,,,,,,,,,
Q16106024,David Mwakyusa,David Mwakyusa,,,,David Mwakyusa,,,,,,,,David Mwakyusa,,David Mwakyusa,,,,male,1942-11-09,,David,David Mwakyusa,,,,,,https://upload.wikimedia.org/wikipedia/commons/8/8e/David_Mwakyusa.jpg,,,,,,,,,,,,,,,,,,,,,,,,,,,,,,,,,,,,,,,,,,,,,,,,,,,,,,,,,,,,,,,,,,,,,,,,,,,
Q16732939,Assumpter Mshama,Assumpter Mshama,Assumpter Mshama,,,Assumpter Mshama,,,,,,,,Assumpter Mshama,,Assumpter Mshama,,,,female,,,,Assumpter Mshama,Assumpter Mshama,,,,,,,,,,,,,,,,,,,,,,,,,,,,,,,,,,,,,,,,,,,,,,,,,,,,,,,,,,,,,,,,,,,,,,,,,,,,,,,,
Q16732704,John Mnyika,John Mnyika,John Mnyika,,,John Mnyika,,,,,,,,John Mnyika,,John Mnyika,,,,male,,,John,John Mnyika,,,,,,,,,,,,,,,,,,,,,,,,,,,,,,,,,,,,,,,,,,,,,,,,,,,,,,,,,,,,,,,,,,,,,,,,,,,,,,,,,
Q7609916,Stephen Masele,Stephen Masele,Stephen Masele,,Stephen Masele,Stephen Masele,,,,,,,Stephen Masele,Stephen Masele,,Stephen Masele,,,,male,1979-10-01,,Stephen,Stephen Masele,Stephen Masele,,,,,,,,,,,,,,,,,,,,,,,,,,,,,,,,,,,,,,,,,,,,,,,,,,,,,,,,,,,,,,,,,,,,,,,,,,,,,,,,
Q14925565,Hamad Rashid Mohamed,Hamad Rashid Mohamed,Hamad Rashid Mohamed,,,Hamad Rashid Mohamed,,,,,,,,Hamad Rashid Mohamed,,Hamad Rashid Mohamed,,,,male,1950-03-01,,,Hamad Rashid Mohamed,,Hamad Rashid Mohamed,,,Hamad Rashid Mohamed,,,,,,,,,,,,,,,,,,,,,,,,,,,,,,,,,,,,,,,,,,,,,,,,,,,,,,,,,,,,,,,,,,,,,,,,,,,,
Q16197097,Shanif Mansoor,Shanif Mansoor,Shanif Mansoor,,,Shanif Mansoor,,,,,,,,Shanif Mansoor,,Shanif Mansoor,,,,male,1967-05-05,,,Shanif Mansoor,Shanif Mansoor,,,,,,,,,,,,,,,,,,,,,,,,,,,,,,,,,,,,,,,,,,,,,,,,,,,,,,,,,,,,,,,,,,,,,,,,,,,,,,,,
Q16215889,Godbless Lema,Godbless Lema,Godbless Lema,,,Godbless Lema,,,,,,,,Godbless Lema,,Godbless Lema,,,,male,1976-10-26,,,Godbless Lema,Godbless Lema,,,,,,,,,,,,,,,,,,,,,,,,,,,,,,,,,,,,,,,,,,,,,,,,,,,,,,,,,,,,,,,,,,,,,,,,,,,,,,,,
Q16189390,Donald Max,Donald Max,Donald Max,,,Donald Max,,,,,,Donald Max,,Donald Max,,Donald Max,,,,male,1957-05-22,2015-06-23,Donald,Donald Max,,,,,,,,,,,,,,,,,,,,,,,,,,,,,,,,,,,,,,,,,,,,,,,,,,,,,,,,,,,,,,,,,,,,,,,,,,,,,,,,,
Q13122556,Ahmed Salum,Ahmed Salum,Ahmed Salum,,,Ahmed Salum,,,,,,,,Ahmed Salum,,Ahmed Salum,,,,male,1966-06-28,,Ahmed,Ahmed Salum,,Ahmed Ally Salum,,,Ahmed Ally Salum,,,,,,,,,,,,,,,,,,,,,,,,,,,,,,,,,,,,,,,,,,,,,,,,,,,,,,,,,,,,,,,,,,,,,,,,,,,,
Q16196389,Agripina Buyogera,Agripina Buyogera,Agripina Buyogera,,,Agripina Buyogera,,,,,,,,Agripina Buyogera,,Agripina Buyogera,,,,female,1966-08-16,,Agripina,Agripina Buyogera,,,,,,,,,,,,,,,,,,,,,,,,,,,,,,,,,,,,,,,,,,,,,,,,,,,,,,,,,,,,,,,,,,,,,,,,,,,,,,,,,
Q6761791,Mariam Reuben Kasembe,Mariam Reuben Kasembe,Mariam Reuben Kasembe,,,Mariam Kasembe,Mariam Reuben Kasembe,Mariam Reuben Kasembe,Mariam Reuben Kasembe,Mariam Reuben Kasembe,,,,Mariam Reuben Kasembe,,Mariam Kasembe,,,,female,1957-08-26,,Mariam,Mariam Kasembe,,Mariam Reuben Kasembe,,,Mariam Reuben Kasembe,,,,,,,,,,,,,,,,,,,,,,,,,,,,,,,,,,,,,,,,,,,,,,,,,,,,,,,,,,,,,,,,,,,,,,,,,,,,
Q16195370,Salim Turky,Salim Turky,,,,Salim Turky,,,,,,,,Salim Turky,,Salim Turky,,,,male,1963-02-11,,Salim,Salim Turky,,,,,,,,,,,,,,,,,,,,,,,,,,,,,,,,,,,,,,,,,,,,,,,,,,,,,,,,,,,,,,,,,,,,,,,,,,,,,,,,,
Q16194239,Rashid Omar,Rashid Omar,Rashid Omar,,,Rashid Omar,,,,,,,,Rashid Omar,,Rashid Omar,,,,male,1961-01-13,,Rashid,Rashid Omar,Rashid Omar,,,,,,,,,,,,,,,,,,,,,,,,,,,,,,,,,,,,,,,,,,,,,,,,,,,,,,,,,,,,,,,,,,,,,,,,,,,,,,,,
Q16195210,Mahmoud Mgimwa,Mahmoud Mgimwa,Mahmoud Mgimwa,,,Mahmoud Mgimwa,,,,,,,,Mahmoud Mgimwa,,Mahmoud Mgimwa,,,,male,1963-03-13,,Mahmoud,Mahmoud Mgimwa,,,,,,,,,,,,,,,,,,,,,,,,,,,,,,,,,,,,,,,,,,,,,,,,,,,,,,,,,,,,,,,,,,,,,,,,,,,,,,,,,
Q16187151,Aliko Kibona,Aliko Kibona,Aliko Kibona,,,Aliko Kibona,,,,,,,,Aliko Kibona,,Aliko Kibona,,,,male,1956-05-16,,,Aliko Kibona,,,,,,https://upload.wikimedia.org/wikipedia/commons/1/13/Aliko_Kibona.JPG,,,,,,,,,,,,,,,,,,,,,,,,,,,,,,,,,,,,,,,,,,,,,,,,,,,,,,,,,,,,,,,,,,,,,,,,,,,
Q16875220,Jason Rweikiza,Jason Rweikiza,Jason Rweikiza,,,Jason Rweikiza,,,,,,,,Jason Rweikiza,,Jason Rweikiza,,,,male,,,Jason,Jason Rweikiza,,,,,,,,,,,,,,,,,,,,,,,,,,,,,,,,,,,,,,,,,,,,,,,,,,,,,,,,,,,,,,,,,,,,,,,,,,,,,,,,,
Q16186796,Mohamed Mnyaa,Mohamed Mnyaa,Mohamed Mnyaa,,,Mohamed Mnyaa,,,,,,,,Mohamed Mnyaa,,Mohamed Mnyaa,,,,male,1955-12-02,,Mohamed,Mohamed Mnyaa,,,,,,,,,,,,,,,,,,,,,,,,,,,,,,,,,,,,,,,,,,,,,,,,,,,,,,,,,,,,,,,,,,,,,,,,,,,,,,,,,
Q16214108,Juma Nkamia,Juma Nkamia,Juma Nkamia,,,Juma Nkamia,,,,,,,,Juma Nkamia,,Juma Nkamia,,,,male,1972-01-01,,Juma,Juma Nkamia,,,,,,,,,,,,,,,,,,,,,,,,,,,,,,,,,,,,,,,,,,,,,,,,,,,,,,,,,,,,,,,,,,,,,,,,,,,,,,,,,
Q16194369,Charles Tizeba,Charles Tizeba,Charles Tizeba,,,Charles Tizeba,,,,,,,,Charles Tizeba,,Charles Tizeba,,,,male,1961-07-01,,Charles,Charles Tizeba,Charles Tizeba,,,,,,,,,,,,,,,,,,,,,,,,,,,,,,,,,,,,,,,,,,,,,,,,,,,,,,,,,,,,,,,,,,,,,,,,,,,,,,,,
Q16189334,Titus Kamani,Titus Kamani,Titus Kamani,,,Titus Kamani,,,,,,,,Titus Kamani,,Titus Kamani,,,,male,1957-11-14,,Titus,Titus Kamani,,,,,,,,,,,,,,,,,,,,,,,,,,,,,,,,,,,,,,,,,,,,,,,,,,,,,,,,,,,,,,,,,,,,,,,,,,,,,,,,,
Q16194322,Joseph Selasini Shao,Joseph Selasini Shao,Joseph Selasini Shao,,,Joseph Selasini Shao,,,,,,,,Joseph Selasini Shao,,Joseph Selasini Shao,,,,male,1961-04-06,,Joseph,Joseph Selasini Shao,,,,,,,,,,,,,,,,,,,,,,,,,,,,,,,,,,,,,,,,,,,,,,,,,,,,,,,,,,,,,,,,,,,,,,,,,,,,,,,,,
Q4768588,Anne Makinda,Anne Makinda,Anne Makinda,,,Anne Makinda,Anna Makinda,Anna Makinda,Anna Makinda,Anna Makinda,,,,Anne Makinda,,Anne Makinda,,,,female,1949-07-26,,Anne,Anne Makinda,,Anna Makinda,,,Anna Makinda,https://upload.wikimedia.org/wikipedia/commons/5/58/Anne_Makinda.jpg,,,,,,,,,,,,,,,,,,,,,,,,,,,,,,,,,,,,,,,,,,,,,,,,,,,,,,,,,,,,,,,http://www.annemakinda.com,Category:Anne Makinda,,,,,,,,,,,
Q11153384,Zitto Kabwe,Zitto Kabwe,Zitto Kabwe,,Zitto Kabwe,Zitto Kabwe,Kabwe Zuberi Zitto,,,,,,Zitto Kabwe,Zitto Kabwe,,Zitto Kabwe,,,,male,1976-09-24,,,Zitto Kabwe,,Kabwe Zuberi Zitto,,,Kabwe Zuberi Zitto,https://upload.wikimedia.org/wikipedia/commons/4/49/Zitto_Kabwe_2011.jpg,,,,,,,,,,,,,,,,,,,,,,,,,,Kabwe Zuberi Zitto,,,,,,,,,,,,,,,,,,,,,,,,,,,,,,,,,,,,zittokabwe,http://zittokabwe.wordpress.com/,,,,,,,,,,,,
Q16106360,Nimrod Mkono,Nimrod Mkono,Nimrod Mkono,,,Nimrod Mkono,,,,,,,,Nimrod Mkono,,Nimrod Mkono,,,,male,1943-08-18,,,Nimrod Mkono,,,,,,https://upload.wikimedia.org/wikipedia/commons/4/44/Nimrod_Mkono.jpg,,,,,,,,,,,,,,,,,,,,,,,,,,,,,,,,,,,,,,,,,,,,,,,,,,,,,,,,,,,,,,,,,,,,,,,,,,,
Q16213460,Lolesia Bukwimba,Lolesia Bukwimba,Lolesia Bukwimba,,,Lolesia Bukwimba,,,,,,,,Lolesia Bukwimba,,Lolesia Bukwimba,,,,male,1971-02-24,,,Lolesia Bukwimba,,,,,,,,,,,,,,,,,,,,,,,,,,,,,,,,,,,,,,,,,,,,,,,,,,,,,,,,,,,,,,,,,,,,,,,,,,,,,,,,,
Q5018704,Hussein Mwinyi,Hussein Mwinyi,Hussein Mwinyi,,Hussein Mwinyi,Hussein Mwinyi,Hussein Ali Mwinyi,Hussein Ali Mwinyi,Hussein Ali Mwinyi,Hussein Ali Mwinyi,,,Hussein Mwinyi,Hussein Mwinyi,Hussein Mwinyi,Hussein Mwinyi,,,,male,1966-12-23,,Hussein,Hussein Mwinyi,,Hussein Ali Mwinyi,,,Hussein Ali Mwinyi,https://upload.wikimedia.org/wikipedia/commons/3/3a/Hussein_Mwinyi.jpg,,,,,,,,,,,,,,,,,,,,,,,,,,,,,,,,,,,,,,,,,,,,,,,,,,,,,,,,,,,,,,,,,,,,,,,,,,,
Q16223448,David Silinde,David Silinde,David Silinde,,,David Silinde,,,,,,,,David Silinde,,David Silinde,,,,male,1984-07-28,,David,David Silinde,David Silinde,,,,,,,,,,,,,,,,,,,,,,,,,,,,,,,,,,,,,,,,,,,,,,,,,,,,,,,,,,,,,,,,,,,,,,,,,,,,,,,,
Q57693,Mizengo Pinda,Mizengo Pinda,Mizengo Pinda,"Пинда, Мизенго",Mizengo Pinda,Mizengo Pinda,Mizengo Pinda,Mizengo Kayanza Peter Pinda,Mizengo Kayanza Peter Pinda,Mizengo Pinda,米增戈·平达,,Mizengo Pinda,Mizengo Pinda,Mizengo Pinda,Mizengo Pinda,Mizengo Pinda,"Пинда, Мизенго",米增戈·平达,male,1948-08-12,,,Mizengo Pinda,Mizengo Pinda,Mizengo Kayanza Peter Pinda,,,Mizengo Kayanza Peter Pinda,"https://upload.wikimedia.org/wikipedia/commons/f/ff/Mizengo_Pinda,_Prime_Minister_of_Tanzania.jpg",,,Mizengo Pinda,Mizengo Pinda,Mizengo Pinda,Mizengo Pinda,Mizengo Pinda,Mizengo Pinda,Mizengo Pinda,ミゼンゴ・ピンダ,Μιζένγκο Πίντα,Mizengo Pinda,Mizengo Pinda,Мизенго Пинда,Mizengo Pinda,미젱고 핀다,Mizengo Pinda,Μιζένγκο Πίντα,Mizengo Pinda,Mizengo Pinda,Mizengo Pinda,Mizengo Pinda,Mizengo Pinda,ミゼンゴ・ピンダ,미젱고 핀다,Mizengo Pinda,Mizengo Pinda,Mizengo Pinda,Mizengo Pinda,Мизенго Пинда,Mizengo Pinda,Mizengo Pinda,Mizengo Pinda,/m/03nnyr6,,,,,,,,,,,,,,,,,,,,,,,,,,,,,,,,,,,,,,,,Mizengo Pinda,
Q16195227,Israel Natse,Israel Natse,Israel Natse,,,Israel Natse,,,,,,,,Israel Natse,,Israel Natse,,,,male,1963-12-28,,Israel,Israel Natse,Israel Natse,,,,,,,,,,,,,,,,,,,,,,,,,,,,,,,,,,,,,,,,,,,,,,,,,,,,,,,,,,,,,,,,,,,,,,,,,,,,,,,,
Q16107053,Mohamed Missanga,Mohamed Missanga,Mohamed Missanga,,,Mohamed Missanga,,,,,,,,Mohamed Missanga,,Mohamed Missanga,,,,male,1945-03-15,,Mohamed,Mohamed Missanga,Mohamed Missanga,,,,,,,,,,,,,,,,,,,,,,,,,,,,,,,,,,,,,,,,,,,,,,,,,,,,,,,,,,,,,,,,,,,,,,,,,,,,,,,,
Q16214447,Aeshi Hilaly,Aeshi Hilaly,Aeshi Hilaly,,,Aeshi Hilaly,,,,,,,,Aeshi Hilaly,,Aeshi Hilaly,,,,male,1973-12-12,,,Aeshi Hilaly,,,,,,,,,,,,,,,,,,,,,,,,,,,,,,,,,,,,,,,,,,,,,,,,,,,,,,,,,,,,,,,,,,,,,,,,,,,,,,,,,
Q16187247,Benedict Ole-Nangoro,Benedict Ole-Nangoro,,,,Benedict Ole-Nangoro,,,,,,,,Benedict Ole-Nangoro,,Benedict Ole-Nangoro,,,,male,1956-07-17,,Benedict,Benedict Ole-Nangoro,Benedict Ole-Nangoro,,,,,https://upload.wikimedia.org/wikipedia/commons/4/41/Benedict_Ole_Nangoro.jpg,,,,,,,,,,,,,,,,,,,,,,,,,,,,,,,,,,,,,,,,,,,,,,,,,,,,,,,,,,,,,,,,,,,,,,,,,,,
Q16189332,Dalaly Kafumu,Dalaly Kafumu,Dalaly Kafumu,,,Dalaly Kafumu,,,,,,,,Dalaly Kafumu,,Dalaly Kafumu,,,,male,1957-08-04,,,Dalaly Kafumu,,,,,,https://upload.wikimedia.org/wikipedia/commons/c/c0/Dalaly_Kafumu.jpg,,,,,,,,,,,,,,,,,,,,,,,,,,,,,,,,,,,,,,,,,,,,,,,,,,,,,,,,,,,,,,,,,,,,,,,,,,,
Q16146299,Mbarouk Ali,Mbarouk Ali,Mbarouk Ali,,,Mbarouk Ali,,,,,,,,Mbarouk Ali,,Mbarouk Ali,,,,male,1962-06-20,,,Mbarouk Ali,,,,,,,,,,,,,,,,,,,,,,,,,,,,,,,,,,,,,,,,,,,,,,,,,,,,,,,,,,,,,,,,,,,,,,,,,,,,,,,,,
Q16145576,Luckson Mwanjale,Luckson Mwanjale,Luckson Mwanjale,,,Luckson Mwanjale,,,,,,,,Luckson Mwanjale,,Luckson Mwanjale,,,,male,1950-01-03,,,Luckson Mwanjale,,,,,,,,,,,,,,,,,,,,,,,,,,,,,,,,,,,,,,,,,,,,,,,,,,,,,,,,,,,,,,,,,,,,,,,,,,,,,,,,,
Q5553143,Gerson Lwenge,Gerson Lwenge,Gerson Lwenge,,Gerson Lwenge,Gerson Lwenge,,,,,,,Gerson Lwenge,Gerson Lwenge,,Gerson Lwenge,,,,male,1951-02-20,,,Gerson Lwenge,,,,,,,,,,,,,,,,,,,,,,,,,,,,,,,,,,,,,,,,,,,,,,,,,,,,,,,,,,,,,,,,,,,,,,,,,,,,,,,,,
Q1612942,January Makamba,January Makamba,January Makamba,,January Makamba,January Makamba,January Makamba,January Makamba,January Makamba,January Makamba,,,January Makamba,January Makamba,,January Makamba,,,,male,1974-01-28,,January,January Makamba,,January Makamba,,,January Makamba,https://upload.wikimedia.org/wikipedia/commons/d/d8/January_Makamba_2012.jpg,,,,,,,,,,,,,,,,,,,,,,,,,,,,,,,,,,,,,,,,,,,,,,,,,,,,,,,,,,,,,,JMakamba,http://www.januarymakamba.com,,,,,,,,,,,,
Q16193265,Mussa Hassan Mussa,Mussa Hassan Mussa,Mussa Hassan Mussa,,,Mussa Hassan Mussa,,,,,,,,Mussa Hassan Mussa,,Mussa Hassan Mussa,,,,male,1959-02-11,,,Mussa Hassan Mussa,Mussa Hassan Mussa,,,,,,,,,,,,,,,,,,,,,,,,,,,,,,,,,,,,,,,,,,,,,,,,,,,,,,,,,,,,,,,,,,,,,,,,,,,,,,,,
Q4664665,Abdallah Kigoda,Abdallah Kigoda,Abdallah Kigoda,,Abdallah Kigoda,Abdallah Kigoda,Abdallah Omar Kigoda,Abdallah Omar Kigoda,Abdallah Omar Kigoda,Abdallah Omar Kigoda,阿卜杜拉·基戈達,Abdallah Kigoda,Abdallah Kigoda,Abdallah Kigoda,,Abdallah Kigoda,,,,male,1953-11-25,2015-10-12,Abdullah,Abdallah Kigoda,,Abdallah Omar Kigoda,,,Abdallah Kigoda,https://upload.wikimedia.org/wikipedia/commons/e/e7/Abdallah_Kigoda.jpg,,,,,,,,,,,,,,,,,,,,,,,,,,,,,,,,,,,,,,,,,,,0000 0000 4323 828X,26589885,nb2007000971,,,,Abdallah Kigoda,,,,,,,,Abdallah Kigoda,,,,,,,,,,,,,,Abdallah Kigoda,,,,
Q16214437,Hamad Masauni,Hamad Masauni,Hamad Masauni,,,Hamad Masauni,,,,,,,,Hamad Masauni,,Hamad Masauni,,,,male,1973-10-03,,,Hamad Masauni,Hamad Masauni,,,,,,,,,,,,,,,,,,,,,,,,,,,,,,,,,,,,,,,,,,,,,,,,,,,,,,,,,,,,,,,,,,,,,,,,,,,,,,,,
Q16207202,Jitu Soni,Jitu Soni,Jitu Soni,,,Jitu Soni,,,,,,,,Jitu Soni,,Jitu Soni,,,,male,1969-07-02,,,Jitu Soni,,,,,,,,,,,,,,,,,,,,,,,,,,,,,,,,,,,,,,,,,,,,,,,,,,,,,,,,,,,,,,,,,,,,,,,,,,,,,,,,,
Q16194217,Mtutura A. Mtutura,Mtutura A. Mtutura,,,,Mtutura A. Mtutura,,,,,,,,Mtutura A. Mtutura,,Mtutura A. Mtutura,,,,male,1961-05-06,,,Mtutura A. Mtutura,,,,,,,,,,,,,,,,,,,,,,,,,,,,,,,,,,,,,,,,,,,,,,,,,,,,,,,,,,,,,,,,,,,,,,,,,,,,,,,,,
Q16122590,Haji Sereweji,Haji Sereweji,Haji Sereweji,,,Haji Sereweji,,,,,,,,Haji Sereweji,,Haji Sereweji,,,,male,1948-02-05,,,Haji Sereweji,,Haji Juma Sereweji,,,Haji Juma Sereweji,,,,,,,,,,,,,,,,,,,,,,,,,,,,,,,,,,,,,,,,,,,,,,,,,,,,,,,,,,,,,,,,,,,,,,,,,,,,
Q16214078,Osmund Mbilinyi,Osmund Mbilinyi,Osmund Mbilinyi,,,Osmund Mbilinyi,,,,,,,,Osmund Mbilinyi,,Osmund Mbilinyi,,,,male,1972-05-01,,Osmund,Osmund Mbilinyi,,,,,,,,,,,,,,,,,,,,,,,,,,,,,,,,,,,,,,,,,,,,,,,,,,,,,,,,,,,,,,,,,,,,,,,,,,,,,,,,,
Q8046924,Yahya Kassim Issa,Yahya Kassim Issa,Yahya Kassim Issa,,,Yahya Kassim Issa,Yahya Kassim Issa,Yahya Kassim Issa,Yahya Kassim Issa,Yahya Kassim Issa,,,,Yahya Kassim Issa,,Yahya Kassim Issa,,,,male,1950-09-25,,Yahya,Yahya Kassim Issa,,Yahya Kassim Issa,,,Yahya Kassim Issa,,,,,,,,,,,,,,,,,,,,,,,,,,,,,,,,,,,,,,,,,,,,,,,,,,,,,,,,,,,,,,,,,,,,,,,,,,,,
Q16215870,Highness Kiwia,Highness Kiwia,Highness Kiwia,,,Highness Kiwia,,,,,,,,Highness Kiwia,,Highness Kiwia,,,,male,1976-10-08,,,Highness Kiwia,,,,,,,,,,,,,,,,,,,,,,,,,,,,,,,,,,,,,,,,,,,,,,,,,,,,,,,,,,,,,,,,,,,,,,,,,,,,,,,,,
Q6932973,Muhammed Seif Khatib,Muhammed Seif Khatib,Muhammed Seif Khatib,,Muhammed Seif Khatib,Muhammed Seif Khatib,Muhammed Seif Khatib,Muhammed Seif Khatib,Muhammed Seif Khatib,Muhammed Seif Khatib,,,Muhammed Seif Khatib,Muhammed Seif Khatib,,Muhammed Seif Khatib,,,,male,1951-01-10,,,Muhammed Seif Khatib,,Muhammed Seif Khatib,,,Muhammed Seif Khatib,,,,,,,,,,,,,,,,,,,,,,,,,,,,,,,,,,,,,,,,,,,,,21279114,,097576239,,,,,,,,,,,,,,,,,,,,,,,,,,,,,
Q16107056,Peter Msolla,Peter Msolla,Peter Msolla,,,Peter Msolla,,,,,,,,Peter Msolla,,Peter Msolla,,,,male,1945-11-06,,Peter,Peter Msolla,Peter Msolla,,,,,,,,,,,,,,,,,,,,,,,,,,,,,,,,,,,,,,,,,,,,,,,,,,,,,,,,,,,,,,,,,,,,,,,,,,,,,,,,
Q16213631,Amos Makalla,Amos Makalla,Amos Makalla,,,Amos Makalla,,,,,,,,Amos Makalla,,Amos Makalla,,,,male,1971-09-16,,Amos,Amos Makalla,,,,,,,,,,,,,,,,,,,,,,,,,,,,,,,,,,,,,,,,,,,,,,,,,,,,,,,,,,,,,,,,,,,,,,,,,,,,,,,,,
Q16214187,Peter Serukamba,Peter Serukamba,Peter Serukamba,,,Peter Serukamba,,,,,,,,Peter Serukamba,,Peter Serukamba,,,,male,1972-06-06,,Peter,Peter Serukamba,,,,,,,,,,,,,,,,,,,,,,,,,,,,,,,,,,,,,,,,,,,,,,,,,,,,,,,,,,,,,,,,,,,,,,,,,,,,,,,,,
Q4845816,Gosbert Begumisa Blandes,Gosbert Begumisa Blandes,Gosbert Begumisa Blandes,,,Gosbert Begumisa Blandes,Gosbert Begumisa Blandes,Gosbert Begumisa Blandes,Gosbert Begumisa Blandes,Gosbert Begumisa Blandes,,,,Gosbert Begumisa Blandes,,Gosbert Blandes,,,,male,1963-02-18,,,Gosbert Blandes,,Gosbert Begumisa Blandes,,,Gosbert Begumisa Blandes,,,,,,,,,,,,,,,,Gosbert Begumisa Blandes,,,,,,,,,,,,,Gosbert Begumisa Blandes,,,,,,,,,,,,,,,,,,,,,,,,,,,,,,,,,,,,,,,,,,,,,,,
Q16215452,Mwigulu Nchemba,Mwigulu Nchemba,Mwigulu Nchemba,,,Mwigulu Nchemba,,,,,,,,Mwigulu Nchemba,,Mwigulu Nchemba,,,,male,1975-01-07,,,Mwigulu Nchemba,,,,,,https://upload.wikimedia.org/wikipedia/commons/4/49/Mwigulu_Nchemba.jpg,,,,,,,,,,,,,,,,,,,,,,,,,,,,,,,,,,,,,,,,,,,,,,,,,,,,,,,,,,,,,,,,,,,,,,,,,,,
Q16145843,Mustapha Akunaay,Mustapha Akunaay,Mustapha Akunaay,,,Mustapha Akunaay,,,,,,,,Mustapha Akunaay,,Mustapha Akunaay,,,,male,1952-08-15,,Mustapha,Mustapha Akunaay,,,,,,,,,,,,,,,,,,,,,,,,,,,,,,,,,,,,,,,,,,,,,,,,,,,,,,,,,,,,,,,,,,,,,,,,,,,,,,,,,
Q5506397,Milton Mahanga,Milton Mahanga,Milton Mahanga,,Milton Mahanga,Milton Mahanga,Milton Makongoro Mahanga,Milton Makongoro Mahanga,Milton Makongoro Mahanga,Milton Makongoro Mahanga,,,Milton Mahanga,Milton Mahanga,,Milton Mahanga,,,,male,1955-04-03,,Milton,Milton Mahanga,,Milton Makongoro Mahanga,,,Milton Makongoro Mahanga,,Milton Mahanga,Milton Mahanga,,,,,,,,,,,,,,,,,,,,,,,,,,,,,,,,,,,,,,,,,,,,,,,,,,,,,,,,,,,,,,,,,,,,,,,,,
Q16199090,Ahmed Shabiby,Ahmed Shabiby,Ahmed Shabiby,,,Ahmed Shabiby,,,,,,,,Ahmed Shabiby,,Ahmed Shabiby,,,,male,1967-09-14,,Ahmed,Ahmed Shabiby,,,,,,,,,,,,,,,,,,,,,,,,,,,,,,,,,,,,,,,,,,,,,,,,,,,,,,,,,,,,,,,,,,,,,,,,,,,,,,,,,
Q16145336,Juma Ali,Juma Ali,Juma Ali,,,Juma Ali,,,,,,,,Juma Ali,,Juma Ali,,,,male,1950-03-10,,Juma,Juma Ali,,,,,,,,,,,,,,,,,,,,,,,,,,,,,,,,,,,,,,,,,,,,,,,,,,,,,,,,,,,,,,,,,,,,,,,,,,,,,,,,,
Q7563912,Sospeter Muhongo,Sospeter Muhongo,Sospeter Muhongo,,Sospeter Muhongo,Sospeter Muhongo,,,,,,,Sospeter Muhongo,Sospeter Muhongo,,Sospeter Muhongo,,,,male,1954-06-25,,,Sospeter Muhongo,Sospeter Muhongo,,,,,https://upload.wikimedia.org/wikipedia/commons/0/05/Sospeter_Muhongo_IAEA.png,,,,,,,,,,,,,,,,,,,,,,,,,,,,,,,,,,,,,,,,,,,,,,,,,,,,,,,,,,,,,,,,,,,,,,,,,,,
Q13122607,Beatrice Shellukindo,Beatrice Shellukindo,Beatrice Shellukindo,,Beatrice Shellukindo,Beatrice Shellukindo,,,,,,,Beatrice Shellukindo,Beatrice Shellukindo,,Beatrice Shellukindo,,,,female,1958-08-22,,Beatrice,Beatrice Shellukindo,,Beatrice Matumbo Shellukindo,,,Beatrice Matumbo Shellukindo,,,,,,,,,,,,,,,,,,,,,,,,,,,,,,,,,,,,,,,,,,,,,,,,,,,,,,,,,,,,,,,,,,,,,,,,,,,,
Q14791534,Hassan Ngwilizi,Hassan Ngwilizi,Hassan Ngwilizi,,Hassan Ngwilizi,Hassan Ngwilizi,,,,,,,Hassan Ngwilizi,Hassan Ngwilizi,,Hassan Ngwilizi,,,,male,1944-04-01,,Hassan,Hassan Ngwilizi,,Hassan Athumani Ngwilizi,,,Hassan Athumani Ngwilizi,,,,,,,,,,,,,,,,,,,,,,,,,,,,,,,,,,,,,,,,,,,,,,,,,,,,,,,,,,,,,,,,,,,,,,,,,,,,
Q8014785,William Lukuvi,William Lukuvi,William Lukuvi,,William Lukuvi,William Lukuvi,William Vangimembe Lukuvi,William Vangimembe Lukuvi,William Vangimembe Lukuvi,William Vangimembe Lukuvi,,,William Lukuvi,William Lukuvi,,William Lukuvi,,,,male,1955-08-15,,William,William Lukuvi,,William Vangimembe Lukuvi,,,William Lukuvi,https://upload.wikimedia.org/wikipedia/commons/c/c2/William_Lukuvi_cropped.png,,,,,,,,,,,,,,,,,,,,,,,,,,,,,,,,,,,,,,,,,,,,,,,,,,,,,,,,,,,,,,,,,,,,,,,,,,,
Q16221074,Saidi Mtanda,Saidi Mtanda,Saidi Mtanda,,,Saidi Mtanda,,,,,,,,Saidi Mtanda,,Saidi Mtanda,,,,male,1980-09-19,,,Saidi Mtanda,Saidi Mtanda,,,,,,,,,,,,,,,,,,,,,,,,,,,,,,,,,,,,,,,,,,,,,,,,,,,,,,,,,,,,,,,,,,,,,,,,,,,,,,,,
Q16215031,Vincent Nyerere,Vincent Nyerere,Vincent Nyerere,,,Vincent Nyerere,,,,,,,,Vincent Nyerere,,Vincent Nyerere,,,,male,1974-10-18,,Vincent,Vincent Nyerere,,,,,,,,,,,,,,,,,,,,,,,,,,,,,,,,,,,,,,,,,,,,,,,,,,,,,,,,,,,,,,,,,,,,,,,,,,,,,,,,,
Q16196351,Selemani Zedi,Selemani Zedi,Selemani Zedi,,,Selemani Zedi,,,,,,,,Selemani Zedi,,Selemani Zedi,,,,,1965-10-28,,,Selemani Zedi,Selemani Zedi,,,,,,,,,,,,,,,,,,,,,,,,,,,,,,,,,,,,,,,,,,,,,,,,,,,,,,,,,,,,,,,,,,,,,,,,,,,,,,,,
Q5237213,David Mathayo David,David Mathayo David,David Mathayo David,,David Mathayo David,David Mathayo David,David Mathayo David,David Mathayo David,David Mathayo David,David Mathayo David,,,David Mathayo David,David Mathayo David,,David Mathayo David,,,,male,1969-07-24,,David,David Mathayo David,,David Mathayo David,,,David Mathayo David,,,,,,,,,,,,,,,,,,,,,,,,,,,,,,,,,,,,,,,,,,,,,,,,,,,,,,,,,,,,,,,,,,,,,,,,,,,,
Q16187237,Stephen Ngonyani,Stephen Ngonyani,Stephen Ngonyani,,,Stephen Ngonyani,,,,,,,,Stephen Ngonyani,,Stephen Ngonyani,,,,male,1956-05-25,,Stephen,Stephen Ngonyani,,,,,,,,,,,,,,,,,,,,,,,,,,,,,,,,,,,,,,,,,,,,,,,,,,,,,,,,,,,,,,,,,,,,,,,,,,,,,,,,,
Q6737420,Majaliwa K. Majaliwa,Majaliwa K. Majaliwa,Kassim Majaliwa,,Majaliwa K. Majaliwa,Kassim Majaliwa,Majaliwa K. Majaliwa,Majaliwa K. Majaliwa,Majaliwa K. Majaliwa,Majaliwa K. Majaliwa,卡西姆·馬嘉尼華,,Majaliwa K. Majaliwa,Majaliwa K. Majaliwa,Kassim Majaliwa,Kassim Majaliwa,Kassim Majaliwa,,卡西姆·馬嘉尼華,male,1960-12-22,,,Majaliwa K. Majaliwa,,Majaliwa K. Majaliwa,,,Kassim Majaliwa,https://upload.wikimedia.org/wikipedia/commons/4/4f/Kassim_Majaliwa.jpg,,,Kassim Majaliwa,,,,,Kassim Majaliwa,,カシム・マジャリワ,,,,,,,,,Kassim Majaliwa,Kassim Majaliwa,,,,,,,Kassim Majaliwa,,,,,,,,,,,,,,,,,,,,,,,,,,,,,,,,,,,,,,,,,,,,,,,,
Q5607187,Gregory Teu,Gregory Teu,Gregory Teu,,,Gregory Teu,,,,,,,,Gregory Teu,,Gregory Teu,,,,male,1951-02-03,,Gregory,Gregory Teu,,,,,,,,,,,,,,,,,,,,,,,,,,,,,,,,,,,,,,,,,,,,,,,,,,,,,,,,,,,,,,,,,,,,,,,,,,,,,,,,,
Q16207710,Said Zubeir,Said Zubeir,Said Zubeir,,,Said Zubeir,,,,,,,,Said Zubeir,,Said Zubeir,,,,male,1969-06-25,,Said,Said Zubeir,Said Zubeir,,,,,,,,,,,,,,,,,,,,,,,,,,,,,,,,,,,,,,,,,,,,,,,,,,,,,,,,,,,,,,,,,,,,,,,,,,,,,,,,
Q16214062,Livingstone Lusinde,Livingstone Lusinde,Livingstone Lusinde,,,Livingstone Lusinde,,,,,,,,Livingstone Lusinde,,Livingstone Lusinde,,,,male,1972-03-04,,,Livingstone Lusinde,Livingstone Lusinde,,,,,,,,,,,,,,,,,,,,,,,,,,,,,,,,,,,,,,,,,,,,,,,,,,,,,,,,,,,,,,,,,,,,,,,,,,,,,,,,
Q5987776,Idd Mohamed Azzan,Idd Mohamed Azzan,Idd Mohamed Azzan,,,Idd Azzan,Idd Mohamed Azzan,Idd Mohamed Azzan,Idd Mohamed Azzan,Idd Mohamed Azzan,,,,Idd Mohamed Azzan,,Idd Azzan,,,,male,1965-07-08,,,Idd Azzan,,Idd Mohamed Azzan,,,Idd Mohamed Azzan,,,,,,,,,,,,,,,,,,,,,,,,,,,,,,,,,,,,,,,,,,,,,,,,,,,,,,,,,,,,,,,,,,,,,,,,,,,,
Q14949085,Omari Nundu,Omari Nundu,Omari Nundu,,Omari Nundu,Omari Nundu,,,,,,,Omari Nundu,Omari Nundu,,Omari Nundu,,,,male,1948-08-06,,Omari,Omari Nundu,Omari Nundu,,,,,,,,,,,,,,,,,,,,,,,,,,,,,,,,,,,,,,,,,,,,,,,,,,,,,,,,,,,,,,,,,,,,,,,,,,,,,,,,
Q16196179,Yusuph Nassir,Yusuph Nassir,Yusuph Nassir,,,Yusuph Nassir,,,,,,,,Yusuph Nassir,,Yusuph Nassir,,,,male,1965-04-25,,,Yusuph Nassir,,,,,,,,,,,,,,,,,,,,,,,,,,,,,,,,,,,,,,,,,,,,,,,,,,,,,,,,,,,,,,,,,,,,,,,,,,,,,,,,,
Q4985246,Celina Kombani,Celina Kombani,Celina Kombani,,Celina Kombani,Celina Kombani,Celina Ompeshi Kombani,Celina Ompeshi Kombani,Celina Ompeshi Kombani,Celina Ompeshi Kombani,,Celina Kombani,Celina Kombani,Celina Kombani,,Celina Kombani,,,,female,1959-06-19,2015-09-24,Celina,Celina Kombani,,Celina Ompeshi Kombani,,,Celina Ompeshi Kombani,,,,,,,,,,,,,Celina Kombani,,,Celina Kombani,,,,Celina Kombani,,,,,,,,,,,,,,,,,,,,,,,,,,,,,,,,,,,,,,,,,,,,,,,,,,,,,,,,
Q16213952,Deo Filikunjombe,Deo Filikunjombe,Deo Filikunjombe,,,Deo Filikunjombe,,,,,,Deo Filikunjombe,,Deo Filikunjombe,,Deo Filikunjombe,,,,male,1972-03-04,2015-10-16,,Deo Filikunjombe,,,,,,,,,,,,,,,,,,,,,,,,,,,,,,,,,,,,,,,,,,,,,,,,,,,,,,,,,,,,,,,,,,,,,,,,,,,,,,,,,
Q16217470,Halima Mdee,Halima Mdee,Halima Mdee,,,Halima Mdee,,,,,,,,Halima Mdee,,Halima Mdee,,,,female,1978-03-18,,,Halima Mdee,,Halima James Mdee,,,Halima James Mdee,,,,,,,,,,,,,,,,,,,,,,,,,,,,,,,,,,,,,,,,,,,,,,,,,,,,,,,,,,,,,,,,,,,,,,,,,,,,
Q16193194,Modestus Kilufi,Modestus Kilufi,Modestus Kilufi,,,Modestus Kilufi,,,,,,,,Modestus Kilufi,,Modestus Kilufi,,,,male,1959-03-11,,Modestus,Modestus Kilufi,,,,,,,,,,,,,,,,,,,,,,,,,,,,,,,,,,,,,,,,,,,,,,,,,,,,,,,,,,,,,,,,,,,,,,,,,,,,,,,,,
Q16195214,Rajab Mohammed,Rajab Mohammed,Rajab Mohammed,,,Rajab Mohammed,,,,,,,,Rajab Mohammed,,Rajab Mohammed,,,,male,1963-11-02,,,Rajab Mohammed,,,,,,,,,,,,,,,,,,,,,,,,,,,,,,,,,,,,,,,,,,,,,,,,,,,,,,,,,,,,,,,,,,,,,,,,,,,,,,,,,
Q16019654,Saidi Bwanamdogo,Saidi Bwanamdogo,Saidi Bwanamdogo,,,Saidi Bwanamdogo,,,,,,Saidi Bwanamdogo,,Saidi Bwanamdogo,,Saidi Bwanamdogo,,,,male,1968-12-15,2014-01-22,,Saidi Bwanamdogo,,,,,,,,,,,,,,,,,,,,,,,,,,,,,,,,,,,,,,,,,,,,,,,,,,,,,,,,,,,,,,,,,,,,,,,,,,,,,,,,,
Q5018715,Christopher Chiza,Christopher Chiza,Christopher Chiza,,Christopher Chiza,Christopher Chiza,Christopher Kajoro Chiza,Christopher Kajoro Chiza,Christopher Kajoro Chiza,Christopher Kajoro Chiza,,,Christopher Chiza,Christopher Chiza,,Christopher Chiza,,,,male,1953-04-13,,Christopher,Christopher Chiza,,Christopher Kajoro Chiza,,,Christopher Kajoro Chiza,https://upload.wikimedia.org/wikipedia/commons/a/a5/Christopher_Chiza.png,,,,,,,,,,,,,,,,,,,,,,,,,,,,,,,,,,,,,,,,,,,,,,,,,,,,,,,,,,,,,,,,,Christopher Chiza,Christopher Chiza,,,,,,,,,
Q16731918,Murtaza Mangungu,Murtaza Mangungu,Murtaza Mangungu,,,Murtaza Mangungu,,,,,,,,Murtaza Mangungu,,Murtaza Mangungu,,,,male,1959-09-29,,,Murtaza Mangungu,Murtaza Mangungu,,,,,,,,,,,,,,,,,,,,,,,,,,,,,,,,,,,,,,,,,,,,,,,,,,,,,,,,,,,,,,,,,,,,,,,,,,,,,,,,
Q6225954,John Chiligati,John Chiligati,John Chiligati,,,John Chiligati,John Zefania Chiligati,John Zefania Chiligati,John Zefania Chiligati,John Zefania Chiligati,,,,John Chiligati,,John Chiligati,,,,male,1950-10-14,,John,John Chiligati,,John Zefania Chiligati,,,John Zefania Chiligati,,,,,,,,,,,,,,,,,,,,,,,,,,,,,,,,,,,,,,,,,,,,,,,,,,,,,,,,,,,,,,,,,,,,,,,,,,,,
Q16107505,Henry Shekifu,Henry Shekifu,Henry Shekifu,,,Henry Shekifu,,,,,,,,Henry Shekifu,,Henry Shekifu,,,,male,1946-06-16,,Henry,Henry Shekifu,,,,,,,,,,,,,,,,,,,,,,,,,,,,,,,,,,,,,,,,,,,,,,,,,,,,,,,,,,,,,,,,,,,,,,,,,,,,,,,,,
Q16136742,John Lwanji,John Lwanji,John Lwanji,,,John Lwanji,,,,,,,,John Lwanji,,John Lwanji,,,,male,1949-03-01,,John,John Lwanji,,,,,,,,,,,,,,,,,,,,,,,,,,,,,,,,,,,,,,,,,,,,,,,,,,,,,,,,,,,,,,,,,,,,,,,,,,,,,,,,,
Q5506432,Binilith Mahenge,Binilith Mahenge,Binilith Mahenge,,Binilith Mahenge,Binilith Mahenge,Binilith Satano Mahenge,Binilith Satano Mahenge,Binilith Satano Mahenge,Binilith Satano Mahenge,,,Binilith Mahenge,Binilith Mahenge,,Binilith Mahenge,,,,male,1962-04-01,,,Binilith Mahenge,,Binilith Satano Mahenge,,,Binilith Satano Mahenge,,Binilith Mahenge,Binilith Mahenge,,,,,,,,,,,,,,,,,,,,,,,,,,,,,,,,,,,,,,,,,,,,,,,,,,,,,,,,,,,,,,,,,,,,,,,,,
Q16215437,Luhaga Mpina,Luhaga Mpina,Luhaga Mpina,,,Luhaga Mpina,,,,,,,,Luhaga Mpina,,Luhaga Mpina,,,,male,1975-05-05,,,Luhaga Mpina,Luhaga Mpina,,,,,,,,,,,,,,,,,,,,,,,,,,,,,,,,,,,,,,,,,,,,,,,,,,,,,,,,,,,,,,,,,,,,,,,,,,,,,,,,
Q7936701,Vita Rashid Kawawa,Vita Rashid Kawawa,Vita Rashid Kawawa,,,Vita Kawawa,Vita Rashid Kawawa,Vita Rashid Kawawa,Vita Rashid Kawawa,Vita Rashid Kawawa,,,,Vita Rashid Kawawa,,Vita Kawawa,,,,male,1964-01-20,,Vita,Vita Kawawa,,Vita Rashid Kawawa,,,Vita Rashid Kawawa,,,,,,,,,,,,,,,,,,,,,,,,,,,,,,,,,,,,,,,,,,,,,,,,,,,,,,,,,,,,,,,,,,,,,,,,,,,,
Q4985236,George Mkuchika,George Mkuchika,George Mkuchika,,George Mkuchika,George Mkuchika,George Huruma Mkuchika,George Huruma Mkuchika,George Huruma Mkuchika,George Huruma Mkuchika,,,George Mkuchika,George Mkuchika,,George Mkuchika,,,,male,1948-10-06,,George,George Mkuchika,,George Huruma Mkuchika,,,George Huruma Mkuchika,,,,,,,,,,,,,,,,,,,,,,,,,,,,,,,,,,,,,,,,,,,,,,,,,,,,,,,,,,,,,,,,,,,,,,,,,,,,
Q5018747,Emmanuel Nchimbi,Emmanuel Nchimbi,Emmanuel Nchimbi,,Emmanuel Nchimbi,Emmanuel Nchimbi,Emmanuel Nchimbi,Emmanuel John Nchimbi,Emmanuel John Nchimbi,Emmanuel John Nchimbi,,,Emmanuel Nchimbi,Emmanuel Nchimbi,,Emmanuel Nchimbi,,,,male,1971-12-24,,Emmanuel,Emmanuel Nchimbi,,Emmanuel John Nchimbi,,,Emmanuel John Nchimbi,,,,,,,,,,,,,,,,,,,,,,,,,,,Emmanuel Nchimbi,,,,,,,,,,,,,,,,,,,,,,,,,,,,,,,,,,,,,,,,,,,,,,,,,
Q7167820,Pereira Silima,Pereira Silima,Pereira Silima,,Pereira Silima,Pereira Silima,,,,,,,Pereira Silima,Pereira Silima,,Pereira Silima,,,,male,1959-03-14,,,Pereira Silima,Pereira Silima,,,,,,,,,,,,,,,,,,,,,,,,,,,,,,,,,,,,,,,,,,,,,,,,,,,,,,,,,,,,,,,,,,,,,,,,,,,,,,,,
Q16733506,Albert Ntabaliba,Albert Ntabaliba,Albert Ntabaliba,,,Albert Ntabaliba,,,,,,,,Albert Ntabaliba,,Albert Ntabaliba,,,,male,,,Albert,Albert Ntabaliba,Albert Ntabaliba,,,,,,,,,,,,,,,,,,,,,,,,,,,,,,,,,,,,,,,,,,,,,,,,,,,,,,,,,,,,,,,,,,,,,,,,,,,,,,,,
Q5414313,Eustace Osler Katagira,Eustace Osler Katagira,Eustace Osler Katagira,,,Eustace Katagira,Eustace Osler Katagira,Eustace Osler Katagira,Eustace Osler Katagira,Eustace Osler Katagira,,,,Eustace Osler Katagira,,Eustace Katagira,,,,male,1948-07-14,,Eustace,Eustace Katagira,,Eustace Osler Katagira,,,Eustace Osler Katagira,,,,,,,,,,,,,,,,,,,,,,,,,,,,,,,,,,,,,,,,,,,,,,,,,,,,,,,,,,,,,,,,,,,,,,,,,,,,
Q16145876,Rashid Abdallah,Rashid Abdallah,Rashid Abdallah,,,Rashid Abdallah,,,,,,,,Rashid Abdallah,,Rashid Abdallah,,,,male,1959-12-02,,Rashid,Rashid Abdallah,Rashid Abdallah,,,,,,,,,,,,,,,,,,,,,,,,,,,,,,,,,,,,,,,,,,,,,,,,,,,,,,,,,,,,,,,,,,,,,,,,,,,,,,,,
Q16195008,Amina Clement,Amina Clement,Amina Clement,,,Amina Clement,,,,,,,,Amina Clement,,Amina Clement,,,,female,1963-03-03,,Amina,Amina Clement,Amina Clement,,,,,,,,,,,,,,,,,,,,,,,,,,,,,,,,,,,,,,,,,,,,,,,,,,,,,,,,,,,,,,,,,,,,,,,,,,,,,,,,
Q16186325,John Komba,John Komba,John Komba,,,John Komba,John Komba,,,,,John Komba,,John Komba,,John Komba,John Komba,,,male,1954-03-18,2015-02-28,John,John Komba,,John Damiano Komba,,,John Damiano Komba,,,,,,,,,,,,,,,,,,,,,,,,,,,,,,,,,,,,,,,,,,,,,,,,,,,,,,,,,,,,,,,,,,,,,,,,,,,,
Q16145353,Sylvester Kasulumbayi,Sylvester Kasulumbayi,Sylvester Kasulumbayi,,,Sylvester Kasulumbayi,,,,,,,,Sylvester Kasulumbayi,,Sylvester Kasulumbayi,,,,male,1950-01-01,,Sylvester,Sylvester Kasulumbayi,,,,,,,,,,,,,,,,,,,,,,,,,,,,,,,,,,,,,,,,,,,,,,,,,,,,,,,,,,,,,,,,,,,,,,,,,,,,,,,,,
Q16196584,Augustino Masele,Augustino Masele,Augustino Masele,,,Augustino Masele,,,,,,,,Augustino Masele,,Augustino Masele,,,,male,1966-06-15,,,Augustino Masele,Augustino Masele,,,,,,,,,,,,,,,,,,,,,,,,,,,,,,,,,,,,,,,,,,,,,,,,,,,,,,,,,,,,,,,,,,,,,,,,,,,,,,,,
Q4985242,Mary Nagu,Mary Nagu,Mary Nagu,,Mary Nagu,Mary Nagu,Mary Nagu,Mary Nagu,Mary Nagu,Mary Nagu,,,Mary Nagu,Mary Nagu,,Mary Nagu,,,,female,1952-05-11,,Mary,Mary Nagu,,Mary Nagu,,,Mary Nagu,https://upload.wikimedia.org/wikipedia/commons/4/4d/Mary_Nagu.jpg,,,,,,,,,,,,,,,,,,,,,,,,,,,,,,,,,,,,,,,,,,,,,,,,,,,,,,,,,,,,,,,,,,,,,,,,,,,
Q16196527,Juma Sururu Juma,Juma Sururu Juma,Juma Sururu Juma,,,Juma Sururu Juma,,,,,,,,Juma Sururu Juma,,Juma Sururu Juma,,,,male,1966-03-01,,Juma,Juma Sururu Juma,,,,,,,,,,,,,,,,,,,,,,,,,,,,,,,,,,,,,,,,,,,,,,,,,,,,,,,,,,,,,,,,,,,,,,,,,,,,,,,,,
Q5527603,Gaudence Cassian Kayombo,Gaudence Cassian Kayombo,Gaudence Cassian Kayombo,,,Gaudence Kayombo,Gaudence Cassian Kayombo,Gaudence Cassian Kayombo,Gaudence Cassian Kayombo,Gaudence Cassian Kayombo,,,,Gaudence Cassian Kayombo,,Gaudence Kayombo,,,,male,1955-07-25,,,Gaudence Kayombo,,Gaudence Cassian Kayombo,,,Gaudence Cassian Kayombo,,,,,,,,,,,,,,,,,,,,,,,,,,,,,,,,,,,,,,,,,,,,,,,,,,,,,,,,,,,,,,,,,,,,,,,,,,,,
Q5734667,Herbert James Mntangi,Herbert James Mntangi,Herbert James Mntangi,,Herbert James Mntangi,Herbert Mntangi,Herbert James Mntangi,Herbert James Mntangi,Herbert James Mntangi,Herbert James Mntangi,,,Herbert James Mntangi,Herbert James Mntangi,,Herbert Mntangi,,,,male,1950-10-16,,Herbert,Herbert Mntangi,,Herbert James Mntangi,,,Herbert James Mntangi,,,,,,,,,,,,,,,,,,,,,,,,,,,,,,,,,,,,,,,,,,,,,,,,,,,,,,,,,,,,,,,,,,,,,,,,,,,,
Q16187295,Deo Sanga,Deo Sanga,Deo Sanga,,,Deo Sanga,,,,,,,,Deo Sanga,,Deo Sanga,,,,male,1956-01-01,,,Deo Sanga,Deo Sanga,,,,,,,,,,,,,,,,,,,,,,,,,,,,,,,,,,,,,,,,,,,,,,,,,,,,,,,,,,,,,,,,,,,,,,,,,,,,,,,,
Q16218849,Suleiman M. Suleiman,Suleiman M. Suleiman,,,,Suleiman M. Suleiman,,,,,,,,Suleiman M. Suleiman,,Suleiman M. Suleiman,,,,male,1979-04-23,,,Suleiman M. Suleiman,,,,,,,,,,,,,,,,,,,,,,,,,,,,,,,,,,,,,,,,,,,,,,,,,,,,,,,,,,,,,,,,,,,,,,,,,,,,,,,,,
Q16193750,Desderius Mipata,Desderius Mipata,Desderius Mipata,,,Desderius Mipata,,,,,,,,Desderius Mipata,,Desderius Mipata,,,,male,1960-08-11,,,Desderius Mipata,Desderius Mipata,,,,,,,,,,,,,,,,,,,,,,,,,,,,,,,,,,,,,,,,,,,,,,,,,,,,,,,,,,,,,,,,,,,,,,,,,,,,,,,,
Q7369953,Rostam Aziz,Rostam Aziz,Rostam Aziz,,,Rostam Aziz,Rostam Abdulrasul Aziz,Rostam Abdulrasul Aziz,Rostam Abdulrasul Aziz,Rostam Abdulrasul Aziz,,,,Rostam Aziz,,Rostam Aziz,,,,male,1960-08-21,,,Rostam Aziz,,Rostam Abdulrasul Aziz,,,Rostam Abdulrasul Aziz,,,,,,,,,,,,,,,,,,,,,,,,,,,,,,,,,,,,,,,,,,,,,,,,,,,,,,,,,,,,,,,mrrostamaziz,,,,,,,,,,,,,104798994835307412150
Q13122985,Khamis Kagasheki,Khamis Kagasheki,Khamis Kagasheki,,Khamis Kagasheki,Khamis Kagasheki,,,,,,,Khamis Kagasheki,Khamis Kagasheki,,Khamis Kagasheki,,,,male,1951-08-30,,Khamis,Khamis Kagasheki,,Hamis Suedi Kagasheki,,,Hamis Suedi Kagasheki,,,,,,,,,,,,,,,,,,,,,,,,,,,,,,,,,,,,,,,,,,,,,,,,,,,,,,,,,,,,,,,,,,,,,,,,,,,,
Q16145530,Zabein Mhita,Zabein Mhita,Zabein Mhita,,,Zabein Mhita,,,,,,,,Zabein Mhita,,Zabein Mhita,,,,female,1950-09-09,,,Zabein Mhita,Zabein Mhita,Zubain Muhaji Mhita,,,Zubain Muhaji Mhita,,,,,,,,,,,,,,,,,,,,,,,,,,,,,,,,,,,,,,,,,,,,,,,,,,,,,,,,,,,,,,,,,,,,,,,,,,,,
Q16733084,Charles Mwijage,Charles Mwijage,Charles Mwijage,,,Charles Mwijage,,,,,,,,Charles Mwijage,,Charles Mwijage,,,,male,,,Charles,Charles Mwijage,,,,,,,,,,,,,,,,,,,,,,,,,,,,,,,,,,,,,,,,,,,,,,,,,,,,,,,,,,,,,,,,,,,,,,,,,,,,,,,,,
