id,name,sort_name,party,area,photo,email,facebook,twitter,term,source
51MP1021,Nick Smith,"Smith, Nick",National Party,Nelson,http://www.parliament.nz//resource/en-NZ/51MP1021/fcb9ffbd560f18b37c7273eaee51180d07eeb160,nick.smith@parliament.govt.nz,https://www.facebook.com/nicksmithmp ,"",51,http://www.parliament.nz/en-nz/?document=51MP1021
51MP1021,Hon Dr Nick Smith,"Smith, Nick",National Party,Tasman,https://www.parliament.nz/media/1380/smith-nick.C240Ww.jpg,nick.smith@parliament.govt.nz,https://www.facebook.com/nicksmithmp ,"",51,https://www.parliament.nz/en/mps-and-electorates/members-of-parliament/document/51MP1021/smith-nick
51MP1151,Maurice Willamson,"Williamson, Maurice",National Party,Pakuranga,http://www.parliament.nz//resource/en-NZ/51MP1151/cf323458f535490b529d9a3b86d0554cac76f0e8,Maurice.Williamson@parliament.govt.nz,"",https://twitter.com/williamson_nz,51,http://www.parliament.nz/en-nz/?document=51MP1151
51MP1151,Hon Maurice Williamson,"Williamson, Maurice",National Party,Pakuranga,https://www.parliament.nz/media/1392/williamson-maurice2.C1kn2Q.jpg,Maurice.Williamson@parliament.govt.nz,"",https://twitter.com/williamson_nz,51,https://www.parliament.nz/en/mps-and-electorates/members-of-parliament/document/51MP1151/williamson-maurice
51MP141,Gerry Brownlee,"Brownlee, Gerry",National Party,Ilam,http://www.parliament.nz//resource/en-NZ/51MP141/f1cd4b9bcc2aea7b73fddacec05289e4214c111c,gerry.brownlee@parliament.govt.nz,https://www.facebook.com/gerrybrownleemp,"",51,http://www.parliament.nz/en-nz/?document=51MP141
51MP141,Hon Gerry Brownlee,"Brownlee, Gerry",National Party,Ilam,https://www.parliament.nz/media/1271/brownlee-gerry3.C1fwxA.jpg,gerry.brownlee@parliament.govt.nz,https://www.facebook.com/gerrybrownleemp,"",51,https://www.parliament.nz/en/mps-and-electorates/members-of-parliament/document/51MP141/brownlee-gerry
51MP1591,Clayton Cosgrove,"Cosgrove, Clayton",Labour Party,List,http://www.parliament.nz//resource/en-NZ/51MP1591/b2f53e2cad5ef0a6b86efefca8e652213387c6c3,clayton.cosgrove@parliament.govt.nz,https://www.facebook.com/claytoncosgrovemp ,"",51,http://www.parliament.nz/en-nz/?document=51MP1591
51MP1591,Hon Clayton Cosgrove,"Cosgrove, Clayton",Labour Party,Waimakariri,https://www.parliament.nz/media/1277/cosgrove-clayton3.C1fwxA.jpg,clayton.cosgrove@parliament.govt.nz,https://www.facebook.com/claytoncosgrovemp ,"",51,https://www.parliament.nz/en/mps-and-electorates/members-of-parliament/document/51MP1591/cosgrove-clayton
51MP1601,David Cunliffe,"Cunliffe, David",Labour Party,New Lynn,http://www.parliament.nz//resource/en-NZ/51MP1601/9db09c15a538f973dda80ff0b042dac9d4839daf,david.cunliffe@parliament.govt.nz,https://www.facebook.com/david.cunliffe.labour ,https://twitter.com/DavidCunliffeMP,51,http://www.parliament.nz/en-nz/?document=51MP1601
51MP1601,Hon David Cunliffe,"Cunliffe, David",Labour Party,Titirangi,https://www.parliament.nz/media/1278/cunliffe-david3.C1fwxA.jpg,david.cunliffe@parliament.govt.nz,https://www.facebook.com/david.cunliffe.labour ,https://twitter.com/DavidCunliffeMP,51,https://www.parliament.nz/en/mps-and-electorates/members-of-parliament/document/51MP1601/cunliffe-david
51MP171,David Carter,"Carter, David",National Party,List,http://www.parliament.nz//resource/en-NZ/51MP171/db22b007b9fcca16766082c28a1e919e0946961b,david.carter@parliament.govt.nz,https://www.facebook.com/DavidCarterMP,https://twitter.com/DavidCarterMP,51,http://www.parliament.nz/en-nz/?document=51MP171
51MP171,Rt Hon David Carter,"Carter, David",National Party,Selwyn,https://www.parliament.nz/media/1273/carter-david3.C1fwxA.jpg,david.carter@parliament.govt.nz,https://www.facebook.com/DavidCarterMP,https://twitter.com/DavidCarterMP,51,https://www.parliament.nz/en/mps-and-electorates/members-of-parliament/document/51MP171/carter-david
51MP1801,Lindsay Tisch,"Tisch, Lindsay",National Party,Karapiro,https://www.parliament.nz/media/1387/tisch-lindsay.C24bjA.jpg,lindsay.tisch@parliament.govt.nz,"","",51,https://www.parliament.nz/en/mps-and-electorates/members-of-parliament/document/51MP1801/tisch-lindsay
51MP1811,Hon Anne Tolley,"Tolley, Anne",National Party,List,https://www.parliament.nz/media/1400/tolley-anne.C24btw.jpg,anne.tolley@parliament.govt.nz,https://www.facebook.com/honannetolley,https://twitter.com/AnneTolleyMP,51,https://www.parliament.nz/en/mps-and-electorates/members-of-parliament/document/51MP1811/tolley-anne
51MP2021,Judith Collins,"Collins, Judith",National Party,Papakura,http://www.parliament.nz//resource/en-NZ/51MP2021/7024cc9341f45d0c6f7835a66e0066af867635ad,judith.collins@parliament.govt.nz,https://www.facebook.com/judithcollinsmp,https://twitter.com/judithcollinsmp,51,http://www.parliament.nz/en-nz/?document=51MP2021
51MP2021,Hon Judith Collins,"Collins, Judith",National Party,Clevedon,https://www.parliament.nz/media/1276/collins-judith3.C1fwxA.jpg,judith.collins@parliament.govt.nz,https://www.facebook.com/judithcollinsmp,https://twitter.com/judithcollinsmp,51,https://www.parliament.nz/en/mps-and-electorates/members-of-parliament/document/51MP2021/collins-judith
51MP2111,John Key,"Key, John",National Party,Helensville,http://www.parliament.nz//resource/en-NZ/51MP2111/95af79f8990af6590ef1548aeb61c0aac2c9029a,john.key@parliament.govt.nz,https://www.facebook.com/pmjohnkey,https://twitter.com/johnkeypm,51,http://www.parliament.nz/en-nz/?document=51MP2111
51MP2111,Rt Hon John Key,"Key, John",National Party,Helensville,https://www.parliament.nz/media/2003/key-john.C2pLGA.jpg,john.key@parliament.govt.nz,https://www.facebook.com/pmjohnkey,https://twitter.com/johnkeypm,51,https://www.parliament.nz/en/mps-and-electorates/members-of-parliament/document/51MP2111/key-john
51MP2141,Pita Paraone,"Paraone, Pita",NZ First, List,https://www.parliament.nz/media/1361/paraone-pita.C25Q3Q.jpg,pita.paraone@parliament.govt.nz,https://www.facebook.com/pita.paraone ,https://twitter.com/nz_first,51,https://www.parliament.nz/en/mps-and-electorates/members-of-parliament/document/51MP2141/paraone-pita
51MP2151,David Parker,"Parker, David",Labour Party,List,http://www.parliament.nz//resource/en-NZ/51MP2151/8edae9ce0c1ebc874cdfa1d0b7ed95d6a1bd9165,david.parker@parliament.govt.nz,"",https://twitter.com/DavidParkerMP ,51,http://www.parliament.nz/en-nz/?document=51MP2151
51MP2151,Hon David Parker,"Parker, David",Labour Party,Otago,https://www.parliament.nz/media/1362/parker-david.C1kn1Q.jpg,david.parker@parliament.govt.nz,"",https://twitter.com/DavidParkerMP ,51,https://www.parliament.nz/en/mps-and-electorates/members-of-parliament/document/51MP2151/parker-david
51MP2211,Barbara Stewart,"Stewart, Barbara",NZ First,List,https://www.parliament.nz/media/1382/stewart-barbara.C24bTA.jpg,barbara.stewart@parliament.govt.nz,https://www.facebook.com/barbarastewartmp,"",51,https://www.parliament.nz/en/mps-and-electorates/members-of-parliament/document/51MP2211/stewart-barbara
51MP2221,Metiria Turei,"Turei, Metiria",Green Party,List,https://www.parliament.nz/media/1386/turei-metiria2.C1kn2A.jpg,metiria.turei@parliament.govt.nz,https://www.facebook.com/metiria ,https://twitter.com/metiria ,51,https://www.parliament.nz/en/mps-and-electorates/members-of-parliament/document/51MP2221/turei-metiria
51MP2321,Jo Goodhew,"Goodhew, Jo",National Party,Rangitata,http://www.parliament.nz//resource/en-NZ/51MP2321/970c07d949b511cbff2954a602385858f4ee43d1,jo.goodhew@parliament.govt.nz,https://www.facebook.com/pages/Jo-Goodhew/317621700194,https://twitter.com/JoGoodhewMP,51,http://www.parliament.nz/en-nz/?document=51MP2321
51MP2321,Hon Jo Goodhew,"Goodhew, Jo",National Party,Aoraki,https://www.parliament.nz/media/1301/goodhew-jo5.C1fwxg.jpg,jo.goodhew@parliament.govt.nz,https://www.facebook.com/pages/Jo-Goodhew/317621700194,https://twitter.com/JoGoodhewMP,51,https://www.parliament.nz/en/mps-and-electorates/members-of-parliament/document/51MP2321/goodhew-jo
51MP2331,David Bennett,"Bennett, David",National Party,Hamilton East,https://www.parliament.nz/media/1262/bennett-david3.C1fwww.jpg,david.bennett@parliament.govt.nz,https://www.facebook.com/david.bennettmp,https://twitter.com/davidbennettmp,51,https://www.parliament.nz/en/mps-and-electorates/members-of-parliament/document/51MP2331/bennett-david
51MP2361,Jonathan Coleman,"Coleman, Jonathan",National Party,Northcote,http://www.parliament.nz//resource/en-NZ/51MP2361/0a3ca9b51a35bbdecc4cd32dd59c38d8b18179e6,jonathan.coleman@parliament.govt.nz,https://www.facebook.com/jonathan.coleman.56,https://twitter.com/jcolemanmp,51,http://www.parliament.nz/en-nz/?document=51MP2361
51MP2361,Hon Dr Jonathan Coleman,"Coleman, Jonathan",National Party,Northcote,https://www.parliament.nz/media/1275/coleman-jonathan3.C1fwxA.jpg,jonathan.coleman@parliament.govt.nz,https://www.facebook.com/jonathan.coleman.56,https://twitter.com/jcolemanmp,51,https://www.parliament.nz/en/mps-and-electorates/members-of-parliament/document/51MP2361/coleman-jonathan
51MP2371,Jacqui Dean,"Dean, Jacqui",National Party,Otago,https://www.parliament.nz/media/2060/dean-jacqui.C2zKYw.jpg,jacqui.dean@parliament.govt.nz,https://www.facebook.com/JacquiDeanMP,https://twitter.com/JacquiDeanMP,51,https://www.parliament.nz/en/mps-and-electorates/members-of-parliament/document/51MP2371/dean-jacqui
51MP2401,Craig Foss,"Foss, Craig",National Party,Tukituki,http://www.parliament.nz//resource/en-NZ/51MP2401/46985a14a72d35c1ea7807f002f3db5b8d0bcc96,craig.foss@parliament.govt.nz,https://www.facebook.com/craig.foss,https://twitter.com/CraigFossMP,51,http://www.parliament.nz/en-nz/?document=51MP2401
51MP2401,Hon Craig Foss,"Foss, Craig",National Party,Tukituki,https://www.parliament.nz/media/1291/foss-craig5.C1fwxQ.jpg,craig.foss@parliament.govt.nz,https://www.facebook.com/craig.foss,https://twitter.com/CraigFossMP,51,https://www.parliament.nz/en/mps-and-electorates/members-of-parliament/document/51MP2401/foss-craig
51MP2421,Hon Chester Borrows,"Borrows, Chester",National Party,Whanganui,https://www.parliament.nz/media/1269/borrows-chester3.C1fwww.jpg,chester.borrows@parliament.govt.nz,https://www.facebook.com/chesterborrows,https://twitter.com/ChesterBorrows,51,https://www.parliament.nz/en/mps-and-electorates/members-of-parliament/document/51MP2421/borrows-chester
51MP2451,Te Ururoa Flavell,"Flavell, Te Ururoa",Maori Party,Waiariki,http://www.parliament.nz//resource/en-NZ/51MP2451/dd94183cd8b8566b8562c0bec81078e06088923b,teururoa.flavell@parliament.govt.nz,https://www.facebook.com/TeUruroa,https://twitter.com/TeUruroaFlavell,51,http://www.parliament.nz/en-nz/?document=51MP2451
51MP2451,Hon Te Ururoa Flavell,"Flavell, Te Ururoa",Māori Party,Member for Waiariki,https://www.parliament.nz/media/1290/flavell-teururoa5.C1fwxQ.jpg,teururoa.flavell@parliament.govt.nz,https://www.facebook.com/TeUruroa,https://twitter.com/TeUruroaFlavell,51,https://www.parliament.nz/en/mps-and-electorates/members-of-parliament/document/51MP2451/flavell-te-ururoa
51MP2481,Sue Moroney,"Moroney, Sue",Labour Party,List,https://www.parliament.nz/media/1349/moroney-sue.C1kn1A.jpg,sue.moroney@parliament.govt.nz,https://www.facebook.com/suemoroney,https://twitter.com/suemoroney,51,https://www.parliament.nz/en/mps-and-electorates/members-of-parliament/document/51MP2481/moroney-sue
51MP2511,Paula Bennett,"Bennett,  Paula",National Party,Upper Harbour,http://www.parliament.nz//resource/en-NZ/51MP2511/e18a13320bfa731fc57e80e367a327873fc8cfb6,paula.bennett@parliament.govt.nz,https://www.facebook.com/paulabennettmp,https://twitter.com/paulabennettmp,51,http://www.parliament.nz/en-nz/?document=51MP2511
51MP2511,Hon Paula Bennett,"Bennett,  Paula",National Party,List,https://www.parliament.nz/media/1263/bennett-paula3.C1fwww.jpg,paula.bennett@parliament.govt.nz,https://www.facebook.com/paulabennettmp,https://twitter.com/paulabennettmp,51,https://www.parliament.nz/en/mps-and-electorates/members-of-parliament/document/51MP2511/bennett-paula
51MP2541,Hon Christopher Finlayson,"Finlayson, Christopher",National Party,List,https://www.parliament.nz/media/1288/finlayson-chris5.C1fwxQ.jpg,christopher.finlayson@parliament.govt.nz,https://www.facebook.com/CFFinlayson,https://twitter.com/chrisfinlayson,51,https://www.parliament.nz/en/mps-and-electorates/members-of-parliament/document/51MP2541/finlayson-christopher
51MP2551,Tim Groser,"Groser, Tim",National Party,List,http://www.parliament.nz//resource/en-NZ/51MP2551/5361defedff57c7ac486dc1e5285642f4f5dc8a1,tim.groser@parliament.govt.nz,"","",51,http://www.parliament.nz/en-nz/?document=51MP2551
51MP2561,Nathan Guy,"Guy, Nathan",National Party,Ōtaki,http://www.parliament.nz//resource/en-NZ/51MP2561/08112839f9c15e97187096800766dcba983ac500,nathan.guy@parliament.govt.nz,https://www.facebook.com/nathanguy4otaki,https://twitter.com/NathanGuyOtaki ,51,http://www.parliament.nz/en-nz/?document=51MP2561
51MP2561,Hon Nathan Guy,"Guy, Nathan",National Party,List,https://www.parliament.nz/media/1300/guy-nathan5.C1fwxg.jpg,nathan.guy@parliament.govt.nz,https://www.facebook.com/nathanguy4otaki,https://twitter.com/NathanGuyOtaki ,51,https://www.parliament.nz/en/mps-and-electorates/members-of-parliament/document/51MP2561/guy-nathan
51MP2571,Nicky Wagner,"Wagner, Nicky",National Party,Christchurch Central,http://www.parliament.nz//resource/en-NZ/51MP2571/e8afec62a611016cb9d21574bfdb88717167b088,nicky.wagner@parliament.govt.nz,https://www.facebook.com/nickywagnermp,https://twitter.com/nickywagner,51,http://www.parliament.nz/en-nz/?document=51MP2571
51MP2571,Hon Nicky Wagner,"Wagner, Nicky",National Party,List,https://www.parliament.nz/media/1390/wagner-nicky.C24itA.jpg,nicky.wagner@parliament.govt.nz,https://www.facebook.com/nickywagnermp,https://twitter.com/nickywagner,51,https://www.parliament.nz/en/mps-and-electorates/members-of-parliament/document/51MP2571/wagner-nicky
51MP2651,Louisa Wall,"Wall, Louisa",Labour Party,List,https://www.parliament.nz/media/1391/wall-louisa2.C1kn2Q.jpg,louisa.wall@parliament.govt.nz,https://www.facebook.com/louisawall.labourmanurewa ,"",51,https://www.parliament.nz/en/mps-and-electorates/members-of-parliament/document/51MP2651/wall-louisa
51MP2661,Su’a William Sio,"Sio, Su'a William",Labour Party,List,https://www.parliament.nz/media/1378/sio-sua-william.C1kn1w.jpg,sua.william.sio@parliament.govt.nz,https://www.facebook.com/suawilliamsio,https://twitter.com/swsio_mp,51,https://www.parliament.nz/en/mps-and-electorates/members-of-parliament/document/51MP2661/sio-sua-william
51MP2671,Russel Norman,"Norman, Russel",Green Party,List,http://www.parliament.nz//resource/en-NZ/51MP2671/4da697bc00e9d38dc4f42157f95e3a7857f89884,russel.norman@parliament.govt.nz,https://www.facebook.com/russelnorman ,https://twitter.com/russelnorman,51,http://www.parliament.nz/en-nz/?document=51MP2671
51MP2681,Steven Joyce,"Joyce, Steven",National Party,List,http://www.parliament.nz//resource/en-NZ/51MP2681/c840cfb091fee252594e337682b491dd72062140,Steven.Joyce@parliament.govt.nz,https://www.facebook.com/HonStevenJoyce,https://twitter.com/stevenljoyce,51,http://www.parliament.nz/en-nz/?document=51MP2681
51MP2681,Hon Steven Joyce,"Joyce, Steven",National Party,List ,https://www.parliament.nz/media/1329/joyce-steven.C24x9Q.jpg,Steven.Joyce@parliament.govt.nz,https://www.facebook.com/HonStevenJoyce,https://twitter.com/stevenljoyce,51,https://www.parliament.nz/en/mps-and-electorates/members-of-parliament/document/51MP2681/joyce-steven
51MP2691,Amy Adams,"Adams, Amy",National Party,Selwyn,http://www.parliament.nz//resource/en-NZ/51MP2691/8d74d2eea65eb0fb505ed47999c6ce2127ec8556,amy.adams@parliament.govt.nz,https://www.facebook.com/MPAmyAdams ,https://twitter.com/amyadamsMP ,51,http://www.parliament.nz/en-nz/?document=51MP2691
51MP2691,Hon Amy Adams,"Adams, Amy",National Party,Selwyn,https://www.parliament.nz/media/2061/adams-amy.C2zLkg.jpg,amy.adams@parliament.govt.nz,https://www.facebook.com/MPAmyAdams ,https://twitter.com/amyadamsMP ,51,https://www.parliament.nz/en/mps-and-electorates/members-of-parliament/document/51MP2691/adams-amy
51MP2701,Simon Bridges,"Bridges, Simon",National Party,Tauranga,http://www.parliament.nz//resource/en-NZ/51MP2701/6e112630d3c8bcf15f2d0dcf63eb6b1b4e965fc2,simon.bridges@parliament.govt.nz,https://www.facebook.com/Simon.Bridges.MP,https://twitter.com/simonjbridges,51,http://www.parliament.nz/en-nz/?document=51MP2701
51MP2701,Hon Simon Bridges,"Bridges, Simon",National Party,Tauranga,https://www.parliament.nz/media/2058/bridges-simon.C2zCWw.jpg,simon.bridges@parliament.govt.nz,https://www.facebook.com/Simon.Bridges.MP,https://twitter.com/simonjbridges,51,https://www.parliament.nz/en/mps-and-electorates/members-of-parliament/document/51MP2701/bridges-simon
51MP271,Peter Dunne,"Dunne, Peter",United Future,Ōhāriu,http://www.parliament.nz//resource/en-NZ/51MP271/ac6e795d45cd1de313e02964b510b04e76067d5c,peter.dunne@parliament.govt.nz,"",https://twitter.com/PeterDunneMP,51,http://www.parliament.nz/en-nz/?document=51MP271
51MP271,Hon Peter Dunne,"Dunne, Peter",Labour Party,Ōhariu,https://www.parliament.nz/media/1285/dunne-peter5.C1fwxA.jpg,peter.dunne@parliament.govt.nz,"",https://twitter.com/PeterDunneMP,51,https://www.parliament.nz/en/mps-and-electorates/members-of-parliament/document/51MP271/dunne-peter
51MP2711,Clare Curran,"Curran, Clare",Labour Party,Dunedin South,https://www.parliament.nz/media/1279/curran-clare.C24gww.jpg,clare.curran@parliament.govt.nz,https://www.facebook.com/ClareCurranForDunedinSouth,https://twitter.com/ClareCurranMP,51,https://www.parliament.nz/en/mps-and-electorates/members-of-parliament/document/51MP2711/curran-clare
51MP2731,Nikki Kaye,"Kaye, Nikki",National Party,Auckland Central,http://www.parliament.nz//resource/en-NZ/51MP2731/bc4f3250d4866b268d6ff42792598082096c97a4,nikki.kaye@parliament.govt.nz,https://www.facebook.com/NikkiKayeMP,https://twitter.com/nikkikaye,51,http://www.parliament.nz/en-nz/?document=51MP2731
51MP2731,Hon Nikki Kaye,"Kaye, Nikki",National Party,Auckland Central,https://www.parliament.nz/media/1330/kaye-nikki.C1kn0A.jpg,nikki.kaye@parliament.govt.nz,https://www.facebook.com/NikkiKayeMP,https://twitter.com/nikkikaye,51,https://www.parliament.nz/en/mps-and-electorates/members-of-parliament/document/51MP2731/kaye-nikki
51MP2741,Melissa Lee,"Lee, Melissa",National Party,List,https://www.parliament.nz/media/1333/lee-melissa.C1kn0Q.jpg,Melissa.Lee@parliament.govt.nz,https://www.facebook.com/mpmelissalee,https://twitter.com/melissaleemp,51,https://www.parliament.nz/en/mps-and-electorates/members-of-parliament/document/51MP2741/lee-melissa
51MP2751,Iain Lees-Galloway,"Lees-Galloway, Iain",Labour Party,Palmerston North,https://www.parliament.nz/media/1334/lees-galloway-iain.C24YPg.jpg,iain.lees-galloway@parliament.govt.nz,https://www.facebook.com/ileesgalloway,https://twitter.com/iainlg,51,https://www.parliament.nz/en/mps-and-electorates/members-of-parliament/document/51MP2751/lees-galloway-iain
51MP2761,Peseta Sam Lotu-Iiga,"Lotu-Iiga, Peseta Sam",National Party,Maungakiekie,http://www.parliament.nz//resource/en-NZ/51MP2761/a27fdc4225829b9a116496912dadc114e77f481b,peseta.sam.lotu-iiga@parliament.govt.nz,https://www.facebook.com/pesetasam.lotuiiga,https://twitter.com/MaungakiekieSAM,51,http://www.parliament.nz/en-nz/?document=51MP2761
51MP2761,Hon Peseta Sam Lotu-Iiga,"Lotu-Iiga, Peseta Sam",National Party,Maungakiekie,https://www.parliament.nz/media/1337/lotu-iiga-pesetasam.C1kn0Q.jpg,peseta.sam.lotu-iiga@parliament.govt.nz,https://www.facebook.com/pesetasam.lotuiiga,https://twitter.com/MaungakiekieSAM,51,https://www.parliament.nz/en/mps-and-electorates/members-of-parliament/document/51MP2761/lotu-iiga-peseta-sam
51MP2781,Louise Upston,"Upston, Louise",National Party,Taupō,http://www.parliament.nz//resource/en-NZ/51MP2781/517c043d6e93e1c6447b732e9f9927fc52f65ca5,louise.upston@parliament.govt.nz,https://www.facebook.com/louise.upston,https://twitter.com/LouiseUpston,51,http://www.parliament.nz/en-nz/?document=51MP2781
51MP2781,Hon Louise Upston,"Upston, Louise",National Party,Taupo,https://www.parliament.nz/media/1389/upston-louise.C9uFGw.jpg,louise.upston@parliament.govt.nz,https://www.facebook.com/louise.upston,https://twitter.com/LouiseUpston,51,https://www.parliament.nz/en/mps-and-electorates/members-of-parliament/document/51MP2781/upston-louise
51MP2791,Jonathan Young,"Young, Jonathan",National Party,New Plymouth,https://www.parliament.nz/media/1398/young-jonathan2.C1kn2g.jpg,jonathan.young@parliament.govt.nz,https://www.facebook.com/jonathan.youngmp ,https://twitter.com/JonathanYoungMP,51,https://www.parliament.nz/en/mps-and-electorates/members-of-parliament/document/51MP2791/young-jonathan
51MP2801,Todd McClay,"McClay, Todd",National Party,Rotorua,http://www.parliament.nz//resource/en-NZ/51MP2801/356e9056724ce93676f3a157e30045e68137839a,todd.mcclay@parliament.govt.nz,https://www.facebook.com/Todd.McClay.MP,"",51,http://www.parliament.nz/en-nz/?document=51MP2801
51MP2801,Hon Todd McClay,"McClay, Todd",National Party,Rotorua,https://www.parliament.nz/media/1346/mcclay-todd.C1kn0w.jpg,todd.mcclay@parliament.govt.nz,https://www.facebook.com/Todd.McClay.MP,"",51,https://www.parliament.nz/en/mps-and-electorates/members-of-parliament/document/51MP2801/mcclay-todd
51MP2811,Grant Robertson,"Robertson, Grant",Labour Party,Wellington Central,https://www.parliament.nz/media/1367/robertson-grant.C1kn1g.jpg,grant.robertson@parliament.govt.nz,https://www.facebook.com/GrantRobertsonLabour ,https://twitter.com/grantrobertson1,51,https://www.parliament.nz/en/mps-and-electorates/members-of-parliament/document/51MP2811/robertson-grant
51MP2831,Kanwaljit Singh Bakshi,"Bakshi, Kanwaljit Singh",National Party,List,https://www.parliament.nz/media/1259/bakshi-kanwaljitsingh3.C1fwwg.jpg,KanwaljitSingh.Bakshi@parliament.govt.nz,https://www.facebook.com/Bakshiks,https://twitter.com/Bakshiks,51,https://www.parliament.nz/en/mps-and-electorates/members-of-parliament/document/51MP2831/bakshi-kanwaljit-singh
51MP2871,Chris Hipkins,"Hipkins, Chris",Labour Party ,Rimutaka,https://www.parliament.nz/media/1304/hipkins-chris5.C1fwxg.jpg,chris.hipkins@parliament.govt.nz,https://www.facebook.com/chrishipkins,https://twitter.com/chrishipkins,51,https://www.parliament.nz/en/mps-and-electorates/members-of-parliament/document/51MP2871/hipkins-chris
51MP2901,Kevin Hague,"Hague, Kevin",Green Party,List,https://www.parliament.nz/media/1302/hague-kevin5.C1fwxg.jpg,kevin.hague@parliament.govt.nz,https://www.facebook.com/kevin.hague1,https://twitter.com/KevinHague ,51,https://www.parliament.nz/en/mps-and-electorates/members-of-parliament/document/51MP2901/hague-kevin
51MP291,Ruth Dyson,"Dyson, Ruth",Labour Party,Port Hills,http://www.parliament.nz//resource/en-NZ/51MP291/414bc66517d26bc4492407f110f23dc626745a24,ruth.dyson@parliament.govt.nz,https://www.facebook.com/ruthdyson.labour ,https://twitter.com/RuthDysonMP,51,http://www.parliament.nz/en-nz/?document=51MP291
51MP291,Hon Ruth Dyson,"Dyson, Ruth",Labour Party,Lyttleton,https://www.parliament.nz/media/1287/dyson-ruth5.C1fwxQ.jpg,ruth.dyson@parliament.govt.nz,https://www.facebook.com/ruthdyson.labour ,https://twitter.com/RuthDysonMP,51,https://www.parliament.nz/en/mps-and-electorates/members-of-parliament/document/51MP291/dyson-ruth
51MP2921,Tim Macindoe,"Macindoe, Tim",National Party,Hamilton West,https://www.parliament.nz/media/1338/macindoe-tim.C1kn0Q.jpg,tim.macindoe@parliament.govt.nz,https://www.facebook.com/TimMacindoeMP,https://twitter.com/timmacindoe,51,https://www.parliament.nz/en/mps-and-electorates/members-of-parliament/document/51MP2921/macindoe-tim
51MP2931,Stuart Nash,"Nash, Stuart",Labour Party,List,https://www.parliament.nz/media/1356/nash-stuart.C1kn1Q.jpg,stuart.nash@parliament.govt.nz,"","",51,https://www.parliament.nz/en/mps-and-electorates/members-of-parliament/document/51MP2931/nash-stuart
51MP2941,Hekia Parata,"Parata, Hekia",National Party,List,http://www.parliament.nz//resource/en-NZ/51MP2941/20070ef1e5d879c602306064b5df0cb3e6c4906a,hekia.parata@parliament.govt.nz,https://www.facebook.com/hekia.parata,https://twitter.com/hekiaparata,51,http://www.parliament.nz/en-nz/?document=51MP2941
51MP2941,Hon Hekia Parata,"Parata, Hekia",National Party,List,https://www.parliament.nz/media/1360/parata-hekia.C246Kg.jpg,hekia.parata@parliament.govt.nz,https://www.facebook.com/hekia.parata,https://twitter.com/hekiaparata,51,https://www.parliament.nz/en/mps-and-electorates/members-of-parliament/document/51MP2941/parata-hekia
51MP2971,Carmel Sepuloni,"Sepuloni, Carmel",Labour Party,Kelston,http://www.parliament.nz//resource/en-NZ/51MP2971/4816e25608b92c7756efe5ce1ea85ebafe3802be,carmel.sepuloni@parliament.govt.nz,"",https://twitter.com/CarmelSepuloni,51,http://www.parliament.nz/en-nz/?document=51MP2971
51MP2971,Carmel Sepuloni ,"Sepuloni, Carmel",Labour Party,List,https://www.parliament.nz/media/1374/sepuloni-carmel.C1kn1g.jpg,carmel.sepuloni@parliament.govt.nz,"",https://twitter.com/CarmelSepuloni,51,https://www.parliament.nz/en/mps-and-electorates/members-of-parliament/document/51MP2971/sepuloni-carmel
51MP2981,Phil Twyford,"Twyford, Phil",Labour Party,Te Atatū,https://www.parliament.nz/media/1388/twyford-phil.C24e-w.jpg,phil.twyford@parliament.govt.nz,https://www.facebook.com/phil.twyford.1 ,https://twitter.com/PhilTwyford,51,https://www.parliament.nz/en/mps-and-electorates/members-of-parliament/document/51MP2981/twyford-phil
51MP2991,Michael Woodhouse,"Woodhouse, Michael",National Party,List,http://www.parliament.nz//resource/en-NZ/51MP2991/debae367974f9e336beecb5254cfaa5658033220,Michael.Woodhouse@parliament.govt.nz,https://www.facebook.com/michael.woodhousemp ,https://twitter.com/WoodhouseMP,51,http://www.parliament.nz/en-nz/?document=51MP2991
51MP2991,Hon Michael Woodhouse,"Woodhouse, Michael",National Party,List,https://www.parliament.nz/media/1396/woodhouse-michael2.C1kn2Q.jpg,Michael.Woodhouse@parliament.govt.nz,https://www.facebook.com/michael.woodhousemp ,https://twitter.com/WoodhouseMP,51,https://www.parliament.nz/en/mps-and-electorates/members-of-parliament/document/51MP2991/woodhouse-michael
51MP3001,Catherine Delahunty,"Delahunty, Catherine",Green Party,List,https://www.parliament.nz/media/1283/delahunty-catherine5.C1fwxA.jpg,catherine.delahunty@parliament.govt.nz,https://www.facebook.com/catherine.delahunty,https://twitter.com/greencatherine,51,https://www.parliament.nz/en/mps-and-electorates/members-of-parliament/document/51MP3001/delahunty-catherine
51MP3011,Jacinda Ardern,"Ardern, Jacinda",Labour Party,List,https://www.parliament.nz/media/1234/ardern-jacinda.C1arZA.jpg,jacinda.ardern@parliament.govt.nz,https://www.facebook.com/jacindaardern,https://twitter.com/jacindaardern,51,https://www.parliament.nz/en/mps-and-electorates/members-of-parliament/document/51MP3011/ardern-jacinda
51MP3031,Kennedy Graham,"Graham, Kennedy",Green Party,List,http://www.parliament.nz//resource/en-NZ/51MP3031/df0ca1e218f528cc621467dbb4c10f0ec927c11c,kennedy.graham@parliament.govt.nz,https://www.facebook.com/kennedygrahammp,https://twitter.com/KennedyGraham ,51,http://www.parliament.nz/en-nz/?document=51MP3031
51MP3031,Dr Kennedy Graham,"Graham, Kennedy",Green Party,List,https://www.parliament.nz/media/1299/graham-kennedy5.C1fwxQ.jpg,kennedy.graham@parliament.govt.nz,https://www.facebook.com/kennedygrahammp,https://twitter.com/KennedyGraham ,51,https://www.parliament.nz/en/mps-and-electorates/members-of-parliament/document/51MP3031/graham-kennedy
51MP3051,David Shearer,"Shearer, David",Labour Party,Mt Albert,https://www.parliament.nz/media/1381/shearer-david.C1kn1w.jpg,david.shearer@parliament.govt.nz,https://www.facebook.com/davidshearernz,https://twitter.com/DavidShearerMP ,51,https://www.parliament.nz/en/mps-and-electorates/members-of-parliament/document/51MP3051/shearer-david
51MP3061,David Clendon,"Clendon, David",Green Party,List,https://www.parliament.nz/media/2059/clendon-david.C24Xiw.jpg,david.clendon@parliament.govt.nz,https://www.facebook.com/david.clendon,https://twitter.com/davidclendon ,51,https://www.parliament.nz/en/mps-and-electorates/members-of-parliament/document/51MP3061/clendon-david
51MP3071,Gareth Hughes,"Hughes, Gareth",Green Party,List,https://www.parliament.nz/media/1307/hughes-gareth.C24YEg.jpg,gareth.hughes@parliament.govt.nz, https://www.facebook.com/garethhughesmp,https://twitter.com/GarethMP,51,https://www.parliament.nz/en/mps-and-electorates/members-of-parliament/document/51MP3071/hughes-gareth
51MP3091,Kris Faafoi,"Faafoi, Kris",Labour Party,Mana,https://www.parliament.nz/media/1289/faafoi-kris.C24c5w.jpg,kris.faafoi@parliament.govt.nz,https://www.facebook.com/krisfaafoimp,https://twitter.com/KrisinMana,51,https://www.parliament.nz/en/mps-and-electorates/members-of-parliament/document/51MP3091/faafoi-kris
51MP3101,Jami-Lee Ross,"Ross, Jami-Lee",National Party,Botany,https://www.parliament.nz/media/1371/ross-jami-lee.C24asA.jpg,jami-lee.ross@parliament.govt.nz,https://www.facebook.com/jami.lee.ross,https://twitter.com/jamileeross,51,https://www.parliament.nz/en/mps-and-electorates/members-of-parliament/document/51MP3101/ross-jami-lee
51MP3121,Maggie Barry,"Barry, Maggie",National Party,North Shore,http://www.parliament.nz//resource/en-NZ/51MP3121/6e771d8a3eed4ae0c4c3273933e8355f6facf2d8,Maggie.Barry@parliament.govt.nz,https://www.facebook.com/maggiebarrynz,https://twitter.com/maggiebarry,51,http://www.parliament.nz/en-nz/?document=51MP3121
51MP3121,Hon Maggie Barry,"Barry, Maggie",National Party,North Shore,https://www.parliament.nz/media/2005/barry-maggie.C2pYfw.jpg,Maggie.Barry@parliament.govt.nz,https://www.facebook.com/maggiebarrynz,https://twitter.com/maggiebarry,51,https://www.parliament.nz/en/mps-and-electorates/members-of-parliament/document/51MP3121/barry-maggie
51MP3131,Steffan Browning,"Browning, Steffan",Green Party,List,https://www.parliament.nz/media/1270/browning-steffan.C244Ng.jpg,steffan.browning@parliament.govt.nz,https://www.facebook.com/steffanbrowningmp,https://twitter.com/SteffanBrowning,51,https://www.parliament.nz/en/mps-and-electorates/members-of-parliament/document/51MP3131/browning-steffan
51MP3141,David Clark,"Clark, David",Labour Party,Dunedin North,http://www.parliament.nz//resource/en-NZ/51MP3141/0cdc8dd798a931a078a9aea5b5489332d2ea5f1a,david.clark@parliament.govt.nz,https://www.facebook.com/DavidClarkMP/,https://twitter.com/DavidClarkNZ,51,http://www.parliament.nz/en-nz/?document=51MP3141
51MP3141,Dr David Clark,"Clark, David",Labour Party,Dunedin North,https://www.parliament.nz/media/1272/clark-david3.C1fwxA.jpg,david.clark@parliament.govt.nz,https://www.facebook.com/DavidClarkMP/,https://twitter.com/DavidClarkNZ,51,https://www.parliament.nz/en/mps-and-electorates/members-of-parliament/document/51MP3141/clark-david
51MP3151,Julie Anne Genter,"Genter, Julie Anne",Green Party,List,https://www.parliament.nz/media/1294/genter-julie-anne5.C1fwxQ.jpg,julieanne.genter@parliament.govt.nz,https://www.facebook.com/julie.a.genter,https://twitter.com/JulieAnneGenter ,51,https://www.parliament.nz/en/mps-and-electorates/members-of-parliament/document/51MP3151/genter-julie-anne
51MP3161,Paul Goldsmith,"Goldsmith, Paul",National Party,List,http://www.parliament.nz//resource/en-NZ/51MP3161/4a8a6e90f394ab8bea044c3a8c259105d75edad9,paul.goldsmith@parliament.govt.nz,https://www.facebook.com/PaulGoldsmithNZ,https://twitter.com/PaulGoldsmithMP,51,http://www.parliament.nz/en-nz/?document=51MP3161
51MP3161,Hon Paul Goldsmith,"Goldsmith, Paul",National Party,List,https://www.parliament.nz/media/1297/goldsmith-paul5.C1fwxQ.jpg,paul.goldsmith@parliament.govt.nz,https://www.facebook.com/PaulGoldsmithNZ,https://twitter.com/PaulGoldsmithMP,51,https://www.parliament.nz/en/mps-and-electorates/members-of-parliament/document/51MP3161/goldsmith-paul
51MP3181,Andrew Little,"Little, Andrew",Labour Party,List,https://www.parliament.nz/media/1340/little-andrew.C1kn0g.jpg,andrew.little@parliament.govt.nz,https://www.facebook.com/AndrewLittleLabour,https://twitter.com/AndrewLittleMP,51,https://www.parliament.nz/en/mps-and-electorates/members-of-parliament/document/51MP3181/little-andrew
51MP3191,Jan Logie,"Logie, Jan",Green Party,List,https://www.parliament.nz/media/1339/logie-jan.C1kn0g.jpg,jan.logie@parliament.govt.nz,https://www.facebook.com/jan.logie,https://twitter.com/janlogie,51,https://www.parliament.nz/en/mps-and-electorates/members-of-parliament/document/51MP3191/logie-jan
51MP321,Bill English,"English, Bill",National Party,List,http://www.parliament.nz//resource/en-NZ/51MP321/83f0f7a7f9952e822992665929b2a7e98edb9f14,bill.english@Parliament.govt.nz,https://www.facebook.com/honbillenglish,https://twitter.com/honbillenglish,51,http://www.parliament.nz/en-nz/?document=51MP321
51MP321,Hon Bill English,"English, Bill",National Party,Wallace,https://www.parliament.nz/media/1286/english-bill5.C1fwxA.jpg,bill.english@Parliament.govt.nz,https://www.facebook.com/honbillenglish,https://twitter.com/honbillenglish,51,https://www.parliament.nz/en/mps-and-electorates/members-of-parliament/document/51MP321/english-bill
51MP3211,Tracey Martin,"Martin, Tracey",NZ First ,List ,https://www.parliament.nz/media/2045/martin-tracey.C2u8ZQ.jpg,tracey.martin@parliament.govt.nz,https://www.facebook.com/tracey.martinmp?fref=ts,https://twitter.com/traceymartinmp,51,https://www.parliament.nz/en/mps-and-electorates/members-of-parliament/document/51MP3211/martin-tracey
51MP3221,Richard Prosser,"Prosser, Richard",NZ First,List,https://www.parliament.nz/media/1364/prosser-richard.C1kn1Q.jpg,richard.prosser@parliament.govt.nz,http://www.facebook.com/richard.prosser1,http://twitter.com/richard_prosser,51,https://www.parliament.nz/en/mps-and-electorates/members-of-parliament/document/51MP3221/prosser-richard
51MP3231,Denise Roche,"Roche, Denise",Green Party,List,https://www.parliament.nz/media/1368/roche-denise.C1kn1g.jpg,denise.roche@parliament.govt.nz,https://www.facebook.com/denise.roche.372,https://twitter.com/DeniseRocheMP,51,https://www.parliament.nz/en/mps-and-electorates/members-of-parliament/document/51MP3231/roche-denise
51MP3251,Eugenie Sage,"Sage, Eugenie",Green Party,List,https://www.parliament.nz/media/1370/sage-eugenie.C1kn1g.jpg,eugenie.sage@parliament.govt.nz,https://www.facebook.com/eugenie.sage,https://twitter.com/EugenieSage ,51,https://www.parliament.nz/en/mps-and-electorates/members-of-parliament/document/51MP3251/sage-eugenie
51MP3261,Mojo Mathers,"Mathers, Mojo",Green Party,List,https://www.parliament.nz/media/2215/mathers-mojo.C25WeA.jpg,Mojo.Mathers@parliament.govt.nz,https://www.facebook.com/mojo.mathers.7,https://twitter.com/mojomathers,51,https://www.parliament.nz/en/mps-and-electorates/members-of-parliament/document/51MP3261/mathers-mojo
51MP3271,Ian McKelvie,"McKelvie, Ian",National Party,Rangitikei,https://www.parliament.nz/media/1351/mckelvie-ian.C1kn1A.jpg,ian.mckelvie@parliament.govt.nz,https://www.facebook.com/ian.mckelvie.18,https://twitter.com/ianmckelviemp,51,https://www.parliament.nz/en/mps-and-electorates/members-of-parliament/document/51MP3271/mckelvie-ian
51MP3281,Mark Mitchell,"Mitchell, Mark",National Party,Rodney,https://www.parliament.nz/media/1350/mitchell-mark.C24eAg.jpg,Mark.Mitchell@parliament.govt.nz,https://www.facebook.com/markmitchellmp,https://twitter.com/MarkMitchellMP,51,https://www.parliament.nz/en/mps-and-electorates/members-of-parliament/document/51MP3281/mitchell-mark
51MP3291,Alfred Ngaro,"Ngaro, Alfred",National Party,List,https://www.parliament.nz/media/1354/ngaro-alfred.DEopzw.jpg,alfred.ngaro@parliament.govt.nz,https://www.facebook.com/alfred.ngaro,https://twitter.com/AlfredNgaroMP,51,https://www.parliament.nz/en/mps-and-electorates/members-of-parliament/document/51MP3291/ngaro-alfred
51MP3301,Simon O'Connor,"O'Connor, Simon",National Party,Tāmaki,http://www.parliament.nz//resource/en-NZ/51MP3301/d5d7e89b1355dcc778fe1456577e9ab9856e14dc,simon.oconnor@parliament.govt.nz,http://www.facebook.com/SimonOConnorMP,https://twitter.com/SimonOConnorMP,51,http://www.parliament.nz/en-nz/?document=51MP3301
51MP3301,Simon O’Connor,"O'Connor, Simon",National Party,Tāmaki,https://www.parliament.nz/media/1357/oconnor-simon.C1kn1Q.jpg,simon.oconnor@parliament.govt.nz,http://www.facebook.com/SimonOConnorMP,https://twitter.com/SimonOConnorMP,51,https://www.parliament.nz/en/mps-and-electorates/members-of-parliament/document/51MP3301/oconnor-simon
51MP3311,Denis O’Rourke,"O'Rourke, Denis",NZ First,List,https://www.parliament.nz/media/1359/orourke-denis.C1kn1Q.jpg,denis.orourke@parliament.govt.nz,"","",51,https://www.parliament.nz/en/mps-and-electorates/members-of-parliament/document/51MP3311/orourke-denis
51MP3321,Scott Simpson,"Simpson, Scott",National Party,Coromandel,https://www.parliament.nz/media/1377/simpson-scott.C1kn1w.jpg,scott.simpson@parliament.govt.nz,https://www.facebook.com/scottsimpsonmp,https://twitter.com/ScottSimpsonMP,51,https://www.parliament.nz/en/mps-and-electorates/members-of-parliament/document/51MP3321/simpson-scott
51MP3351,Megan Woods,"Woods, Megan",Labour Party,Wigram,http://www.parliament.nz//resource/en-NZ/51MP3351/a4145d0269f59d1699791f73f41f903c2e67c063,Megan.Woods@parliament.govt.nz,https://www.facebook.com/megancwoods,https://twitter.com/Megan_Woods,51,http://www.parliament.nz/en-nz/?document=51MP3351
51MP3351,Dr Megan Woods,"Woods, Megan",Labour Party,Wigram,https://www.parliament.nz/media/1397/woods-megan2.C1kn2g.jpg,Megan.Woods@parliament.govt.nz,https://www.facebook.com/megancwoods,https://twitter.com/Megan_Woods,51,https://www.parliament.nz/en/mps-and-electorates/members-of-parliament/document/51MP3351/woods-megan
51MP3361,Jian Yang,"Yang, Jian",National Party,List,http://www.parliament.nz//resource/en-NZ/51MP3361/6c2c7e81d1ad244636d2b567b69f4bc03c14a5af,jian.yang@parliament.govt.nz,https://www.facebook.com/JianYangMP,"",51,http://www.parliament.nz/en-nz/?document=51MP3361
51MP3361,Dr Jian Yang,"Yang, Jian",National Party,List,https://www.parliament.nz/media/1399/yang-jian2.C1kn2g.jpg,jian.yang@parliament.govt.nz,https://www.facebook.com/JianYangMP,"",51,https://www.parliament.nz/en/mps-and-electorates/members-of-parliament/document/51MP3361/yang-jian
51MP3371,Rino Tirikatene,"Tirikatene, Rino",Labour Party,Te Tai Tonga,https://www.parliament.nz/media/1384/tirikatene-rino.C24jZA.jpg,rino.tirikatene@parliament.govt.nz,https://www.facebook.com/rino.tirikatene.3,https://twitter.com/RinoTirikatene,51,https://www.parliament.nz/en/mps-and-electorates/members-of-parliament/document/51MP3371/tirikatene-rino
51MP3381,Paul Foster-Bell,"Foster-Bell, Paul",National Party,List,https://www.parliament.nz/media/1292/foster-bell-paul5.C1fwxQ.jpg,paul.foster-bell@parliament.govt.nz,https://www.facebook.com/PaulFosterBellMP,https://twitter.com/PARFosterBell,51,https://www.parliament.nz/en/mps-and-electorates/members-of-parliament/document/51MP3381/foster-bell-paul
51MP3401,Meka Whaitiri,"Whaitiri, Meka",Labour Party,Ikaroa-Rāwhiti,https://www.parliament.nz/media/1393/whaitiri-meka.C24cAQ.jpg,meka.whaitiri@parliament.govt.nz,https://www.facebook.com/MekaIkaroaRawhiti,"",51,https://www.parliament.nz/en/mps-and-electorates/members-of-parliament/document/51MP3401/whaitiri-meka
51MP3411,Joanne Hayes,"Hayes, Joanne",National Party,List,https://www.parliament.nz/media/1303/hayes-joanne.C24Zog.jpg,Joanne.Hayes@parliament.govt.nz,"",https://twitter.com/jo_hayes1 ,51,https://www.parliament.nz/en/mps-and-electorates/members-of-parliament/document/51MP3411/hayes-joanne
51MP3421,Poto Williams,"Williams, Poto",Labour Party,Christchurch East,https://www.parliament.nz/media/1394/willams-poto2.C1kn2Q.jpg,poto.williams@parliament.govt.nz,https://www.facebook.com/poto.williams.7,https://twitter.com/PotoChchEast ,51,https://www.parliament.nz/en/mps-and-electorates/members-of-parliament/document/51MP3421/williams-poto
51MP3431,Kelvin Davis,"Davis, Kelvin",Labour Party,List,https://www.parliament.nz/media/2032/davis-kelvin.C2ub1Q.jpg,Kelvin.Davis@parliament.govt.nz,https://www.facebook.com/KelvinDavisLabour,https://twitter.com/NgatiBird,51,https://www.parliament.nz/en/mps-and-electorates/members-of-parliament/document/51MP3431/davis-kelvin
51MP3441,David Seymour,"Seymour, David",Act Party,Epsom,https://www.parliament.nz/media/2066/seymour-david.C20D8g.jpg,david.seymour@parliament.govt.nz,https://www.facebook.com/davidseymourACT,https://twitter.com/dbseymour,51,https://www.parliament.nz/en/mps-and-electorates/members-of-parliament/document/51MP3441/seymour-david
51MP3451,Marama Fox,"Fox, Marama",Māori Party,List,https://www.parliament.nz/media/1293/fox-marama.C24ZbA.jpg,marama.fox@parliament.govt.nz,https://www.facebook.com/MaramaFox9 ,https://twitter.com/FoxMarama,51,https://www.parliament.nz/en/mps-and-electorates/members-of-parliament/document/51MP3451/fox-marama
51MP3461,Peeni Henare,"Henare, Peeni",Labour Party,Tāmaki Makaurau,https://www.parliament.nz/media/1305/henare-peeni5.C1fwxg.jpg,peeni.henare@parliament.govt.nz,https://www.facebook.com/PeeniHenareLabour,https://twitter.com/PeeniHenare,51,https://www.parliament.nz/en/mps-and-electorates/members-of-parliament/document/51MP3461/henare-peeni
51MP3471,Todd Barclay,"Barclay, Todd",National Party,Clutha-Southland,https://www.parliament.nz/media/2062/barclay-todd.C2zMPg.jpg,todd.barclay@parliament.govt.nz,https://www.facebook.com/CStoddbarclay,https://twitter.com/ToddBarclayMP,51,https://www.parliament.nz/en/mps-and-electorates/members-of-parliament/document/51MP3471/barclay-todd
51MP3481,Adrian Rurawhe,"Rurawhe, Adrian",Labour Party,Te Tai Hauāuru,https://www.parliament.nz/media/1369/ruruwhe-adrian.DEpzwA.jpg,Adrian.rurawhe@parliament.govt.nz,https://www.facebook.com/RurawheAdrian,https://twitter.com/adrianrurawhe,51,https://www.parliament.nz/en/mps-and-electorates/members-of-parliament/document/51MP3481/rurawhe-adrian
51MP3491,Alastair Scott,"Scott, Alastair",National Party,Wairarapa,https://www.parliament.nz/media/1373/scott-alastair.C24a-w.jpg,Alastair.scott@parliament.govt.nz,https://www.facebook.com/alastairscottforwairarapa/,https://twitter.com/ascottwairarapa,51,https://www.parliament.nz/en/mps-and-electorates/members-of-parliament/document/51MP3491/scott-alastair
51MP3501,Andrew Bayly,"Bayly, Andrew",National Party,Hunua,https://www.parliament.nz/media/1260/bayly-andrew.C24cgg.jpg,Andrew.bayly@parliament.govt.nz,https://www.facebook.com/AndrewBaylyMP,"",51,https://www.parliament.nz/en/mps-and-electorates/members-of-parliament/document/51MP3501/bayly-andrew
51MP3511,Barbara Kuriger,"Kuriger, Barbara",National Party,Taranaki-King Country,https://www.parliament.nz/media/1335/kuriger-barbara.C24X4g.jpg,Barbara.Kuriger@parliament.govt.nz,https://www.facebook.com/barbara.kuriger ,https://twitter.com/BarbaraKuriger ,51,https://www.parliament.nz/en/mps-and-electorates/members-of-parliament/document/51MP3511/kuriger-barbara
51MP3521,Brett Hudson,"Hudson, Brett",National Party,List,https://www.parliament.nz/media/1306/hudson-brett.C24XuQ.jpg,brett.hudson@parliament.govt.nz,https://www.facebook.com/bretthudson.national,https://twitter.com/bhudson_nz,51,https://www.parliament.nz/en/mps-and-electorates/members-of-parliament/document/51MP3521/hudson-brett
51MP3531,Chris Bishop,"Bishop, Chris",National Party,List,https://www.parliament.nz/media/2030/bishop-chris.C2uZGg.jpg,chris.bishop@parliament.govt.nz,https://www.facebook.com/chrisbishopmp,https://twitter.com/cjsbishop,51,https://www.parliament.nz/en/mps-and-electorates/members-of-parliament/document/51MP3531/bishop-chris
51MP3541,Clayton Mitchell,"Mitchell, Clayton",NZ First,List,https://www.parliament.nz/media/1348/mitchell-clayton.C24h7Q.jpg,clayton.mitchell@parliament.govt.nz,https://www.facebook.com/seemitchell,https://twitter.com/nz_first,51,https://www.parliament.nz/en/mps-and-electorates/members-of-parliament/document/51MP3541/mitchell-clayton
51MP3551,Darroch Ball,"Ball, Darroch",NZ First,List,https://www.parliament.nz/media/2047/ball-darroch.C2vEXw.jpg,Darroch.Ball@parliament.govt.nz,https://www.facebook.com/darroch.ball,https://twitter.com/darrochball,51,https://www.parliament.nz/en/mps-and-electorates/members-of-parliament/document/51MP3551/ball-darroch
51MP3561,Fletcher Tabuteau,"Tabuteau , Fletcher",NZ First,List,https://www.parliament.nz/media/1383/tabuteau-fletcher2.C1kn2A.jpg,fletcher.Tabuteau@parliament.govt.nz,https://www.facebook.com/tabuteaunzfirst,https://twitter.com/TabuteauNZFirst,51,https://www.parliament.nz/en/mps-and-electorates/members-of-parliament/document/51MP3561/tabuteau-fletcher
51MP3571,James Shaw,"Shaw, James",Green Party,List,https://www.parliament.nz/media/1376/shaw-james.C24bIA.jpg,james.shaw@parliament.govt.nz,https://www.facebook.com/JamesShawMP ,https://twitter.com/jamespeshaw,51,https://www.parliament.nz/en/mps-and-electorates/members-of-parliament/document/51MP3571/shaw-james
51MP3581,Jenny Salesa,"Salesa, Jenny",Labour Party,Manukau East,https://www.parliament.nz/media/2216/salesa-jenny.C25Xcw.jpg,jenny.salesa@parliament.govt.nz,https://www.facebook.com/jenny.salesa.labour,https://twitter.com/JennySalesa,51,https://www.parliament.nz/en/mps-and-electorates/members-of-parliament/document/51MP3581/salesa-jenny
51MP3591,Jono Naylor,"Naylor, Jono",National Party,List,https://www.parliament.nz/media/1355/naylor-jono.C1kn1Q.jpg,Jono.naylor@parliament.govt.nz,https://www.facebook.com/jononaylor1,https://twitter.com/jono_naylor,51,https://www.parliament.nz/en/mps-and-electorates/members-of-parliament/document/51MP3591/naylor-jono
51MP3601,Mahesh Bindra,"Bindra, Mahesh",NZ First,List,https://www.parliament.nz/media/2052/bindra-mahesh.C2yqKw.jpg,Mahesh.bindra@parliament.govt.nz,https://www.facebook.com/mahesh.bindra.7,https://twitter.com/MaheshBindra,51,https://www.parliament.nz/en/mps-and-electorates/members-of-parliament/document/51MP3601/bindra-mahesh
51MP3611,Matt Doocey,"Doocey, Matt",National Party,Waimakariri,https://www.parliament.nz/media/2035/doocey-matt.C2ucpA.jpg,matt.doocey@parliament.govt.nz,https://www.facebook.com/MattDoocey.Christchurch,"",51,https://www.parliament.nz/en/mps-and-electorates/members-of-parliament/document/51MP3611/doocey-matt
51MP3621,Nuk Korako,"Korako, Tutehounuku (Nuk)",National Party,List,http://www.parliament.nz//resource/en-NZ/51MP3621/0e3fbf77e05d17b44400755b5775fdd9c4241124,Nuk.Korako@parliament.govt.nz,https://www.facebook.com/nukkorako.PortHills,"",51,http://www.parliament.nz/en-nz/?document=51MP3621
51MP3621,Tutehounuku (Nuk) Korako,"Korako, Tutehounuku (Nuk)",National Party,List,https://www.parliament.nz/media/1336/korako-nuk.C9vI5g.jpg,Nuk.Korako@parliament.govt.nz,https://www.facebook.com/nukkorako.PortHills,"",51,https://www.parliament.nz/en/mps-and-electorates/members-of-parliament/document/51MP3621/korako-tutehounuku-nuk
51MP3631,Sarah Dowie,"Dowie, Sarah",National Party,Invercargill,https://www.parliament.nz/media/1284/dowie-sarah5.C1fwxA.jpg,sarah.dowie@parliament.govt.nz,https://www.facebook.com/SarahDowieInvercargill,https://twitter.com/NZsarahdowie ,51,https://www.parliament.nz/en/mps-and-electorates/members-of-parliament/document/51MP3631/dowie-sarah
51MP3641,Stuart Smith,"Smith, Stuart",National Party,List,https://www.parliament.nz/media/1379/smith-stuart.C1kn1w.jpg,Stuart.smith@parliament.govt.nz,https://www.facebook.com/stuart.smith.98284566 ,"",51,https://www.parliament.nz/en/mps-and-electorates/members-of-parliament/document/51MP3641/smith-stuart
51MP3651,Todd Muller,"Muller, Todd",National Party,Bay of Plenty,https://www.parliament.nz/media/1352/muller-todd.C24aBg.jpg,Todd.muller@parliament.govt.nz,https://www.facebook.com/ToddMullerMP/,https://twitter.com/toddmullerBoP,51,https://www.parliament.nz/en/mps-and-electorates/members-of-parliament/document/51MP3651/muller-todd
51MP3661,Parmjeet Parmar,"Parmar, Parmjeet",National Party,List,http://www.parliament.nz//resource/en-NZ/51MP3661/04ca2f6db239b9cd87fd23480b07fcb565036054,Parmjeet.Parmar@parliament.govt.nz,"","",51,http://www.parliament.nz/en-nz/?document=51MP3661
51MP3661,Dr Parmjeet Parmar,"Parmar, Parmjeet",National Party,List,https://www.parliament.nz/media/1363/parmar-parmjeet.C24aYQ.jpg,Parmjeet.Parmar@parliament.govt.nz,"","",51,https://www.parliament.nz/en/mps-and-electorates/members-of-parliament/document/51MP3661/parmar-parmjeet
51MP3671,Shane Reti,"Reti, Shane",National Party,Whangarei,http://www.parliament.nz//resource/en-NZ/51MP3671/47ae17ddd4f9d5bafd25036262e46a5387681353,shane.reti@parliament.govt.nz,https://www.facebook.com/drshanereti,"",51,http://www.parliament.nz/en-nz/?document=51MP3671
51MP3671,Dr Shane Reti,"Reti, Shane",National Party,Whangarei,https://www.parliament.nz/media/1365/reti-shane.C24aiA.jpg,shane.reti@parliament.govt.nz,https://www.facebook.com/drshanereti,"",51,https://www.parliament.nz/en/mps-and-electorates/members-of-parliament/document/51MP3671/reti-shane
51MP3681,Ria Bond,"Bond, Ria",NZ First,List,https://www.parliament.nz/media/2029/bond-ria.C2uYoQ.jpg,Ria.Bond@parliament.govt.nz,"",https://twitter.com/RiaBondMP,51,https://www.parliament.nz/en/mps-and-electorates/members-of-parliament/document/51MP3681/bond-ria
51MP3691,Maureen Pugh,"Pugh, Maureen",National Party,List,https://www.parliament.nz/media/1974/pugh-maureen.C2oGbg.png,maureen.pugh@parliament.govt.nz,https://www.facebook.com/wct.maureenpugh,https://twitter.com/mpformp,51,https://www.parliament.nz/en/mps-and-electorates/members-of-parliament/document/51MP3691/pugh-maureen
51MP3701,Marama Davidson,"Davidson, Marama",Green Party ,List,https://www.parliament.nz/media/1280/davidson-marama3.C1fwxA.jpg,Marama.Davidson@parliament.govt.nz,https://www.facebook.com/marama.davidson,https://twitter.com/MaramaDavidson,51,https://www.parliament.nz/en/mps-and-electorates/members-of-parliament/document/51MP3701/davidson-marama
51MP381,Phil Goff,"Goff, Phil",Labour Party,Mt Roskill,http://www.parliament.nz//resource/en-NZ/51MP381/3893769844499f5f34a017dfacb7bc92e2b2ab57,phil.goff@parliament.govt.nz,https://www.facebook.com/phil.goff.akld,https://twitter.com/phil_goff ,51,http://www.parliament.nz/en-nz/?document=51MP381
51MP381,Hon Phil Goff,"Goff, Phil",Labour Party,Roskill,https://www.parliament.nz/media/1295/goff-phil5.C1fwxQ.jpg,phil.goff@parliament.govt.nz,https://www.facebook.com/phil.goff.akld,https://twitter.com/phil_goff ,51,https://www.parliament.nz/en/mps-and-electorates/members-of-parliament/document/51MP381/goff-phil
51MP581,Annette King,"King, Annette",Labour Party,Rongotai,http://www.parliament.nz//resource/en-NZ/51MP581/7a02c0568f4930a87d24784b14ec40a3a25c3c4f,annette.king@parliament.govt.nz,https://www.facebook.com/annette.king.of.rongotai,https://twitter.com/annetterongotai ,51,http://www.parliament.nz/en-nz/?document=51MP581
51MP581,Hon Annette King,"King, Annette",Labour Party,Horowhenua,https://www.parliament.nz/media/1332/king-annette.C25U8g.jpg,annette.king@parliament.govt.nz,https://www.facebook.com/annette.king.of.rongotai,https://twitter.com/annetterongotai ,51,https://www.parliament.nz/en/mps-and-electorates/members-of-parliament/document/51MP581/king-annette
51MP661,Nanaia Mahuta,"Mahuta, Nanaia",Labour Party,Hauraki-Waikato,http://www.parliament.nz//resource/en-NZ/51MP661/0be9938c69a0e45fe6ad664eae524a466f18f458,nanaia.mahuta@parliament.govt.nz,https://www.facebook.com/nmahuta ,https://twitter.com/NanaiaMahuta ,51,http://www.parliament.nz/en-nz/?document=51MP661
51MP661,Hon Nanaia Mahuta,"Mahuta, Nanaia",Labour Party,List,https://www.parliament.nz/media/2213/mahuta-nanaia.C25VcA.jpg,nanaia.mahuta@parliament.govt.nz,https://www.facebook.com/nmahuta ,https://twitter.com/NanaiaMahuta ,51,https://www.parliament.nz/en/mps-and-electorates/members-of-parliament/document/51MP661/mahuta-nanaia
51MP671,Trevor Mallard,"Mallard, Trevor",Labour Party,Hutt South,http://www.parliament.nz//resource/en-NZ/51MP671/fa8edc6557a5c0426bb82572d503cedbd4c7a3f6,trevor.mallard@parliament.govt.nz,https://www.facebook.com/trevor.mallard1 ,https://twitter.com/TrevorMallard,51,http://www.parliament.nz/en-nz/?document=51MP671
51MP671,Hon Trevor Mallard,"Mallard, Trevor",Labour Party ,Hamilton West ,https://www.parliament.nz/media/1347/mallard-trevor.C1kn1A.jpg,trevor.mallard@parliament.govt.nz,https://www.facebook.com/trevor.mallard1 ,https://twitter.com/TrevorMallard,51,https://www.parliament.nz/en/mps-and-electorates/members-of-parliament/document/51MP671/mallard-trevor
51MP691,Ron Mark,"Mark, Ron",NZ First,List,https://www.parliament.nz/media/1342/mark-ron.C1kn0w.jpg,ron.mark@parliament.govt.nz,https://www.facebook.com/wairarapafirst#!/wairarapafirst,https://twitter.com/nz_first,51,https://www.parliament.nz/en/mps-and-electorates/members-of-parliament/document/51MP691/mark-ron
51MP731,Murray McCully,"McCully, Murray",National Party,East Coast Bays,http://www.parliament.nz//resource/en-NZ/51MP731/9a0b3362a57ca97965b5e7311fec8f5aca84b1c6,murray.mccully@parliament.govt.nz,"","",51,http://www.parliament.nz/en-nz/?document=51MP731
51MP731,Hon Murray McCully,"McCully, Murray",National Party,East Coast Bays,https://www.parliament.nz/media/1344/mccully-murray.C1kn0w.jpg,murray.mccully@parliament.govt.nz,"","",51,https://www.parliament.nz/en/mps-and-electorates/members-of-parliament/document/51MP731/mccully-murray
51MP831,Damien O'Connor,"O'Connor, Damien",Labour Party,West Coast-Tasman,http://www.parliament.nz//resource/en-NZ/51MP831/b1165a64fad4051d8d7fb29196a935f2789cc18e,damien.oconnor@parliament.govt.nz, https://www.facebook.com/damienoconnormp,https://twitter.com/DamienOConnorMP ,51,http://www.parliament.nz/en-nz/?document=51MP831
51MP831,Hon Damien O’Connor,"O'Connor, Damien",Labour Party,West Coast,https://www.parliament.nz/media/1358/oconnor-damien.C1kn1Q.jpg,damien.oconnor@parliament.govt.nz, https://www.facebook.com/damienoconnormp,https://twitter.com/DamienOConnorMP ,51,https://www.parliament.nz/en/mps-and-electorates/members-of-parliament/document/51MP831/oconnor-damien
51MP861,Winston Peters,"Peters, Winston",NZ First,Northland,http://www.parliament.nz//resource/en-NZ/51MP861/4b85cc5675dd00bb7bc04cc253d6afe4022b5b93,winston.peters@parliament.govt.nz,https://www.facebook.com/winstonpeters,https://twitter.com/winstonpeters,51,http://www.parliament.nz/en-nz/?document=51MP861
51MP861,Rt Hon Winston Peters,"Peters, Winston",National Party,Hunua,https://www.parliament.nz/media/1395/winston-peters2.C1kn2Q.jpg,winston.peters@parliament.govt.nz,https://www.facebook.com/winstonpeters,https://twitter.com/winstonpeters,51,https://www.parliament.nz/en/mps-and-electorates/members-of-parliament/document/51MP861/peters-winston
